Number,Hanzi,Pinyin,English,Part of Speech,First PoS,Eng pos,Level,Levels,example1_chinese,example1_pinyin,example1_english,example2_chinese,example2_pinyin,example2_english,example3_chinese,example3_pinyin,example3_english
1,爱,ài,to love; to like; affection,动 v.,动 v.,verb,1,1,我爱妈妈。,Wǒ ài māma.,I love my mom.,我爱喝茶。,Wǒ ài hē chá.,I love drinking tea.,他爱看电影。,Tā ài kàn diànyǐng.,He loves watching movies.
2,八,bā,eight,数 num.,数 num.,numeral,1,1,他今年八岁。,Tā jīnnián bā suì.,He is eight years old this year.,我们八点上班。,Wǒmen bā diǎn shàngbān.,We start work at eight.,我有八本书。,Wǒ yǒu bā běn shū.,I have eight books.
3,爸爸,bàba,father; dad,名 n.,名 n.,noun,1,1,这是我爸爸。,Zhè shì wǒ bàba.,This is my dad.,我爸爸在家。,Wǒ bàba zài jiā.,My dad is at home.,我爱我爸爸。,Wǒ ài wǒ bàba.,I love my dad.
4,吧,ba,suggestion particle; add to end of sentence to make it a suggestion,助 part.,助 part.,particle,1,1,我们去吃饭吧。,Wǒmen qù chī fàn ba.,Let’s go eat.,请坐吧。,Qǐng zuò ba.,Please have a seat.,明天再来吧。,Míngtiān zài lái ba.,Come again tomorrow.
5,白天,báitiān,daytime; during the day; day,名 n.,名 n.,noun,1,1,我白天上班。,Wǒ báitiān shàngbān.,I work during the day.,白天很热。,Báitiān hěn rè.,It is hot in the daytime.,他白天在学校。,Tā báitiān zài xuéxiào.,He is at school during the day.
6,百,bǎi,hundred,数 num.,数 num.,numeral,1,1,这件衣服一百元。,Zhè jiàn yīfu yì bǎi yuán.,This item of clothing costs one hundred yuan.,学校有三百个学生。,Xuéxiào yǒu sān bǎi gè xuéshēng.,The school has three hundred students.,我知道一百个汉字。,Wǒ zhīdào yì bǎi gè Hànzì.,I know one hundred Chinese characters.
7,半,bàn,half,数 num.; （副 adv.）,数 num.,numeral,1,1（4）,现在三点半。,Xiànzài sān diǎn bàn.,It is half past three.,我学习了半个小时。,Wǒ xuéxí le bàn gè xiǎoshí.,I studied for half an hour.,一半学生在学校，一半在家。,Yíbàn xuéshēng zài xuéxiào; yíbàn zài jiā.,Half of the students are at school; and half are at home.
8,包子,bāozi,bao,名 n.,名 n.,noun,1,1,我喜欢吃包子。,Wǒ xǐhuan chī bāozi.,I like eating steamed buns.,包子很好吃。,Bāozi hěn hǎochī.,Steamed buns taste good.,我想吃包子。,Wǒ xiǎng chī bāozi.,I want to eat steamed buns.
9,杯子,bēizi,cup; glass,名 n.,名 n.,noun,1,1,这是我的杯子。,Zhè shì wǒ de bēizi.,This is my cup.,杯子在桌子上。,Bēizi zài zhuōzi shàng.,The cup is on the table.,请给我一个杯子。,Qǐng gěi wǒ yí gè bēizi.,Please give me a cup.
10,本,běn,measure word for books,量 m.w.,量 m.w.,measure word,1,1,我有一本书。,Wǒ yǒu yì běn shū.,I have one book.,这本书很好看。,Zhè běn shū hěn hǎokàn.,This book is enjoyable to read.,你要哪本书？,Nǐ yào nǎ běn shū?,Which book do you want?
11,边,biān,side; edge; margin,名 n.; 后缀 suff.,名 n.,noun; suffix,1,1,学校这边有一个超市。,Xuéxiào zhèbiān yǒu yí gè chāoshì.,There is a supermarket on this side of the school.,医院在那边。,Yīyuàn zài nàbiān.,The hospital is over there.,请坐在我这边。,Qǐng zuò zài wǒ zhèbiān.,Please sit over here with me.
12,病,bìng,illness; disease; to fall ill,名 n.; 动 v.,名 n.,noun; verb,1,1,他病了，今天不上班。,Tā bìng le; jīntiān bú shàngbān.,He is sick and is not going to work today.,这个病要去医院看。,Zhège bìng yào qù yīyuàn kàn.,This illness needs medical attention at a hospital.,她的病好了。,Tā de bìng hǎo le.,She has recovered from her illness.
13,不,bù,no; not so; not,副 adv.,副 adv.,adverb,1,1,我不喝茶。,Wǒ bù hē chá.,I do not drink tea.,他不是老师。,Tā bú shì lǎoshī.,He is not a teacher.,今天不冷。,Jīntiān bù lěng.,It is not cold today.
14,不客气,búkèqi,you're welcome,叹 interj.,叹 interj.,expression,1,1,谢谢你。不客气。,Xièxie nǐ. Bú kèqi.,Thank you. You’re welcome.,不客气，这是我的工作。,Bú kèqi; zhè shì wǒ de gōngzuò.,You’re welcome; this is my job.,老师说不客气。,Lǎoshī shuō bú kèqi.,The teacher said; “You’re welcome.”
15,不要,búyào,don't!; must not,副 adv.,副 adv.,adverb,1,1,不要说话。,Búyào shuōhuà.,Do not talk.,不要喝太多茶。,Búyào hē tài duō chá.,Do not drink too much tea.,不要去那边。,Búyào qù nàbiān.,Do not go over there.
16,菜,cài,dish; vegetable; cuisine,名 n.,名 n.,noun,1,1,我喜欢吃菜。,Wǒ xǐhuan chī cài.,I like eating vegetables.,这个菜很好吃。,Zhège cài hěn hǎochī.,This dish is delicious.,妈妈正在做菜。,Māma zhèngzài zuò cài.,Mom is cooking.
17,茶,chá,tea; tea plant,名 n.,名 n.,noun,1,1,我喜欢喝茶。,Wǒ xǐhuan hē chá.,I like drinking tea.,请给我一杯茶。,Qǐng gěi wǒ yì bēi chá.,Please give me a cup of tea.,我想喝茶。,Wǒ xiǎng hē chá.,I want to drink tea.
18,唱,chàng,to sing; to call loudly; to chant,动 v.,动 v.,verb,1,1,我唱歌。,Wǒ chàng gē.,I sing songs.,她会唱歌。,Tā huì chàng gē.,She can sing.,我们也唱歌。,Wǒmen yě chàng gē.,We sing too.
19,超市,chāoshì,supermarket,名 n.,名 n.,noun,1,1,我去超市。,Wǒ qù chāoshì.,I go to the supermarket.,超市在那边。,Chāoshì zài nàbiān.,The supermarket is over there.,这个超市很大。,Zhège chāoshì hěn dà.,This supermarket is large.
20,车,chē,car; vehicle,名 n.,名 n.,noun,1,1,我坐车去学校。,Wǒ zuò chē qù xuéxiào.,I take the car to school.,车到了。,Chē dào le.,The car has arrived.,这是我的车。,Zhè shì wǒ de chē.,This is my car.
21,吃,chī,to eat; to consume; to eat at,动 v.,动 v.,verb,1,1,我吃米饭。,Wǒ chī mǐfàn.,I eat rice.,他想吃饺子。,Tā xiǎng chī jiǎozi.,He wants to eat dumplings.,我们在饭店吃饭。,Wǒmen zài fàndiàn chī fàn.,We eat at a restaurant.
22,出租车,chūzūchē,taxi; rental car,名 n.,名 n.,noun,1,1,我坐出租车去医院。,Wǒ zuò chūzūchē qù yīyuàn.,I take a taxi to the hospital.,出租车在那边。,Chūzūchē zài nàbiān.,The taxis are over there.,我们正在找出租车。,Wǒmen zhèngzài zhǎo chūzūchē.,We are looking for a taxi.
23,穿,chuān,to wear; to put on; to dress,动 v.,动 v.,verb,1,1,我穿新衣服。,Wǒ chuān xīn yīfu.,I am wearing new clothes.,她喜欢穿漂亮衣服。,Tā xǐhuan chuān piàoliang yīfu.,She likes wearing pretty clothes.,天气冷，多穿一点儿衣服。,Tiānqì lěng; duō chuān yìdiǎnr yīfu.,It is cold; so wear a little more clothing.
24,打电话,dǎdiànhuà,to make a phone call,动 v.,动 v.,verb,1,1,我给妈妈打电话。,Wǒ gěi māma dǎ diànhuà.,I call my mom.,他正在打电话。,Tā zhèngzài dǎ diànhuà.,He is making a phone call.,请明天给我打电话。,Qǐng míngtiān gěi wǒ dǎ diànhuà.,Please call me tomorrow.
25,大,dà,big; large; great,形 adj.,形 adj.,adjective,1,1,这个房间很大。,Zhège fángjiān hěn dà.,This room is large.,中国很大。,Zhōngguó hěn dà.,China is large.,那只狗太大了。,Nà zhī gǒu tài dà le.,That dog is too big.
26,大家,dàjiā,everyone,代 pron.,代 pron.,pronoun,1,1,大家好。,Dàjiā hǎo.,Hello; everyone.,大家都是学生。,Dàjiā dōu shì xuéshēng.,Everyone is a student.,请大家坐。,Qǐng dàjiā zuò.,Everyone; please sit down.
27,大学,dàxué,college; university,名 n.,名 n.,noun,1,1,我在大学学习中文。,Wǒ zài dàxué xuéxí Zhōngwén.,I study Chinese at a university.,她明年上大学。,Tā míngnián shàng dàxué.,She will attend university next year.,这个大学很大。,Zhège dàxué hěn dà.,This university is large.
28,大学生,dàxuéshēng,university student; college student,名 n.,名 n.,noun,1,1,他是大学生。,Tā shì dàxuéshēng.,He is a university student.,我认识这个大学生。,Wǒ rènshi zhège dàxuéshēng.,I know this university student.,那个大学生很忙。,Nàge dàxuéshēng hěn máng.,That university student is busy.
29,到,dào,to reach; to arrive; to leave for,动 v.,动 v.,verb,1,1,我到学校了。,Wǒ dào xuéxiào le.,I have arrived at school.,火车下午到。,Huǒchē xiàwǔ dào.,The train arrives in the afternoon.,他明天到中国。,Tā míngtiān dào Zhōngguó.,He arrives in China tomorrow.
30,的,de,s; linking particle,助 part.,助 part.,particle,1,1,这是我的书。,Zhè shì wǒ de shū.,This is my book.,我喜欢新的。,Wǒ xǐhuan xīn de.,I like the new one.,那个老师是我的朋友。,Nàge lǎoshī shì wǒ de péngyou.,That teacher is my friend.
31,第,dì,prefix for ordinal numbers,前缀 pref.,前缀 pref.,prefix,1,1,这是第一本书。,Zhè shì dì yī běn shū.,This is the first book.,我住在第二个房间。,Wǒ zhù zài dì èr gè fángjiān.,I live in the second room.,他是第三个学生。,Tā shì dì sān gè xuéshēng.,He is the third student.
32,弟弟,dìdi,younger brother,名 n.,名 n.,noun,1,1,这是我弟弟。,Zhè shì wǒ dìdi.,This is my younger brother.,我弟弟在家。,Wǒ dìdi zài jiā.,My younger brother is at home.,我爱我弟弟。,Wǒ ài wǒ dìdi.,I love my younger brother.
33,点,diǎn,o'clock; point,量 m.w.; （名 n.）,量 m.w.,measure word,1,1（3）,现在三点。,Xiànzài sān diǎn.,It is three o’clock.,我们八点上课。,Wǒmen bā diǎn shàngkè.,We start class at eight.,我晚上十点睡觉。,Wǒ wǎnshang shí diǎn shuìjiào.,I go to bed at ten at night.
34,店,diàn,inn; old-style hotel; shop,名 n.,名 n.,noun,1,1,我去店里买东西。,Wǒ qù diàn lǐ mǎi dōngxi.,I am going to the shop to buy something.,这个店卖衣服。,Zhège diàn mài yīfu.,This shop sells clothes.,那个店上午九点开。,Nàge diàn shàngwǔ jiǔ diǎn kāi.,That shop opens at nine in the morning.
35,电话,diànhuà,telephone; phone call; phone number,名 n.,名 n.,noun,1,1,电话在桌子上。,Diànhuà zài zhuōzi shàng.,The telephone is on the table.,我听见电话了。,Wǒ tīngjiàn diànhuà le.,I heard the phone.,这是公司的电话。,Zhè shì gōngsī de diànhuà.,This is the company’s telephone.
36,电脑,diànnǎo,computer,名 n.,名 n.,noun,1,1,这是我的电脑。,Zhè shì wǒ de diànnǎo.,This is my computer.,电脑在桌子上。,Diànnǎo zài zhuōzi shàng.,The computer is on the desk.,我想买新电脑。,Wǒ xiǎng mǎi xīn diànnǎo.,I want to buy a new computer.
37,电视,diànshì,television; TV,名 n.,名 n.,noun,1,1,我晚上看电视。,Wǒ wǎnshang kàn diànshì.,I watch television in the evening.,电视在房间里。,Diànshì zài fángjiān lǐ.,The television is in the room.,这个电视很新。,Zhège diànshì hěn xīn.,This television is new.
38,电影,diànyǐng,movie; film,名 n.,名 n.,noun,1,1,我喜欢看电影。,Wǒ xǐhuan kàn diànyǐng.,I like watching movies.,这个电影很好看。,Zhège diànyǐng hěn hǎokàn.,This movie is enjoyable.,我们去电影院看电影。,Wǒmen qù diànyǐngyuàn kàn diànyǐng.,We go to the cinema to watch a movie.
39,电影院,diànyǐngyuàn,cinema; movie theater,名 n.,名 n.,noun,1,1,我去电影院。,Wǒ qù diànyǐngyuàn.,I go to the cinema.,电影院在那边。,Diànyǐngyuàn zài nàbiān.,The cinema is over there.,这个电影院很大。,Zhège diànyǐngyuàn hěn dà.,This cinema is large.
40,东西,dōngxi,thing; stuff; person,名 n.,名 n.,noun,1,1,这些东西是我的。,Zhèxiē dōngxi shì wǒ de.,These things are mine.,我想买东西。,Wǒ xiǎng mǎi dōngxi.,I want to buy some things.,桌子上有很多东西。,Zhuōzi shàng yǒu hěn duō dōngxi.,There are many things on the table.
41,都,dōu,all; both; entirely,副 adv.,副 adv.,adverb,1,1,我们都是学生。,Wǒmen dōu shì xuéshēng.,We are all students.,这些书都很好。,Zhèxiē shū dōu hěn hǎo.,These books are all good.,爸爸妈妈都在家。,Bàba māma dōu zài jiā.,Dad and Mom are both at home.
42,读,dú,to read out; to read aloud; to read,动 v.,动 v.,verb,1,1,我读书。,Wǒ dú shū.,I read books.,请读这个字。,Qǐng dú zhège zì.,Please read this character.,学生正在读中文。,Xuéshēng zhèngzài dú Zhōngwén.,The student is reading Chinese.
43,读书,dúshū,to read a book; to study; to attend school,动 v.,动 v.,verb,1,1,我喜欢读书。,Wǒ xǐhuan dúshū.,I like reading.,他在房间里读书。,Tā zài fángjiān lǐ dúshū.,He is reading in the room.,我们晚上读书。,Wǒmen wǎnshang dúshū.,We read in the evening.
44,对,duì,correct; toward,形 adj.; 介 prep.; （动 v.; 量 m.w.）,形 adj.,adjective; preposition,1,1（4）,这个问题你说得对。,Zhège wèntí nǐ shuō de duì.,You answered this question correctly.,老师对学生很好。,Lǎoshī duì xuéshēng hěn hǎo.,The teacher is very kind to the students.,我对他说你好。,Wǒ duì tā shuō nǐ hǎo.,I said hello to him.
45,对不起,duìbuqǐ,I'm sorry; excuse me; I beg your pardon,动 v.,动 v.,expression,1,1,对不起，我来晚了。,Duìbuqǐ; wǒ lái wǎn le.,Sorry; I arrived late.,对不起，我不知道。,Duìbuqǐ; wǒ bù zhīdào.,Sorry; I do not know.,对不起，我不能来。,Duìbuqǐ; wǒ bù néng lái.,Sorry; I cannot come.
46,多,duō,many; much; too many,形 adj.; 动 v.; 代 pron.; （数 num.; 副 adv.）,形 adj.,adjective; adverb; pronoun,1,1（2）,这里人很多。,Zhèlǐ rén hěn duō.,There are many people here.,我有很多书。,Wǒ yǒu hěn duō shū.,I have many books.,请多喝水。,Qǐng duō hē shuǐ.,Please drink more water.
47,多少,duōshao,how many; how much,代 pron.,代 pron.,pronoun,1,1,这个多少钱？,Zhège duōshao qián?,How much is this?,你家有多少人？,Nǐ jiā yǒu duōshao rén?,How many people are in your family?,你学习中文多少年了？,Nǐ xuéxí Zhōngwén duōshao nián le?,How many years have you studied Chinese?
48,儿子,érzi,son,名 n.,名 n.,noun,1,1,这是我儿子。,Zhè shì wǒ érzi.,This is my son.,我儿子在家。,Wǒ érzi zài jiā.,My son is at home.,我爱我儿子。,Wǒ ài wǒ érzi.,I love my son.
49,二,èr,two; 2,数 num.,数 num.,numeral,1,1,二加二是四。,Èr jiā èr shì sì.,Two plus two is four.,今天是二月二日。,Jīntiān shì èr yuè èr rì.,Today is February 2.,我的电话号有两个二。,Wǒ de diànhuà hào yǒu liǎng gè èr.,My phone number contains two twos.
50,饭,fàn,cooked rice; meal; fan,名 n.,名 n.,noun,1,1,我们现在吃饭。,Wǒmen xiànzài chī fàn.,We are eating now.,饭很好吃。,Fàn hěn hǎochī.,The meal tastes good.,我们在饭店吃饭。,Wǒmen zài fàndiàn chī fàn.,We eat at a restaurant.
51,饭店,fàndiàn,restaurant; hotel,名 n.,名 n.,noun,1,1,我去饭店。,Wǒ qù fàndiàn.,I go to the restaurant.,饭店在那边。,Fàndiàn zài nàbiān.,The restaurant is over there.,这个饭店很大。,Zhège fàndiàn hěn dà.,This restaurant is large.
52,房间,fángjiān,room,名 n.,名 n.,noun,1,1,我住在这个房间。,Wǒ zhù zài zhège fángjiān.,I am staying in this room.,房间里有桌子和椅子。,Fángjiān lǐ yǒu zhuōzi hé yǐzi.,There is a table and a chair in the room.,这个房间很大。,Zhège fángjiān hěn dà.,This room is large.
53,非常,fēicháng,very; really; unusual,副 adv.,副 adv.,adverb,1,1,我非常高兴。,Wǒ fēicháng gāoxìng.,I am very happy.,这个菜非常好吃。,Zhège cài fēicháng hǎochī.,This dish is extremely tasty.,今天天气非常好。,Jīntiān tiānqì fēicháng hǎo.,The weather is very good today.
54,飞机,fēijī,airplane,名 n.,名 n.,noun,1,1,我坐飞机去中国。,Wǒ zuò fēijī qù Zhōngguó.,I am flying to China.,飞机下午三点到。,Fēijī xiàwǔ sān diǎn dào.,The plane arrives at three in the afternoon.,我们在飞机上。,Wǒmen zài fēijī shàng.,We are on the plane.
55,分,fēn,minute; point,量 m.w.; （动 v.; 名 n.）,量 m.w.,measure word; noun,1,1（3）,现在三点十分。,Xiànzài sān diǎn shí fēn.,It is 3:10 now.,现在八点五分。,Xiànzài bā diǎn wǔ fēn.,It is 8:05 now.,现在九点二十分。,Xiànzài jiǔ diǎn èr shí fēn.,It is 9:20 now.
56,分钟,fēnzhōng,minute,量 m.w.,量 m.w.,measure word,1,1,我学习了十分钟。,Wǒ xuéxí le shí fēnzhōng.,I studied for ten minutes.,五分钟后下课。,Wǔ fēnzhōng hòu xiàkè.,Class ends in five minutes.,他休息了三十分钟。,Tā xiūxi le sān shí fēnzhōng.,He rested for thirty minutes.
57,高兴,gāoxìng,happy; glad; willing,形 adj.,形 adj.,adjective,1,1,我很高兴。,Wǒ hěn gāoxìng.,I am happy.,认识你很高兴。,Rènshi nǐ hěn gāoxìng.,Nice to meet you.,大家今天都很高兴。,Dàjiā jīntiān dōu hěn gāoxìng.,Everyone is happy today.
58,歌,gē,song; to sing,名 n.,名 n.,noun,1,1,我喜欢这首歌。,Wǒ xǐhuan zhè shǒu gē.,I like this song.,她会唱歌。,Tā huì chàng gē.,She can sing.,这首歌很好听。,Zhè shǒu gē hěn hǎotīng.,This song sounds good.
59,哥哥,gēge,older brother,名 n.,名 n.,noun,1,1,这是我哥哥。,Zhè shì wǒ gēge.,This is my older brother.,我哥哥在家。,Wǒ gēge zài jiā.,My older brother is at home.,我爱我哥哥。,Wǒ ài wǒ gēge.,I love my older brother.
60,个,gè,general measure word,量 m.w.,量 m.w.,measure word,1,1,我有一个朋友。,Wǒ yǒu yí gè péngyou.,I have one friend.,这里有三个人。,Zhèlǐ yǒu sān gè rén.,There are three people here.,你要几个苹果？,Nǐ yào jǐ gè píngguǒ?,How many apples do you want?
61,给,gěi,to give; to,动 v.; （介 prep.）,动 v.,verb; preposition,1,1（2）,我给你一本书。,Wǒ gěi nǐ yì běn shū.,I give you a book.,请给我一杯水。,Qǐng gěi wǒ yì bēi shuǐ.,Please give me a glass of water.,妈妈给孩子做饭。,Māma gěi háizi zuò fàn.,Mom cooks for the child.
62,公司,gōngsī,company; firm; corporation,名 n.,名 n.,noun,1,1,我在公司上班。,Wǒ zài gōngsī shàngbān.,I work at a company.,公司在学校后边。,Gōngsī zài xuéxiào hòubian.,The company is behind the school.,这是一个大公司。,Zhè shì yí gè dà gōngsī.,This is a large company.
63,工作,gōngzuò,to work; to operate; job,动 v.; 名 n.,动 v.,verb; noun,1,1,我在公司工作。,Wǒ zài gōngsī gōngzuò.,I work at a company.,她在医院工作。,Tā zài yīyuàn gōngzuò.,She works at a hospital.,今天我有很多工作。,Jīntiān wǒ yǒu hěn duō gōngzuò.,I have a lot of work today.
64,狗,gǒu,dog,名 n.,名 n.,noun,1,1,这是我的狗。,Zhè shì wǒ de gǒu.,This is my dog.,我喜欢狗。,Wǒ xǐhuan gǒu.,I like dogs.,那只狗很小。,Nà zhī gǒu hěn xiǎo.,That dog is small.
65,贵,guì,expensive; noble; precious,形 adj.,形 adj.,adjective,1,1,这件衣服很贵。,Zhè jiàn yīfu hěn guì.,This item of clothing is expensive.,这个电脑太贵了。,Zhège diànnǎo tài guì le.,This computer is too expensive.,那本书不贵。,Nà běn shū bú guì.,That book is not expensive.
66,国,guó,country,名 n.,名 n.,noun,1,1,你是哪国人？,Nǐ shì nǎ guó rén?,Which country are you from?,他不是中国人，你知道他是哪国人吗？,Tā bú shì Zhōngguó rén; nǐ zhīdào tā shì nǎ guó rén ma?,He is not Chinese. Do you know which country he is from?,中国是一个大国。,Zhōngguó shì yí gè dà guó.,China is a large country.
67,还,hái,to return; to give back,副 adv.,副 adv.,adverb,1,1,他还在学校。,Tā hái zài xuéxiào.,He is still at school.,我有书，还有电脑。,Wǒ yǒu shū; hái yǒu diànnǎo.,I have books and also a computer.,你还要什么？,Nǐ hái yào shénme?,What else do you want?
68,孩子,háizi,child,名 n.,名 n.,noun,1,1,这个孩子很小。,Zhège háizi hěn xiǎo.,This child is young.,孩子在外边玩。,Háizi zài wàibian wán.,The child is playing outside.,我有一个孩子。,Wǒ yǒu yí gè háizi.,I have one child.
69,汉语,Hànyǔ,Chinese language,名 n.,名 n.,noun,1,1,我学习汉语。,Wǒ xuéxí Hànyǔ.,I study Chinese.,她会说汉语。,Tā huì shuō Hànyǔ.,She can speak Chinese.,汉语很好听。,Hànyǔ hěn hǎotīng.,Chinese sounds beautiful.
70,汉字,Hànzì,Chinese character,名 n.,名 n.,noun,1,1,我学习汉字。,Wǒ xuéxí Hànzì.,I study Chinese characters.,她会写汉字。,Tā huì xiě Hànzì.,She can write Chinese characters.,这个汉字怎么读？,Zhège Hànzì zěnme dú?,How is this Chinese character read?
71,好,hǎo,good; appropriate; proper,形 adj.; （副 adv.）; （动 v.）,形 adj.,adjective; adverb; verb,1,1（2）（4）,今天天气很好。,Jīntiān tiānqì hěn hǎo.,The weather is good today.,这个老师很好。,Zhège lǎoshī hěn hǎo.,This teacher is very kind.,你好吗？,Nǐ hǎo ma?,How are you?
72,好吃,hǎochī,tasty; delicious,形 adj.,形 adj.,adjective,1,1,这个菜很好吃。,Zhège cài hěn hǎochī.,This dish is delicious.,包子真好吃。,Bāozi zhēn hǎochī.,The steamed buns are really tasty.,我觉得饺子很好吃。,Wǒ juéde jiǎozi hěn hǎochī.,I think dumplings are delicious.
73,好看,hǎokàn,good-looking; nice,形 adj.,形 adj.,adjective,1,1,这个电影很好看。,Zhège diànyǐng hěn hǎokàn.,This movie is good.,这件衣服很好看。,Zhè jiàn yīfu hěn hǎokàn.,This item of clothing looks good.,那本书很好看。,Nà běn shū hěn hǎokàn.,That book is enjoyable to read.
74,好听,hǎotīng,pleasant to hear,形 adj.,形 adj.,adjective,1,1,这首歌很好听。,Zhè shǒu gē hěn hǎotīng.,This song sounds good.,她说话很好听。,Tā shuōhuà hěn hǎotīng.,Her voice sounds pleasant.,我觉得汉语很好听。,Wǒ juéde Hànyǔ hěn hǎotīng.,I think Chinese sounds beautiful.
75,好玩儿,hǎowánr,fun; interesting,形 adj.,形 adj.,adjective,1,1,这里很好玩儿。,Zhèlǐ hěn hǎowánr.,It is fun here.,这儿真好玩儿。,Zhèr zhēn hǎowánr.,This place is really fun.,孩子觉得学校很好玩儿。,Háizi juéde xuéxiào hěn hǎowánr.,The child thinks school is fun.
76,号,hào,number; day of the month,名 n.; 量 m.w.,名 n.,noun; measure word,1,1,今天是十三号。,Jīntiān shì shí sān hào.,Today is the thirteenth.,你的电话号是多少？,Nǐ de diànhuà hào shì duōshao?,What is your phone number?,我住六号房间。,Wǒ zhù liù hào fángjiān.,I am staying in room six.
77,喝,hē,to shout,动 v.,动 v.,verb,1,1,我喝水。,Wǒ hē shuǐ.,I drink water.,爸爸喜欢喝茶。,Bàba xǐhuan hē chá.,Dad likes drinking tea.,她不喝牛奶。,Tā bù hē niúnǎi.,She does not drink milk.
78,和,hé,and; with,介 prep.; 连 conj.,介 prep.,conjunction; preposition,1,1,我和他是同学。,Wǒ hé tā shì tóngxué.,He and I are classmates.,我喜欢茶和牛奶。,Wǒ xǐhuan chá hé niúnǎi.,I like tea and milk.,她在和老师说话。,Tā zài hé lǎoshī shuōhuà.,She is talking with the teacher.
79,很,hěn,quite; very; awfully,副 adv.,副 adv.,adverb,1,1,她很高兴。,Tā hěn gāoxìng.,She is happy.,这个房间很大。,Zhège fángjiān hěn dà.,This room is large.,我很喜欢中文。,Wǒ hěn xǐhuan Zhōngwén.,I like Chinese very much.
80,后,hòu,empress; queen; monarch,名 n.,名 n.,noun,1,1,学校后边有一个饭店。,Xuéxiào hòubian yǒu yí gè fàndiàn.,There is a restaurant behind the school.,下课后我回家。,Xiàkè hòu wǒ huí jiā.,I go home after class.,他坐在我后边。,Tā zuò zài wǒ hòubian.,He sits behind me.
81,回,huí,measure word for acts of a play,动 v.; （量 m.w.）,动 v.,verb,1,1（3）,我回家了。,Wǒ huí jiā le.,I have gone home.,他明天回中国。,Tā míngtiān huí Zhōngguó.,He returns to China tomorrow.,下班后，爸爸回家。,Xiàbān hòu; bàba huí jiā.,Dad goes home after work.
82,会,huì,can; to know how to,动 v.,动 v.,verb,1,1,我会说汉语。,Wǒ huì shuō Hànyǔ.,I can speak Chinese.,她会开车。,Tā huì kāichē.,She knows how to drive.,你会做饭吗？,Nǐ huì zuò fàn ma?,Can you cook?
83,火车,huǒchē,train,名 n.,名 n.,noun,1,1,我坐火车去中国。,Wǒ zuò huǒchē qù Zhōngguó.,I take the train to China.,火车到了。,Huǒchē dào le.,The train has arrived.,火车下午三点到。,Huǒchē xiàwǔ sān diǎn dào.,The train arrives at three in the afternoon.
84,鸡蛋,jīdàn,egg; hen's egg,名 n.,名 n.,noun,1,1,我喜欢吃鸡蛋。,Wǒ xǐhuan chī jīdàn.,I like eating eggs.,鸡蛋很好吃。,Jīdàn hěn hǎochī.,Eggs taste good.,我想吃鸡蛋。,Wǒ xiǎng chī jīdàn.,I want to eat eggs.
85,几,jǐ,how much; how many; several,代 pron.; 数 num.,代 pron.,pronoun,1,1,现在几点？,Xiànzài jǐ diǎn?,What time is it now?,你家有几口人？,Nǐ jiā yǒu jǐ kǒu rén?,How many people are in your family?,你要几个苹果？,Nǐ yào jǐ gè píngguǒ?,How many apples do you want?
86,家,jiā,family; home; measure word for households or businesses,名 n.; 量 m.w.; （后缀 suff.）,名 n.,noun,1,1（3）,我回家了。,Wǒ huí jiā le.,I have gone home.,我家在学校后边。,Wǒ jiā zài xuéxiào hòubian.,My home is behind the school.,我爱我家。,Wǒ ài wǒ jiā.,I love my home.
87,家人,jiārén,family member; servant,名 n.,名 n.,noun,1,1,我家人都在中国。,Wǒ jiārén dōu zài Zhōngguó.,My family members are all in China.,我爱我的家人。,Wǒ ài wǒ de jiārén.,I love my family.,星期天我和家人吃饭。,Xīngqītiān wǒ hé jiārén chī fàn.,I eat with my family on Sunday.
88,见,jiàn,to see; to meet; to appear,动 v.,动 v.,verb,1,1,我今天见老师。,Wǒ jīntiān jiàn lǎoshī.,I am meeting the teacher today.,明天见！,Míngtiān jiàn!,See you tomorrow!,她想见朋友。,Tā xiǎng jiàn péngyou.,She wants to see her friend.
89,件,jiàn,measure word for things; items of clothing,量 m.w.,量 m.w.,measure word,1,1,我买了一件衣服。,Wǒ mǎi le yí jiàn yīfu.,I bought one item of clothing.,这件衣服很漂亮。,Zhè jiàn yīfu hěn piàoliang.,This item of clothing is pretty.,那件是我的。,Nà jiàn shì wǒ de.,That item is mine.
90,饺子,jiǎozi,dumpling; pot-sticker,名 n.,名 n.,noun,1,1,我喜欢吃饺子。,Wǒ xǐhuan chī jiǎozi.,I like eating dumplings.,饺子很好吃。,Jiǎozi hěn hǎochī.,Dumplings taste good.,我想吃饺子。,Wǒ xiǎng chī jiǎozi.,I want to eat dumplings.
91,叫,jiào,to shout; to call; to order,动 v.; （介 prep.）,动 v.,verb,1,1（4）,我叫李明。,Wǒ jiào Lǐ Míng.,My name is Li Ming.,他叫什么名字？,Tā jiào shénme míngzi?,What is his name?,大家叫我小李。,Dàjiā jiào wǒ Xiǎo Lǐ.,Everyone calls me Xiao Li.
92,姐姐,jiějie,older sister,名 n.,名 n.,noun,1,1,这是我姐姐。,Zhè shì wǒ jiějie.,This is my older sister.,我姐姐在家。,Wǒ jiějie zài jiā.,My older sister is at home.,我爱我姐姐。,Wǒ ài wǒ jiějie.,I love my older sister.
93,今年,jīnnián,this year,名 n.,名 n.,noun,1,1,我今年二十岁。,Wǒ jīnnián èr shí suì.,I am twenty years old this year.,他今年在中国学习中文。,Tā jīnnián zài Zhōngguó xuéxí Zhōngwén.,He is studying Chinese in China this year.,今年天气很热。,Jīnnián tiānqì hěn rè.,The weather is hot this year.
94,今天,jīntiān,today; at the present; now,名 n.,名 n.,noun,1,1,今天天气很好。,Jīntiān tiānqì hěn hǎo.,The weather is good today.,我今天不上班。,Wǒ jīntiān bú shàngbān.,I am not working today.,今天是星期一。,Jīntiān shì xīngqī yī.,Today is Monday.
95,九,jiǔ,nine; 9,数 num.,数 num.,numeral,1,1,学校九点上课。,Xuéxiào jiǔ diǎn shàngkè.,School starts at nine.,今天是九月九日。,Jīntiān shì jiǔ yuè jiǔ rì.,Today is September 9.,我要九个饺子。,Wǒ yào jiǔ gè jiǎozi.,I want nine dumplings.
96,觉得,juéde,to think; to feel,动 v.,动 v.,verb,1,1,我觉得很好。,Wǒ juéde hěn hǎo.,I think it is very good.,她觉得有点儿冷。,Tā juéde yǒudiǎnr lěng.,She feels a little cold.,你觉得怎么样？,Nǐ juéde zěnmeyàng?,What do you think?
97,开,kāi,to open; to start,动 v.,动 v.,verb,1,1,请开电视。,Qǐng kāi diànshì.,Please turn on the television.,这个店上午九点开。,Zhège diàn shàngwǔ jiǔ diǎn kāi.,This shop opens at nine in the morning.,电影院今天不开。,Diànyǐngyuàn jīntiān bù kāi.,The cinema is not open today.
98,开车,kāichē,to drive a car,动 v.,动 v.,verb,1,1,我爸爸会开车。,Wǒ bàba huì kāichē.,My dad can drive.,她开车去公司。,Tā kāichē qù gōngsī.,She drives to the company.,不要开车打电话。,Búyào kāichē dǎ diànhuà.,Do not make phone calls while driving.
99,看,kàn,to see; to look at; to read,动 v.,动 v.,verb,1,1,我看书。,Wǒ kàn shū.,I read a book.,我们晚上看电视。,Wǒmen wǎnshang kàn diànshì.,We watch TV in the evening.,请看这个汉字。,Qǐng kàn zhège Hànzì.,Please look at this Chinese character.
100,看病,kànbìng,to visit a doctor; to see a patient,动 v.,动 v.,verb,1,1,我去医院看病。,Wǒ qù yīyuàn kànbìng.,I am going to the hospital to see a doctor.,他今天不上班，去看病。,Tā jīntiān bú shàngbān; qù kànbìng.,He is not going to work today; he is seeing a doctor.,生病了要看病。,Shēngbìng le yào kànbìng.,When you are ill; you should see a doctor.
101,看见,kànjiàn,to see; to catch sight of,动 v.,动 v.,verb,1,1,我看见老师了。,Wǒ kànjiàn lǎoshī le.,I saw the teacher.,你看见我的手机了吗？,Nǐ kànjiàn wǒ de shǒujī le ma?,Have you seen my phone?,她在那边看见了朋友。,Tā zài nàbiān kànjiàn le péngyou.,She saw a friend over there.
102,可以,kěyǐ,can; may; possible,动 v.; 形 adj.,动 v.,verb,1,1,我可以坐这儿吗？,Wǒ kěyǐ zuò zhèr ma?,May I sit here?,你可以看这本书。,Nǐ kěyǐ kàn zhè běn shū.,You may read this book.,今天可以不上课。,Jīntiān kěyǐ bú shàngkè.,We do not have to attend class today.
103,课,kè,subject; course; class,名 n.,名 n.,noun,1,1,我们上午有课。,Wǒmen shàngwǔ yǒu kè.,We have class in the morning.,今天的课很好。,Jīntiān de kè hěn hǎo.,Today’s lesson is good.,这是中文课。,Zhè shì Zhōngwén kè.,This is Chinese class.
104,口,kǒu,mouth; measure word for people,名 n.; 量 m.w.,名 n.,noun; measure word,1,1,我家有四口人。,Wǒ jiā yǒu sì kǒu rén.,There are four people in my family.,他喝了一口水。,Tā hē le yì kǒu shuǐ.,He took a sip of water.,请吃一口。,Qǐng chī yì kǒu.,Please take a bite.
105,块,kuài,yuan; piece,量 m.w.,量 m.w.,measure word,1,1,这个东西十块钱。,Zhège dōngxi shí kuài qián.,This item costs ten yuan.,我有两块钱。,Wǒ yǒu liǎng kuài qián.,I have two yuan.,请给我一块面包。,Qǐng gěi wǒ yí kuài miànbāo.,Please give me a piece of bread.
106,来,lái,to come,动 v.,动 v.,verb,1,1,他明天来我家。,Tā míngtiān lái wǒ jiā.,He is coming to my home tomorrow.,请来这边。,Qǐng lái zhèbiān.,Please come this way.,老师来了。,Lǎoshī lái le.,The teacher has arrived.
107,老师,lǎoshī,teacher,名 n.,名 n.,noun,1,1,他是老师。,Tā shì lǎoshī.,He is a teacher.,我认识这个老师。,Wǒ rènshi zhège lǎoshī.,I know this teacher.,那个老师很忙。,Nàge lǎoshī hěn máng.,That teacher is busy.
108,了,le,completed-action particle; change-of-state particle,助 part.,助 part.,particle,1,1,我买了一本书。,Wǒ mǎi le yì běn shū.,I bought a book.,他到学校了。,Tā dào xuéxiào le.,He has arrived at school.,天气冷了。,Tiānqì lěng le.,The weather has become cold.
109,冷,lěng,cold,形 adj.,形 adj.,adjective,1,1,今天很冷。,Jīntiān hěn lěng.,It is cold today.,水有点儿冷。,Shuǐ yǒudiǎnr lěng.,The water is a little cold.,晚上比白天冷。,Wǎnshang bǐ báitiān lěng.,The evening is colder than the daytime.
110,里,lǐ,lining; interior; inside,名 n.,名 n.,noun,1,1,书在房间里。,Shū zài fángjiān lǐ.,The book is in the room.,房间里有桌子。,Fángjiān lǐ yǒu zhuōzi.,There is a table in the room.,我家里有一只猫。,Wǒ jiā lǐ yǒu yì zhī māo.,There is a cat in my home.
111,两,liǎng,two,数 num.,数 num.,numeral,1,1,我有两本书。,Wǒ yǒu liǎng běn shū.,I have two books.,房间里有两把椅子。,Fángjiān lǐ yǒu liǎng bǎ yǐzi.,There are two chairs in the room.,我们学习了两年中文。,Wǒmen xuéxí le liǎng nián Zhōngwén.,We studied Chinese for two years.
112,零,líng,zero; nought; zero sign,数 num.,数 num.,numeral,1,1,现在是零点。,Xiànzài shì líng diǎn.,It is midnight.,我的电话号里有三个零。,Wǒ de diànhuà hào lǐ yǒu sān gè líng.,My phone number contains three zeros.,二零零六年有两个零。,Èr líng líng liù nián yǒu liǎng gè líng.,The year 2006 contains two zeros.
113,六,liù,six; 6,数 num.,数 num.,numeral,1,1,我早上六点起床。,Wǒ zǎoshang liù diǎn qǐchuáng.,I get up at six in the morning.,她有六个苹果。,Tā yǒu liù gè píngguǒ.,She has six apples.,今天是六月六日。,Jīntiān shì liù yuè liù rì.,Today is June 6.
114,妈妈,māma,mama; mommy; mother,名 n.,名 n.,noun,1,1,这是我妈妈。,Zhè shì wǒ māma.,This is my mom.,我妈妈在家。,Wǒ māma zài jiā.,My mom is at home.,我爱我妈妈。,Wǒ ài wǒ māma.,I love my mom.
115,吗,ma,question particle,助 part.,助 part.,particle,1,1,你是学生吗？,Nǐ shì xuéshēng ma?,Are you a student?,他会说中文吗？,Tā huì shuō Zhōngwén ma?,Can he speak Chinese?,今天冷吗？,Jīntiān lěng ma?,Is it cold today?
116,买,mǎi,to buy; to purchase,动 v.,动 v.,verb,1,1,我买了一本书。,Wǒ mǎi le yì běn shū.,I bought a book.,她想买新衣服。,Tā xiǎng mǎi xīn yīfu.,She wants to buy new clothes.,我们去超市买水果。,Wǒmen qù chāoshì mǎi shuǐguǒ.,We go to the supermarket to buy fruit.
117,卖,mài,to sell,动 v.,动 v.,verb,1,1,商店卖水果。,Shāngdiàn mài shuǐguǒ.,The shop sells fruit.,这个店卖书。,Zhège diàn mài shū.,This store sells books.,他们不卖这个东西。,Tāmen bú mài zhège dōngxi.,They do not sell this item.
118,忙,máng,busy; hurriedly; to hurry,形 adj.; 动 v.,形 adj.,adjective,1,1,我今天很忙。,Wǒ jīntiān hěn máng.,I am busy today.,老师正在忙。,Lǎoshī zhèngzài máng.,The teacher is busy right now.,他不忙。,Tā bù máng.,He is not busy.
119,猫,māo,cat; modem,名 n.,名 n.,noun,1,1,这是我的猫。,Zhè shì wǒ de māo.,This is my cat.,我喜欢猫。,Wǒ xǐhuan māo.,I like cats.,那只猫很小。,Nà zhī māo hěn xiǎo.,That cat is small.
120,没关系,méiguānxi,it's okay; never mind,叹 interj.,叹 interj.,expression,1,1,对不起。没关系。,Duìbuqǐ. Méi guānxi.,Sorry. It is okay.,没关系，明天再来。,Méi guānxi; míngtiān zài lái.,No problem; come again tomorrow.,他说没关系。,Tā shuō méi guānxi.,He said it was okay.
121,没事,méishì,it's okay; nothing's wrong,动 v.,动 v.,expression,1,1,我没事。,Wǒ méishì.,I am fine.,没事，我很好。,Méishì; wǒ hěn hǎo.,It is okay; I am fine.,他现在没事了。,Tā xiànzài méishì le.,He is fine now.
122,没有,méiyǒu,haven't; hasn't; doesn't exist,动 v.; 副 adv.,动 v.,verb; adverb,1,1,我没有车。,Wǒ méiyǒu chē.,I do not have a car.,房间里没有人。,Fángjiān lǐ méiyǒu rén.,There is nobody in the room.,他昨天没有来。,Tā zuótiān méiyǒu lái.,He did not come yesterday.
123,妹妹,mèimei,younger sister; young woman,名 n.,名 n.,noun,1,1,这是我妹妹。,Zhè shì wǒ mèimei.,This is my younger sister.,我妹妹在家。,Wǒ mèimei zài jiā.,My younger sister is at home.,我爱我妹妹。,Wǒ ài wǒ mèimei.,I love my younger sister.
124,们,men,plural suffix,后缀 suff.,后缀 suff.,suffix,1,1,我们是学生。,Wǒmen shì xuéshēng.,We are students.,老师们都来了。,Lǎoshī men dōu lái le.,The teachers have all arrived.,孩子们在外边玩。,Háizi men zài wàibian wán.,The children are playing outside.
125,米饭,mǐfàn,rice,名 n.,名 n.,noun,1,1,我喜欢吃米饭。,Wǒ xǐhuan chī mǐfàn.,I like eating rice.,米饭很好吃。,Mǐfàn hěn hǎochī.,Rice tastes good.,我想吃米饭。,Wǒ xiǎng chī mǐfàn.,I want to eat rice.
126,面包,miànbāo,bread,名 n.,名 n.,noun,1,1,我喜欢吃面包。,Wǒ xǐhuan chī miànbāo.,I like eating bread.,面包很好吃。,Miànbāo hěn hǎochī.,Bread tastes good.,我想吃面包。,Wǒ xiǎng chī miànbāo.,I want to eat bread.
127,面条儿,miàntiáor,noodles,名 n.,名 n.,noun,1,1,我喜欢吃面条儿。,Wǒ xǐhuan chī miàntiáor.,I like eating noodles.,面条儿很好吃。,Miàntiáor hěn hǎochī.,The noodles taste good.,我想吃面条儿。,Wǒ xiǎng chī miàntiáor.,I want to eat noodles.
128,明年,míngnián,next year,名 n.,名 n.,noun,1,1,我明年去中国。,Wǒ míngnián qù Zhōngguó.,I am going to China next year.,她明年上大学。,Tā míngnián shàng dàxué.,She will attend university next year.,明年再见。,Míngnián zàijiàn.,See you next year.
129,明天,míngtiān,tomorrow,名 n.,名 n.,noun,1,1,明天见。,Míngtiān jiàn.,See you tomorrow.,我明天去学校。,Wǒ míngtiān qù xuéxiào.,I am going to school tomorrow.,明天会下雨吗？,Míngtiān huì xià yǔ ma?,Will it rain tomorrow?
130,名字,míngzi,name,名 n.,名 n.,noun,1,1,我的名字是李明。,Wǒ de míngzi shì Lǐ Míng.,My name is Li Ming.,你叫什么名字？,Nǐ jiào shénme míngzi?,What is your name?,请写你的名字。,Qǐng xiě nǐ de míngzi.,Please write your name.
131,哪,nǎ,which,代 pron.,代 pron.,pronoun,1,1,你是哪国人？,Nǐ shì nǎ guó rén?,Which country are you from?,你喜欢哪本书？,Nǐ xǐhuan nǎ běn shū?,Which book do you like?,哪件衣服是你的？,Nǎ jiàn yīfu shì nǐ de?,Which item of clothing is yours?
132,哪个,nǎge,which one,代 pron.,代 pron.,pronoun,1,1,你要哪个？,Nǐ yào nǎge?,Which one do you want?,哪个是你的？,Nǎge shì nǐ de?,Which one is yours?,你喜欢哪个老师？,Nǐ xǐhuan nǎge lǎoshī?,Which teacher do you like?
133,哪里,nǎlǐ,where,代 pron.,代 pron.,pronoun,1,1,你住在哪里？,Nǐ zhù zài nǎlǐ?,Where do you live?,医院在哪里？,Yīyuàn zài nǎlǐ?,Where is the hospital?,你想去哪里？,Nǐ xiǎng qù nǎlǐ?,Where do you want to go?
134,哪儿,nǎr,where,代 pron.,代 pron.,pronoun,1,1,你去哪儿？,Nǐ qù nǎr?,Where are you going?,书店在哪儿？,Shūdiàn zài nǎr?,Where is the bookstore?,你住哪儿？,Nǐ zhù nǎr?,Where do you live?
135,哪些,nǎxiē,which ones,代 pron.,代 pron.,pronoun,1,1,哪些是你的书？,Nǎxiē shì nǐ de shū?,Which books are yours?,你喜欢哪些水果？,Nǐ xǐhuan nǎxiē shuǐguǒ?,Which fruits do you like?,哪些学生会说中文？,Nǎxiē xuéshēng huì shuō Zhōngwén?,Which students can speak Chinese?
136,那,nà,that; then,代 pron.; （连 conj.）,代 pron.,pronoun,1,1（2）,那是学校。,Nà shì xuéxiào.,That is the school.,那很好。,Nà hěn hǎo.,That is very good.,那是什么？,Nà shì shénme?,What is that?
137,那边,nàbiān,there; that side,代 pron.,代 pron.,pronoun,1,1,医院在那边。,Yīyuàn zài nàbiān.,The hospital is over there.,请不要去那边。,Qǐng búyào qù nàbiān.,Please do not go over there.,我朋友住在那边。,Wǒ péngyou zhù zài nàbiān.,My friend lives over there.
138,那个,nàge,that one,代 pron.,代 pron.,pronoun,1,1,那个是老师的。,Nàge shì lǎoshī de.,That one belongs to the teacher.,我不要那个。,Wǒ bú yào nàge.,I do not want that one.,那个很好看。,Nàge hěn hǎokàn.,That one looks good.
139,那里,nàlǐ,there,代 pron.,代 pron.,pronoun,1,1,我朋友住在那里。,Wǒ péngyou zhù zài nàlǐ.,My friend lives there.,那里有一家饭店。,Nàlǐ yǒu yì jiā fàndiàn.,There is a restaurant there.,我们明天去那里。,Wǒmen míngtiān qù nàlǐ.,We are going there tomorrow.
140,那儿,nàr,there,代 pron.,代 pron.,pronoun,1,1,我去那儿。,Wǒ qù nàr.,I am going there.,书在那儿。,Shū zài nàr.,The book is there.,他住在那儿。,Tā zhù zài nàr.,He lives there.
141,那些,nàxiē,those,代 pron.,代 pron.,pronoun,1,1,那些是学生的。,Nàxiē shì xuéshēng de.,Those belong to the students.,我不要那些。,Wǒ bú yào nàxiē.,I do not want those.,那些都很贵。,Nàxiē dōu hěn guì.,Those are all expensive.
142,男,nán,male; man,形 adj.,形 adj.,adjective,1,1,他是男学生。,Tā shì nán xuéshēng.,He is a male student.,那个男老师很忙。,Nàge nán lǎoshī hěn máng.,That male teacher is busy.,这里有两个男孩子。,Zhèlǐ yǒu liǎng gè nán háizi.,There are two boys here.
143,男朋友,nánpéngyou,boyfriend,名 n.,名 n.,noun,1,1,这是我男朋友。,Zhè shì wǒ nánpéngyou.,This is my boyfriend.,我男朋友是学生。,Wǒ nánpéngyou shì xuéshēng.,My boyfriend is a student.,我喜欢和男朋友说话。,Wǒ xǐhuan hé nánpéngyou shuōhuà.,I like talking with my boyfriend.
144,呢,ne,question/topic particle,助 part.,助 part.,particle,1,1,我很好，你呢？,Wǒ hěn hǎo; nǐ ne?,I am well. How about you?,他在做什么呢？,Tā zài zuò shénme ne?,What is he doing?,我的书呢？,Wǒ de shū ne?,Where is my book?
145,能,néng,can; to be able to; might possibly,动 v.,动 v.,verb,1,1,你能来吗？,Nǐ néng lái ma?,Can you come?,我今天不能上班。,Wǒ jīntiān bù néng shàngbān.,I cannot go to work today.,他能听见我说话。,Tā néng tīngjiàn wǒ shuōhuà.,He can hear me speaking.
146,你,nǐ,you,代 pron.,代 pron.,pronoun,1,1,你好。,Nǐ hǎo.,Hello.,我认识你。,Wǒ rènshi nǐ.,I know you.,这是你的手机吗？,Zhè shì nǐ de shǒujī ma?,Is this your phone?
147,你好,nǐhǎo,hello,叹 interj.,叹 interj.,expression,1,1,你好！,Nǐ hǎo!,Hello!,老师，你好！,Lǎoshī; nǐ hǎo!,Hello; teacher!,你好，我叫李明。,Nǐ hǎo; wǒ jiào Lǐ Míng.,Hello; my name is Li Ming.
148,你们,nǐmen,you (plural),代 pron.,代 pron.,pronoun,1,1,你们好。,Nǐmen hǎo.,Hello; everyone.,你们是学生吗？,Nǐmen shì xuéshēng ma?,Are you students?,这是你们的房间。,Zhè shì nǐmen de fángjiān.,This is your room.
149,年,nián,year,名 n.; 量 m.w.,名 n.,noun,1,1,我学习中文两年了。,Wǒ xuéxí Zhōngwén liǎng nián le.,I have studied Chinese for two years.,去年我在中国住了一年。,Qùnián wǒ zài Zhōngguó zhù le yì nián.,I lived in China for one year last year.,一年有十二个月。,Yì nián yǒu shí èr gè yuè.,A year has twelve months.
150,您,nín,you,代 pron.,代 pron.,pronoun,1,1,您好。,Nín hǎo.,Hello.,请问，您叫什么名字？,Qǐngwèn; nín jiào shénme míngzi?,May I ask your name?,这是您的书。,Zhè shì nín de shū.,This is your book.
151,牛奶,niúnǎi,cow's milk,名 n.,名 n.,noun,1,1,我喜欢喝牛奶。,Wǒ xǐhuan hē niúnǎi.,I like drinking milk.,请给我一杯牛奶。,Qǐng gěi wǒ yì bēi niúnǎi.,Please give me a cup of milk.,我想喝牛奶。,Wǒ xiǎng hē niúnǎi.,I want to drink milk.
152,女,nǚ,female; woman; daughter,形 adj.,形 adj.,adjective,1,1,她是女学生。,Tā shì nǚ xuéshēng.,She is a female student.,那个女老师很高兴。,Nàge nǚ lǎoshī hěn gāoxìng.,That female teacher is happy.,这里有两个女孩子。,Zhèlǐ yǒu liǎng gè nǚ háizi.,There are two girls here.
153,女儿,nǚ’ér,daughter,名 n.,名 n.,noun,1,1,这是我女儿。,Zhè shì wǒ nǚ'ér.,This is my daughter.,我女儿在家。,Wǒ nǚ'ér zài jiā.,My daughter is at home.,我爱我女儿。,Wǒ ài wǒ nǚ'ér.,I love my daughter.
154,女朋友,nǚpéngyou,girlfriend,名 n.,名 n.,noun,1,1,这是我女朋友。,Zhè shì wǒ nǚpéngyou.,This is my girlfriend.,我女朋友是学生。,Wǒ nǚpéngyou shì xuéshēng.,My girlfriend is a student.,我喜欢和女朋友说话。,Wǒ xǐhuan hé nǚpéngyou shuōhuà.,I like talking with my girlfriend.
155,女士,nǚshì,lady; madam; 位,名 n.,名 n.,noun,1,1,李女士，您好。,Lǐ nǚshì; nín hǎo.,Hello; Ms. Li.,那位女士是医生。,Nà wèi nǚshì shì yīshēng.,That lady is a doctor.,我认识那位女士。,Wǒ rènshi nà wèi nǚshì.,I know that lady.
156,朋友,péngyou,friend,名 n.,名 n.,noun,1,1,这是我朋友。,Zhè shì wǒ péngyou.,This is my friend.,我朋友是学生。,Wǒ péngyou shì xuéshēng.,My friend is a student.,我喜欢和朋友说话。,Wǒ xǐhuan hé péngyou shuōhuà.,I like talking with my friend.
157,便宜,piányi,cheap; inexpensive; small advantages,形 adj.,形 adj.,adjective,1,1,这个很便宜。,Zhège hěn piányi.,This is inexpensive.,这本书不贵，很便宜。,Zhè běn shū bú guì; hěn piányi.,This book is not expensive; it is cheap.,便宜一点儿吧。,Piányi yìdiǎnr ba.,Please make it a little cheaper.
158,漂亮,piàoliang,pretty; beautiful,形 adj.,形 adj.,adjective,1,1,这件衣服很漂亮。,Zhè jiàn yīfu hěn piàoliang.,This item of clothing is pretty.,她很漂亮。,Tā hěn piàoliang.,She is beautiful.,这里真漂亮。,Zhèlǐ zhēn piàoliang.,It is really beautiful here.
159,苹果,píngguǒ,apple,名 n.,名 n.,noun,1,1,我喜欢吃苹果。,Wǒ xǐhuan chī píngguǒ.,I like eating apples.,苹果很好吃。,Píngguǒ hěn hǎochī.,Apples taste good.,我想吃苹果。,Wǒ xiǎng chī píngguǒ.,I want to eat apples.
160,七,qī,seven; 7,数 num.,数 num.,numeral,1,1,我们七点上课。,Wǒmen qī diǎn shàngkè.,We start class at seven.,一个星期有七天。,Yí gè xīngqī yǒu qī tiān.,A week has seven days.,我买了七个包子。,Wǒ mǎi le qī gè bāozi.,I bought seven steamed buns.
161,起床,qǐchuáng,to get out of bed; to get up,动 v.,动 v.,verb,1,1,我早上六点起床。,Wǒ zǎoshang liù diǎn qǐchuáng.,I get up at six in the morning.,他今天起床晚了。,Tā jīntiān qǐchuáng wǎn le.,He got up late today.,明天要早一点儿起床。,Míngtiān yào zǎo yìdiǎnr qǐchuáng.,I need to get up a little earlier tomorrow.
162,千,qiān,thousand,数 num.,数 num.,numeral,1,1,这个电脑三千元。,Zhège diànnǎo sān qiān yuán.,This computer costs three thousand yuan.,学校有一千个学生。,Xuéxiào yǒu yì qiān gè xuéshēng.,The school has one thousand students.,这个大学有两千个学生。,Zhège dàxué yǒu liǎng qiān gè xuéshēng.,This university has two thousand students.
163,前,qián,front; forward; ahead,名 n.,名 n.,noun,1,1,学校前边有一个商店。,Xuéxiào qiánbian yǒu yí gè shāngdiàn.,There is a shop in front of the school.,我坐在你前边。,Wǒ zuò zài nǐ qiánbian.,I sit in front of you.,上课前我看书。,Shàngkè qián wǒ kàn shū.,I read before class.
164,钱,qián,money,名 n.,名 n.,noun,1,1,我没有钱。,Wǒ méiyǒu qián.,I do not have money.,这个多少钱？,Zhège duōshao qián?,How much does this cost?,他给我十块钱。,Tā gěi wǒ shí kuài qián.,He gives me ten yuan.
165,请,qǐng,to ask; to invite; please,动 v.,动 v.,verb,1,1,请坐。,Qǐng zuò.,Please sit down.,请喝茶。,Qǐng hē chá.,Please have some tea.,请给我一本书。,Qǐng gěi wǒ yì běn shū.,Please give me a book.
166,请问,qǐngwèn,Excuse me; may I ask...?,动 v.,动 v.,expression,1,1,请问，医院在哪儿？,Qǐngwèn; yīyuàn zài nǎr?,Excuse me; where is the hospital?,请问，现在几点？,Qǐngwèn; xiànzài jǐ diǎn?,Excuse me; what time is it?,请问，这个多少钱？,Qǐngwèn; zhège duōshao qián?,Excuse me; how much is this?
167,去,qù,to go; to go to; last,动 v.,动 v.,verb,1,1,我去学校。,Wǒ qù xuéxiào.,I go to school.,我们明天去中国。,Wǒmen míngtiān qù Zhōngguó.,We are going to China tomorrow.,她坐出租车去医院。,Tā zuò chūzūchē qù yīyuàn.,She takes a taxi to the hospital.
168,去年,qùnián,last year,名 n.,名 n.,noun,1,1,我去年在中国。,Wǒ qùnián zài Zhōngguó.,I was in China last year.,她去年上大学。,Tā qùnián shàng dàxué.,She attended university last year.,去年天气很冷。,Qùnián tiānqì hěn lěng.,The weather was cold last year.
169,热,rè,to warm up; to heat up; hot,形 adj.,形 adj.,adjective,1,1,今天很热。,Jīntiān hěn rè.,It is hot today.,这杯水太热了。,Zhè bēi shuǐ tài rè le.,This cup of water is too hot.,下午比早上热。,Xiàwǔ bǐ zǎoshang rè.,The afternoon is hotter than the morning.
170,人,rén,person; people,名 n.,名 n.,noun,1,1,那里有很多人。,Nàlǐ yǒu hěn duō rén.,There are many people there.,他是中国人。,Tā shì Zhōngguó rén.,He is Chinese.,我家有四口人。,Wǒ jiā yǒu sì kǒu rén.,There are four people in my family.
171,认识,rènshi,to know; to recognize; to be familiar with,动 v.,动 v.,verb,1,1,我认识他。,Wǒ rènshi tā.,I know him.,你认识这个老师吗？,Nǐ rènshi zhège lǎoshī ma?,Do you know this teacher?,很高兴认识你。,Hěn gāoxìng rènshi nǐ.,Nice to meet you.
172,日,rì,day; date; sun,量 m.w.; （名 n.）,量 m.w.,noun,1,1（4）,今天是五月八日。,Jīntiān shì wǔ yuè bā rì.,Today is May 8.,星期日我休息。,Xīngqīrì wǒ xiūxi.,I rest on Sunday.,请写今天的年月日。,Qǐng xiě jīntiān de nián yuè rì.,Please write today’s year; month; and day.
173,三,sān,three; 3,数 num.,数 num.,numeral,1,1,我家有三口人。,Wǒ jiā yǒu sān kǒu rén.,There are three people in my family.,现在三点。,Xiànzài sān diǎn.,It is three o’clock now.,我买了三个苹果。,Wǒ mǎi le sān gè píngguǒ.,I bought three apples.
174,商店,shāngdiàn,store; shop,名 n.,名 n.,noun,1,1,我去商店。,Wǒ qù shāngdiàn.,I go to the shop.,商店在那边。,Shāngdiàn zài nàbiān.,The shop is over there.,这个商店很大。,Zhège shāngdiàn hěn dà.,This shop is large.
175,上,shàng,up; upper; above,名 n.; 动 v.,名 n.,noun; verb; measure word,1,1,书在桌子上。,Shū zài zhuōzi shàng.,The book is on the table.,我上大学。,Wǒ shàng dàxué.,I attend university.,请上车。,Qǐng shàng chē.,Please get in the car.
176,上班,shàngbān,to go to work,动 v.,动 v.,verb,1,1,我爸爸去上班。,Wǒ bàba qù shàngbān.,My dad goes to work.,她上午八点上班。,Tā shàngwǔ bā diǎn shàngbān.,She starts work at eight in the morning.,今天星期天，我们不上班。,Jīntiān xīngqītiān; wǒmen bú shàngbān.,Today is Sunday; so we are not working.
177,上课,shàngkè,to go to class,动 v.,动 v.,verb,1,1,我们上午上课。,Wǒmen shàngwǔ shàngkè.,We have class in the morning.,老师正在上课。,Lǎoshī zhèngzài shàngkè.,The teacher is teaching class.,明天几点上课？,Míngtiān jǐ diǎn shàngkè?,What time does class start tomorrow?
178,上午,shàngwǔ,morning,名 n.,名 n.,noun,1,1,我上午上课。,Wǒ shàngwǔ shàngkè.,I have class in the morning.,上午九点见。,Shàngwǔ jiǔ diǎn jiàn.,See you at nine in the morning.,她上午去医院。,Tā shàngwǔ qù yīyuàn.,She goes to the hospital in the morning.
179,上学,shàngxué,to go to school; to attend school,动 v.,动 v.,verb,1,1,孩子早上去上学。,Háizi zǎoshang qù shàngxué.,The child goes to school in the morning.,我弟弟在小学上学。,Wǒ dìdi zài xiǎoxué shàngxué.,My younger brother attends elementary school.,今天不上学。,Jīntiān bú shàngxué.,There is no school today.
180,少,shǎo,few; less; to lack,形 adj.; 动 v.,形 adj.,adjective,1,1,今天人很少。,Jīntiān rén hěn shǎo.,There are few people today.,我的钱很少。,Wǒ de qián hěn shǎo.,I have very little money.,请少喝茶。,Qǐng shǎo hē chá.,Please drink less tea.
181,谁,shéi/shuí,who,代 pron.,代 pron.,pronoun,1,1,他是谁？,Tā shì shéi?,Who is he?,谁是你的老师？,Shéi shì nǐ de lǎoshī?,Who is your teacher?,你在找谁？,Nǐ zài zhǎo shéi?,Who are you looking for?
182,什么,shénme,what,代 pron.,代 pron.,pronoun,1,1,这是什么？,Zhè shì shénme?,What is this?,你喜欢吃什么？,Nǐ xǐhuan chī shénme?,What do you like to eat?,你叫什么名字？,Nǐ jiào shénme míngzi?,What is your name?
183,生病,shēngbìng,to fall ill,动 v.,动 v.,verb,1,1,他生病了。,Tā shēngbìng le.,He is sick.,生病了要多休息。,Shēngbìng le yào duō xiūxi.,You should rest more when you are ill.,妈妈今天没有上班，她生病了。,Māma jīntiān méiyǒu shàngbān; tā shēngbìng le.,Mom did not go to work today because she is sick.
184,十,shí,ten; 10,数 num.,数 num.,numeral,1,1,现在十点。,Xiànzài shí diǎn.,It is ten o’clock now.,我有十本书。,Wǒ yǒu shí běn shū.,I have ten books.,孩子今年十岁。,Háizi jīnnián shí suì.,The child is ten years old this year.
185,时候,shíhou,time; length of time; moment,名 n.,名 n.,noun,1,1,你什么时候来？,Nǐ shénme shíhou lái?,When are you coming?,吃饭的时候不要说话。,Chī fàn de shíhou búyào shuōhuà.,Do not talk while eating.,我小的时候住在中国。,Wǒ xiǎo de shíhou zhù zài Zhōngguó.,I lived in China when I was young.
186,时间,shíjiān,time; period,名 n.,名 n.,noun,1,1,我没有时间。,Wǒ méiyǒu shíjiān.,I do not have time.,你有时间吗？,Nǐ yǒu shíjiān ma?,Do you have time?,上课时间是八点。,Shàngkè shíjiān shì bā diǎn.,Class time is eight o’clock.
187,事,shì,matter; thing; item,名 n.,名 n.,noun,1,1,我有一件事。,Wǒ yǒu yí jiàn shì.,I have something to deal with.,这件事很大。,Zhè jiàn shì hěn dà.,This is a major matter.,这不是大事。,Zhè bú shì dà shì.,This is not a serious matter.
188,是,shì,to be,动 v.,动 v.,verb,1,1,我是学生。,Wǒ shì xuéshēng.,I am a student.,她是老师。,Tā shì lǎoshī.,She is a teacher.,这是我的书。,Zhè shì wǒ de shū.,This is my book.
189,手机,shǒujī,cell phone; mobile phone,名 n.,名 n.,noun,1,1,这是我的手机。,Zhè shì wǒ de shǒujī.,This is my phone.,手机在桌子上。,Shǒujī zài zhuōzi shàng.,The phone is on the table.,我在找手机。,Wǒ zài zhǎo shǒujī.,I am looking for my phone.
190,书,shū,book; letter; document,名 n.,名 n.,noun,1,1,我喜欢看书。,Wǒ xǐhuan kàn shū.,I like reading books.,这本书很好看。,Zhè běn shū hěn hǎokàn.,This book is enjoyable.,我买了一本书。,Wǒ mǎi le yì běn shū.,I bought a book.
191,书店,shūdiàn,bookstore,名 n.,名 n.,noun,1,1,我去书店。,Wǒ qù shūdiàn.,I go to the bookstore.,书店在那边。,Shūdiàn zài nàbiān.,The bookstore is over there.,这个书店很大。,Zhège shūdiàn hěn dà.,This bookstore is large.
192,水,shuǐ,water; river; liquid,名 n.,名 n.,noun,1,1,我喜欢喝水。,Wǒ xǐhuan hē shuǐ.,I like drinking water.,请给我一杯水。,Qǐng gěi wǒ yì bēi shuǐ.,Please give me a cup of water.,我想喝水。,Wǒ xiǎng hē shuǐ.,I want to drink water.
193,水果,shuǐguǒ,fruit,名 n.,名 n.,noun,1,1,我喜欢吃水果。,Wǒ xǐhuan chī shuǐguǒ.,I like eating fruit.,水果很好吃。,Shuǐguǒ hěn hǎochī.,The fruit tastes good.,我想吃水果。,Wǒ xiǎng chī shuǐguǒ.,I want to eat fruit.
194,睡,shuì,to sleep; to lie down,动 v.,动 v.,verb,1,1,孩子睡了。,Háizi shuì le.,The child has fallen asleep.,他正在睡。,Tā zhèngzài shuì.,He is sleeping.,我晚上十点睡。,Wǒ wǎnshang shí diǎn shuì.,I go to sleep at ten in the evening.
195,睡觉,shuìjiào,to go to bed; to sleep,动 v.,动 v.,verb,1,1,我晚上十点睡觉。,Wǒ wǎnshang shí diǎn shuìjiào.,I go to bed at ten at night.,孩子正在睡觉。,Háizi zhèngzài shuìjiào.,The child is sleeping.,生病了要多睡觉。,Shēngbìng le yào duō shuìjiào.,When you are ill; you should get more sleep.
196,说,shuō,to speak; to talk; to say,动 v.,动 v.,verb,1,1,我会说中文。,Wǒ huì shuō Zhōngwén.,I can speak Chinese.,老师说今天不上课。,Lǎoshī shuō jīntiān bú shàngkè.,The teacher said there is no class today.,请再说一下。,Qǐng zài shuō yíxià.,Please say it again.
197,说话,shuōhuà,to speak; to say; to talk,动 v.,动 v.,verb,1,1,请不要说话。,Qǐng búyào shuōhuà.,Please do not talk.,他正在和朋友说话。,Tā zhèngzài hé péngyou shuōhuà.,He is talking with a friend.,她说话很好听。,Tā shuōhuà hěn hǎotīng.,Her voice sounds pleasant.
198,四,sì,four; 4,数 num.,数 num.,numeral,1,1,我家有四口人。,Wǒ jiā yǒu sì kǒu rén.,There are four people in my family.,现在四点。,Xiànzài sì diǎn.,It is four o’clock now.,我要四个包子。,Wǒ yào sì gè bāozi.,I want four steamed buns.
199,岁,suì,years old,量 m.w.,量 m.w.,measure word,1,1,我今年二十岁。,Wǒ jīnnián èr shí suì.,I am twenty years old this year.,孩子八岁了。,Háizi bā suì le.,The child is eight years old.,你几岁？,Nǐ jǐ suì?,How old are you?
200,他,tā,he; him,代 pron.,代 pron.,pronoun,1,1,他是老师。,Tā shì lǎoshī.,He is a teacher.,我认识他。,Wǒ rènshi tā.,I know him.,这是他的电脑。,Zhè shì tā de diànnǎo.,This is his computer.
201,它,tā,it,代 pron.,代 pron.,pronoun,1,1,它是一只猫。,Tā shì yì zhī māo.,It is a cat.,我喜欢它。,Wǒ xǐhuan tā.,I like it.,它在桌子下。,Tā zài zhuōzi xià.,It is under the table.
202,她,tā,she; her,代 pron.,代 pron.,pronoun,1,1,她是医生。,Tā shì yīshēng.,She is a doctor.,我认识她。,Wǒ rènshi tā.,I know her.,这是她的衣服。,Zhè shì tā de yīfu.,These are her clothes.
203,他们,tāmen,they; them,代 pron.,代 pron.,pronoun,1,1,他们在学校。,Tāmen zài xuéxiào.,They are at school.,我认识他们。,Wǒ rènshi tāmen.,I know them.,这是他们的车。,Zhè shì tāmen de chē.,This is their car.
204,它们,tāmen,they; them,代 pron.,代 pron.,pronoun,1,1,它们是我的书。,Tāmen shì wǒ de shū.,They are my books.,我喜欢它们。,Wǒ xǐhuan tāmen.,I like them.,它们都在桌子上。,Tāmen dōu zài zhuōzi shàng.,They are all on the table.
205,她们,tāmen,they; them (female),代 pron.,代 pron.,pronoun,1,1,她们是同学。,Tāmen shì tóngxué.,They are classmates.,我认识她们。,Wǒ rènshi tāmen.,I know them.,她们都会说中文。,Tāmen dōu huì shuō Zhōngwén.,They can all speak Chinese.
206,太,tài,highest; greatest; too,副 adv.,副 adv.,adverb,1,1,太贵了。,Tài guì le.,It is too expensive.,今天太热了。,Jīntiān tài rè le.,It is too hot today.,这个电影太好看了。,Zhège diànyǐng tài hǎokàn le.,This movie is so good.
207,天,tiān,day; sky,名 n.; 量 m.w.,名 n.,noun; measure word,1,1,一个星期有七天。,Yí gè xīngqī yǒu qī tiān.,A week has seven days.,我在中国住了三天。,Wǒ zài Zhōngguó zhù le sān tiān.,I stayed in China for three days.,白天很热，晚上很冷。,Báitiān hěn rè; wǎnshang hěn lěng.,It is hot during the day and cold at night.
208,天气,tiānqì,weather,名 n.,名 n.,noun,1,1,今天天气很好。,Jīntiān tiānqì hěn hǎo.,The weather is good today.,明天天气怎么样？,Míngtiān tiānqì zěnmeyàng?,How will the weather be tomorrow?,天气冷了。,Tiānqì lěng le.,The weather has become cold.
209,听,tīng,to listen to; to hear; to heed,动 v.,动 v.,verb,1,1,我听老师说话。,Wǒ tīng lǎoshī shuōhuà.,I listen to the teacher speak.,她喜欢听歌。,Tā xǐhuan tīng gē.,She likes listening to songs.,请听我说。,Qǐng tīng wǒ shuō.,Please listen to me.
210,听见,tīngjiàn,to hear,动 v.,动 v.,verb,1,1,我听见电话了。,Wǒ tīngjiàn diànhuà le.,I heard the phone.,你听见我说话了吗？,Nǐ tīngjiàn wǒ shuōhuà le ma?,Did you hear me speaking?,他没有听见老师的问题。,Tā méiyǒu tīngjiàn lǎoshī de wèntí.,He did not hear the teacher’s question.
211,同学,tóngxué,classmate,名 n.,名 n.,noun,1,1,这是我同学。,Zhè shì wǒ tóngxué.,This is my classmate.,我同学是学生。,Wǒ tóngxué shì xuéshēng.,My classmate is a student.,我喜欢和同学说话。,Wǒ xǐhuan hé tóngxué shuōhuà.,I like talking with my classmate.
212,外,wài,outside; in addition; foreign,名 n.,名 n.,noun,1,1,学校外有出租车。,Xuéxiào wài yǒu chūzūchē.,There are taxis outside the school.,他在房间外。,Tā zài fángjiān wài.,He is outside the room.,房间外有一把椅子。,Fángjiān wài yǒu yì bǎ yǐzi.,There is a chair outside the room.
213,外边,wàibian,outside; outer surface; abroad,名 n.,名 n.,noun,1,1,孩子在外边玩。,Háizi zài wàibian wán.,The child is playing outside.,外边下雨了。,Wàibian xià yǔ le.,It is raining outside.,不要去外边。,Búyào qù wàibian.,Do not go outside.
214,玩,wán,to play; to have fun,动 v.,动 v.,verb,1,1,孩子在外边玩。,Háizi zài wàibian wán.,The child is playing outside.,我们星期天去玩。,Wǒmen xīngqītiān qù wán.,We go out for fun on Sunday.,这个地方很好玩儿。,Zhège dìfāng hěn hǎowánr.,This place is fun.
215,晚,wǎn,evening; night; late,形 adj.,形 adj.,adjective,1,1,我今天来晚了。,Wǒ jīntiān lái wǎn le.,I arrived late today.,现在太晚了。,Xiànzài tài wǎn le.,It is too late now.,他晚上睡得晚。,Tā wǎnshang shuì de wǎn.,He goes to sleep late.
216,晚饭,wǎnfàn,evening meal; dinner; supper,名 n.,名 n.,noun,1,1,我们晚上吃晚饭。,Wǒmen wǎnshang chī wǎnfàn.,We eat dinner in the evening.,妈妈正在做晚饭。,Māma zhèngzài zuò wǎnfàn.,Mom is making dinner.,我和朋友吃晚饭。,Wǒ hé péngyou chī wǎnfàn.,I eat dinner with a friend.
217,晚上,wǎnshang,evening; night; in the evening,名 n.,名 n.,noun,1,1,我晚上看电视。,Wǒ wǎnshang kàn diànshì.,I watch TV in the evening.,晚上十点睡觉。,Wǎnshang shí diǎn shuìjiào.,I go to bed at ten at night.,他晚上在家。,Tā wǎnshang zài jiā.,He is at home in the evening.
218,喂,wèi,hello? (on the phone),叹 interj.,叹 interj.,interjection,1,1,喂，你好。,Wèi; nǐ hǎo.,Hello? Hi.,喂，请问李老师在吗？,Wèi; qǐngwèn Lǐ lǎoshī zài ma?,Hello; may I ask whether Teacher Li is there?,喂，你能听见我吗？,Wèi; nǐ néng tīngjiàn wǒ ma?,Hello; can you hear me?
219,问,wèn,to ask; to inquire,动 v.,动 v.,verb,1,1,我问老师一个问题。,Wǒ wèn lǎoshī yí gè wèntí.,I ask the teacher a question.,你可以问他。,Nǐ kěyǐ wèn tā.,You can ask him.,她问我叫什么名字。,Tā wèn wǒ jiào shénme míngzi.,She asked what my name was.
220,问题,wèntí,question; problem; issue,名 n.,名 n.,noun,1,1,我有一个问题。,Wǒ yǒu yí gè wèntí.,I have a question.,老师问了一个问题。,Lǎoshī wèn le yí gè wèntí.,The teacher asked a question.,这个问题我不知道。,Zhège wèntí wǒ bù zhīdào.,I do not know the answer to this question.
221,我,wǒ,I; me,代 pron.,代 pron.,pronoun,1,1,我是学生。,Wǒ shì xuéshēng.,I am a student.,老师认识我。,Lǎoshī rènshi wǒ.,The teacher knows me.,这是我的书。,Zhè shì wǒ de shū.,This is my book.
222,我们,wǒmen,we; us,代 pron.,代 pron.,pronoun,1,1,我们是学生。,Wǒmen shì xuéshēng.,We are students.,老师认识我们。,Lǎoshī rènshi wǒmen.,The teacher knows us.,这是我们的学校。,Zhè shì wǒmen de xuéxiào.,This is our school.
223,五,wǔ,five; 5,数 num.,数 num.,numeral,1,1,我家有五口人。,Wǒ jiā yǒu wǔ kǒu rén.,There are five people in my family.,下午五点下班。,Xiàwǔ wǔ diǎn xiàbān.,Work ends at five in the afternoon.,我买了五本书。,Wǒ mǎi le wǔ běn shū.,I bought five books.
224,午饭,wǔfàn,lunch,名 n.,名 n.,noun,1,1,我们中午吃午饭。,Wǒmen zhōngwǔ chī wǔfàn.,We eat lunch at noon.,午饭很好吃。,Wǔfàn hěn hǎochī.,Lunch tastes good.,我在公司吃午饭。,Wǒ zài gōngsī chī wǔfàn.,I eat lunch at the company.
225,喜欢,xǐhuan,to like,动 v.,动 v.,verb,1,1,我喜欢中文。,Wǒ xǐhuan Zhōngwén.,I like Chinese.,她喜欢看电影。,Tā xǐhuan kàn diànyǐng.,She likes watching movies.,你喜欢吃什么？,Nǐ xǐhuan chī shénme?,What do you like to eat?
226,下,xià,down; below; next,名 n.; 动 v.; 量 m.w.,名 n.,noun; verb; measure word,1,1,猫在桌子下。,Māo zài zhuōzi xià.,The cat is under the table.,我下车了。,Wǒ xià chē le.,I got out of the car.,下个星期见。,Xià gè xīngqī jiàn.,See you next week.
227,下雨,xiàyǔ,to rain,动 v.,动 v.,verb,1,1,今天下雨了。,Jīntiān xià yǔ le.,It is raining today.,明天会下雨吗？,Míngtiān huì xià yǔ ma?,Will it rain tomorrow?,下雨了，不要去外边。,Xià yǔ le; búyào qù wàibian.,It is raining; so do not go outside.
228,下班,xiàbān,to finish work; to get off work,动 v.,动 v.,verb,1,1,爸爸下午五点下班。,Bàba xiàwǔ wǔ diǎn xiàbān.,Dad gets off work at five in the afternoon.,她下班了。,Tā xiàbān le.,She has finished work.,下班后，我回家。,Xiàbān hòu; wǒ huí jiā.,I go home after work.
229,下课,xiàkè,class ends; to get out of class,动 v.,动 v.,verb,1,1,我们十二点下课。,Wǒmen shí èr diǎn xiàkè.,Class ends at twelve.,下课了，大家去吃饭。,Xiàkè le; dàjiā qù chī fàn.,Class is over; and everyone is going to eat.,老师说可以下课了。,Lǎoshī shuō kěyǐ xiàkè le.,The teacher said class can end now.
230,下午,xiàwǔ,afternoon; p.m.,名 n.,名 n.,noun,1,1,我下午去学校。,Wǒ xiàwǔ qù xuéxiào.,I go to school in the afternoon.,她下午五点下班。,Tā xiàwǔ wǔ diǎn xiàbān.,She finishes work at five in the afternoon.,下午天气很热。,Xiàwǔ tiānqì hěn rè.,The weather is hot in the afternoon.
231,先生,xiānsheng,teacher; gentleman; sir,名 n.,名 n.,noun,1,1,李先生，您好。,Lǐ xiānsheng; nín hǎo.,Hello; Mr. Li.,那位先生是老师。,Nà wèi xiānsheng shì lǎoshī.,That gentleman is a teacher.,我认识王先生。,Wǒ rènshi Wáng xiānsheng.,I know Mr. Wang.
232,现在,xiànzài,now; at present; at the moment,名 n.,名 n.,noun,1,1,现在几点？,Xiànzài jǐ diǎn?,What time is it now?,我现在在学校。,Wǒ xiànzài zài xuéxiào.,I am at school now.,他现在很忙。,Tā xiànzài hěn máng.,He is very busy now.
233,想,xiǎng,to think; to think of; to devise,动 v.,动 v.,verb,1,1,我想喝水。,Wǒ xiǎng hē shuǐ.,I want to drink water.,她想去中国。,Tā xiǎng qù Zhōngguó.,She wants to go to China.,你在想什么？,Nǐ zài xiǎng shénme?,What are you thinking about?
234,小,xiǎo,small; tiny; few,形 adj.; 前缀 pref.,形 adj.,adjective,1,1,这个房间很小。,Zhège fángjiān hěn xiǎo.,This room is small.,那只猫很小。,Nà zhī māo hěn xiǎo.,That cat is small.,这个有点儿小。,Zhège yǒudiǎnr xiǎo.,This one is a little small.
235,小朋友,xiǎopéngyǒu,child,名 n.,名 n.,noun,1,1,小朋友在学校。,Xiǎopéngyǒu zài xuéxiào.,The child is at school.,这个小朋友很高兴。,Zhège xiǎopéngyǒu hěn gāoxìng.,This child is happy.,老师认识那个小朋友。,Lǎoshī rènshi nàge xiǎopéngyǒu.,The teacher knows that child.
236,小时,xiǎoshí,hour,名 n.,名 n.,noun,1,1,我学习两个小时。,Wǒ xuéxí liǎng gè xiǎoshí.,I study for two hours.,飞机还有一个小时到。,Fēijī hái yǒu yí gè xiǎoshí dào.,The plane arrives in one hour.,他睡了八个小时。,Tā shuì le bā gè xiǎoshí.,He slept for eight hours.
237,小学,xiǎoxué,elementary school; primary school,名 n.,名 n.,noun,1,1,我弟弟在小学上学。,Wǒ dìdi zài xiǎoxué shàngxué.,My younger brother attends elementary school.,小学在那边。,Xiǎoxué zài nàbiān.,The elementary school is over there.,这个小学很大。,Zhège xiǎoxué hěn dà.,This elementary school is large.
238,小学生,xiǎoxuéshēng,elementary school student,名 n.,名 n.,noun,1,1,他是小学生。,Tā shì xiǎoxuéshēng.,He is an elementary school student.,这个小学生今年八岁。,Zhège xiǎoxuéshēng jīnnián bā suì.,This elementary school student is eight years old.,小学生在学校学习。,Xiǎoxuéshēng zài xuéxiào xuéxí.,Elementary school students study at school.
239,些,xiē,some; a few,量 m.w.,量 m.w.,measure word,1,1,我买了些水果。,Wǒ mǎi le xiē shuǐguǒ.,I bought some fruit.,这些书很好。,Zhèxiē shū hěn hǎo.,These books are good.,哪些是你的？,Nǎxiē shì nǐ de?,Which ones are yours?
240,写,xiě,to write,动 v.,动 v.,verb,1,1,我写汉字。,Wǒ xiě Hànzì.,I write Chinese characters.,请写你的名字。,Qǐng xiě nǐ de míngzi.,Please write your name.,学生正在写字。,Xuéshēng zhèngzài xiě zì.,The student is writing characters.
241,谢谢,xièxie,to thank; thanks; thank you,动 v.,动 v.,expression; verb,1,1,谢谢你。,Xièxie nǐ.,Thank you.,谢谢老师。,Xièxie lǎoshī.,Thank you; teacher.,谢谢你给我这本书。,Xièxie nǐ gěi wǒ zhè běn shū.,Thank you for giving me this book.
242,新,xīn,new; newly; meso-,形 adj.,形 adj.,adjective,1,1,这是一本新书。,Zhè shì yì běn xīn shū.,This is a new book.,我买了新电脑。,Wǒ mǎi le xīn diànnǎo.,I bought a new computer.,这件衣服很新。,Zhè jiàn yīfu hěn xīn.,This item of clothing is new.
243,星期,xīngqī,week; day of the week; Sunday,名 n.,名 n.,noun,1,1,一个星期有七天。,Yí gè xīngqī yǒu qī tiān.,A week has seven days.,这个星期我很忙。,Zhège xīngqī wǒ hěn máng.,I am very busy this week.,下个星期再见。,Xià gè xīngqī zàijiàn.,See you next week.
244,星期日,xīngqīrì,Sunday,名 n.,名 n.,noun,1,1,今天是星期日。,Jīntiān shì xīngqīrì.,Today is Sunday.,星期日我不上班。,Xīngqīrì wǒ bú shàngbān.,I do not work on Sunday.,我们星期日去看电影。,Wǒmen xīngqīrì qù kàn diànyǐng.,We are going to watch a movie on Sunday.
245,星期天,xīngqītiān,Sunday,名 n.,名 n.,noun,1,1,今天是星期天。,Jīntiān shì xīngqītiān.,Today is Sunday.,星期天学校不上课。,Xīngqītiān xuéxiào bú shàngkè.,There are no classes at school on Sunday.,我星期天在家休息。,Wǒ xīngqītiān zài jiā xiūxi.,I rest at home on Sunday.
246,休息,xiūxi,rest; to rest,动 v.,动 v.,verb,1,1,我想休息一下。,Wǒ xiǎng xiūxi yíxià.,I want to rest for a bit.,他星期天在家休息。,Tā xīngqītiān zài jiā xiūxi.,He rests at home on Sunday.,生病了要多休息。,Shēngbìng le yào duō xiūxi.,You should rest more when you are sick.
247,学,xué,to learn; to study; to imitate,动 v.,动 v.,verb,1,1,我学中文。,Wǒ xué Zhōngwén.,I study Chinese.,她在大学学汉语。,Tā zài dàxué xué Hànyǔ.,She studies Chinese at university.,孩子学写字。,Háizi xué xiě zì.,The child is learning to write characters.
248,学生,xuéshēng,student; schoolchild,名 n.,名 n.,noun,1,1,他是学生。,Tā shì xuéshēng.,He is a student.,我认识这个学生。,Wǒ rènshi zhège xuéshēng.,I know this student.,那个学生很忙。,Nàge xuéshēng hěn máng.,That student is busy.
249,学习,xuéxí,to learn; to study,动 v.,动 v.,verb,1,1,我学习中文。,Wǒ xuéxí Zhōngwén.,I study Chinese.,学生在学校学习。,Xuéshēng zài xuéxiào xuéxí.,Students study at school.,我们每天学习两个小时。,Wǒmen měitiān xuéxí liǎng gè xiǎoshí.,We study for two hours every day.
250,学校,xuéxiào,school,名 n.,名 n.,noun,1,1,我去学校。,Wǒ qù xuéxiào.,I go to school.,学校在那边。,Xuéxiào zài nàbiān.,The school is over there.,这个学校很大。,Zhège xuéxiào hěn dà.,This school is large.
251,雪,xuě,snow; to wipe away,名 n.,名 n.,noun,1,1,外边有雪。,Wàibian yǒu xuě.,There is snow outside.,孩子喜欢雪。,Háizi xǐhuan xuě.,Children like snow.,今年的雪很大。,Jīnnián de xuě hěn dà.,The snow is heavy this year.
252,要,yào,to want; to need; to ask for,动 v.,动 v.,verb,1,1,我要一杯茶。,Wǒ yào yì bēi chá.,I would like a cup of tea.,她明天要去学校。,Tā míngtiān yào qù xuéxiào.,She is going to school tomorrow.,你要什么？,Nǐ yào shénme?,What do you want?
253,也,yě,also; too,副 adv.,副 adv.,adverb,1,1,我是学生，他也是学生。,Wǒ shì xuéshēng; tā yě shì xuéshēng.,I am a student; and he is one too.,我喜欢茶，也喜欢牛奶。,Wǒ xǐhuan chá; yě xǐhuan niúnǎi.,I like tea and milk too.,她也会说中文。,Tā yě huì shuō Zhōngwén.,She can also speak Chinese.
254,一,yī,one; single; a,数 num.,数 num.,numeral,1,1,我有一个朋友。,Wǒ yǒu yí gè péngyou.,I have one friend.,这是一本书。,Zhè shì yì běn shū.,This is one book.,今天是一月一日。,Jīntiān shì yī yuè yī rì.,Today is January 1.
255,衣服,yīfu,clothes,名 n.,名 n.,noun,1,1,我买了新衣服。,Wǒ mǎi le xīn yīfu.,I bought new clothes.,这件衣服很漂亮。,Zhè jiàn yīfu hěn piàoliang.,This item of clothing is pretty.,她喜欢穿新衣服。,Tā xǐhuan chuān xīn yīfu.,She likes wearing new clothes.
256,医生,yīshēng,doctor,名 n.,名 n.,noun,1,1,他是医生。,Tā shì yīshēng.,He is a doctor.,我认识这个医生。,Wǒ rènshi zhège yīshēng.,I know this doctor.,那个医生很忙。,Nàge yīshēng hěn máng.,That doctor is busy.
257,医院,yīyuàn,hospital,名 n.,名 n.,noun,1,1,我去医院。,Wǒ qù yīyuàn.,I go to the hospital.,医院在那边。,Yīyuàn zài nàbiān.,The hospital is over there.,这个医院很大。,Zhège yīyuàn hěn dà.,This hospital is large.
258,一半,yíbàn,half,数 num.,数 num.,numeral,1,1,一半学生在学校。,Yíbàn xuéshēng zài xuéxiào.,Half of the students are at school.,我吃了一半。,Wǒ chī le yíbàn.,I ate half of it.,这本书我看了一半。,Zhè běn shū wǒ kàn le yíbàn.,I have read half of this book.
259,一下,yíxià,a bit; once,数量 qty. expr.; （副 adv.）,数量 qty. expr.,expression; adverb,1,1（4）,请看一下。,Qǐng kàn yíxià.,Please take a look.,我想休息一下。,Wǒ xiǎng xiūxi yíxià.,I want to rest for a bit.,你问一下老师。,Nǐ wèn yíxià lǎoshī.,Ask the teacher.
260,椅子,yǐzi,chair,名 n.,名 n.,noun,1,1,请坐在椅子上。,Qǐng zuò zài yǐzi shàng.,Please sit on the chair.,房间里有两把椅子。,Fángjiān lǐ yǒu liǎng bǎ yǐzi.,There are two chairs in the room.,这把椅子很新。,Zhè bǎ yǐzi hěn xīn.,This chair is new.
261,一点儿,yìdiǎnr,a little; a bit,数量 qty. expr.,数量 qty. expr.,expression,1,1,请给我一点儿水。,Qǐng gěi wǒ yìdiǎnr shuǐ.,Please give me a little water.,这个便宜一点儿。,Zhège piányi yìdiǎnr.,This one is a little cheaper.,我会说一点儿中文。,Wǒ huì shuō yìdiǎnr Zhōngwén.,I can speak a little Chinese.
262,一些,yìxiē,some; a few,数量 qty. expr.,数量 qty. expr.,expression,1,1,我买了一些水果。,Wǒ mǎi le yìxiē shuǐguǒ.,I bought some fruit.,这里有一些书。,Zhèlǐ yǒu yìxiē shū.,There are some books here.,我想问一些问题。,Wǒ xiǎng wèn yìxiē wèntí.,I want to ask some questions.
263,有,yǒu,to have; there is; having,动 v.,动 v.,verb,1,1,我有一本书。,Wǒ yǒu yì běn shū.,I have a book.,房间里有两把椅子。,Fángjiān lǐ yǒu liǎng bǎ yǐzi.,There are two chairs in the room.,你有时间吗？,Nǐ yǒu shíjiān ma?,Do you have time?
264,有的,yǒude,some,代 pron.,代 pron.,pronoun,1,1,有的学生喜欢读书。,Yǒude xuéshēng xǐhuan dúshū.,Some students like reading.,这些书有的很好看。,Zhèxiē shū yǒude hěn hǎokàn.,Some of these books are attractive.,有的人不喝茶。,Yǒude rén bù hē chá.,Some people do not drink tea.
265,有点儿,yǒudiǎnr,slightly; a little; somewhat,副 adv.,副 adv.,adverb,1,1,今天有点儿冷。,Jīntiān yǒudiǎnr lěng.,It is a little cold today.,这个菜有点儿贵。,Zhège cài yǒudiǎnr guì.,This dish is a little expensive.,我有点儿忙。,Wǒ yǒudiǎnr máng.,I am a little busy.
266,有些,yǒuxiē,some; somewhat,代 pron.; （副 adv.）,代 pron.,pronoun; adverb,1,1（3）,我有些书。,Wǒ yǒuxiē shū.,I have some books.,有些学生会说中文。,Yǒuxiē xuéshēng huì shuō Zhōngwén.,Some students can speak Chinese.,有些问题我不知道。,Yǒuxiē wèntí wǒ bù zhīdào.,There are some questions I do not know how to answer.
267,雨,yǔ,rain,名 n.,名 n.,noun,1,1,今天有雨。,Jīntiān yǒu yǔ.,Rain is expected today.,我不喜欢雨。,Wǒ bù xǐhuan yǔ.,I do not like rain.,今天的雨很大。,Jīntiān de yǔ hěn dà.,Today’s rain is heavy.
268,元,yuán,yuan,量 m.w.,量 m.w.,measure word,1,1,这本书二十元。,Zhè běn shū èr shí yuán.,This book costs twenty yuan.,我有一百元。,Wǒ yǒu yì bǎi yuán.,I have one hundred yuan.,一个苹果五元。,Yí gè píngguǒ wǔ yuán.,One apple costs five yuan.
269,月,yuè,moon; month; monthly,名 n.,名 n.,noun,1,1,现在是七月。,Xiànzài shì qī yuè.,It is July now.,我下个月去中国。,Wǒ xià gè yuè qù Zhōngguó.,I am going to China next month.,我学了三个月中文。,Wǒ xué le sān gè yuè Zhōngwén.,I studied Chinese for three months.
270,再,zài,again; once more; re-,副 adv.,副 adv.,adverb,1,1,请再说一下。,Qǐng zài shuō yíxià.,Please say it again.,我想再买一本书。,Wǒ xiǎng zài mǎi yì běn shū.,I want to buy another book.,明天再见。,Míngtiān zài jiàn.,See you again tomorrow.
271,在,zài,at; in; to be at,动 v.; 介 prep.; 副 adv.,动 v.,verb; preposition; adverb,1,1,我在学校。,Wǒ zài xuéxiào.,I am at school.,书在桌子上。,Shū zài zhuōzi shàng.,The book is on the table.,他在看电视。,Tā zài kàn diànshì.,He is watching television.
272,再见,zàijiàn,goodbye; see you again later,动 v.,动 v.,expression,1,1,老师，再见！,Lǎoshī; zàijiàn!,Goodbye; teacher!,明天再见。,Míngtiān zàijiàn.,See you tomorrow.,我们下次再见。,Wǒmen xiàcì zàijiàn.,We will see each other next time.
273,早,zǎo,early; morning; Good morning!,形 adj.,形 adj.,adjective,1,1,我早上六点起床，很早。,Wǒ zǎoshang liù diǎn qǐchuáng; hěn zǎo.,I get up at six in the morning; which is very early.,你今天来得很早。,Nǐ jīntiān lái de hěn zǎo.,You came very early today.,明天要早一点儿。,Míngtiān yào zǎo yìdiǎnr.,We need to be a little earlier tomorrow.
274,早饭,zǎofàn,breakfast,名 n.,名 n.,noun,1,1,我早上吃早饭。,Wǒ zǎoshang chī zǎofàn.,I eat breakfast in the morning.,早饭有鸡蛋和面包。,Zǎofàn yǒu jīdàn hé miànbāo.,Breakfast includes eggs and bread.,他没有吃早饭。,Tā méiyǒu chī zǎofàn.,He did not eat breakfast.
275,早上,zǎoshang,early morning,名 n.,名 n.,noun,1,1,我早上六点起床。,Wǒ zǎoshang liù diǎn qǐchuáng.,I get up at six in the morning.,早上天气有点儿冷。,Zǎoshang tiānqì yǒudiǎnr lěng.,It is a little cold in the morning.,她早上喝牛奶。,Tā zǎoshang hē niúnǎi.,She drinks milk in the morning.
276,怎么,zěnme,how,代 pron.,代 pron.,pronoun,1,1,这个字怎么读？,Zhège zì zěnme dú?,How is this character read?,你怎么去学校？,Nǐ zěnme qù xuéxiào?,How do you get to school?,你怎么了？,Nǐ zěnme le?,What is wrong?
277,怎么样,zěnmeyàng,how; how about,代 pron.,代 pron.,pronoun,1,1,今天天气怎么样？,Jīntiān tiānqì zěnmeyàng?,How is the weather today?,这个电影怎么样？,Zhège diànyǐng zěnmeyàng?,How is this movie?,我们去吃饺子，怎么样？,Wǒmen qù chī jiǎozi; zěnmeyàng?,How about going to eat dumplings?
278,找,zhǎo,to look for; to find,动 v.,动 v.,verb,1,1,我在找手机。,Wǒ zài zhǎo shǒujī.,I am looking for my phone.,她去学校找老师。,Tā qù xuéxiào zhǎo lǎoshī.,She goes to school to find the teacher.,你找谁？,Nǐ zhǎo shéi?,Who are you looking for?
279,这,zhè,this,代 pron.,代 pron.,pronoun,1,1,这是我的书。,Zhè shì wǒ de shū.,This is my book.,这很好。,Zhè hěn hǎo.,This is very good.,这是什么？,Zhè shì shénme?,What is this?
280,这边,zhèbiān,here; this side,代 pron.,代 pron.,pronoun,1,1,请来这边。,Qǐng lái zhèbiān.,Please come this way.,学校在这边。,Xuéxiào zài zhèbiān.,The school is on this side.,我坐这边。,Wǒ zuò zhèbiān.,I will sit here.
281,这个,zhège,this one,代 pron.,代 pron.,pronoun,1,1,这个是我的。,Zhège shì wǒ de.,This one is mine.,我喜欢这个。,Wǒ xǐhuan zhège.,I like this one.,这个多少钱？,Zhège duōshao qián?,How much is this?
282,这里,zhèlǐ,here,代 pron.,代 pron.,pronoun,1,1,我住在这里。,Wǒ zhù zài zhèlǐ.,I live here.,这里有一个超市。,Zhèlǐ yǒu yí gè chāoshì.,There is a supermarket here.,这里很好玩儿。,Zhèlǐ hěn hǎowánr.,It is fun here.
283,这儿,zhèr,here,代 pron.,代 pron.,pronoun,1,1,请坐这儿。,Qǐng zuò zhèr.,Please sit here.,我在这儿工作。,Wǒ zài zhèr gōngzuò.,I work here.,这儿有水。,Zhèr yǒu shuǐ.,There is water here.
284,这些,zhèxiē,these,代 pron.,代 pron.,pronoun,1,1,这些是我的书。,Zhèxiē shì wǒ de shū.,These are my books.,我喜欢这些。,Wǒ xǐhuan zhèxiē.,I like these.,这些都很好。,Zhèxiē dōu hěn hǎo.,These are all good.
285,真,zhēn,really; truly; indeed,副 adv.; （形 adj.）,副 adv.,adverb; adjective,1,1（4）,你真好。,Nǐ zhēn hǎo.,You are really kind.,这个包子真好吃。,Zhège bāozi zhēn hǎochī.,This steamed bun is really tasty.,今天真冷。,Jīntiān zhēn lěng.,It is really cold today.
286,正在,zhèngzài,right now; in the middle of,副 adv.,副 adv.,adverb,1,1,我正在学习中文。,Wǒ zhèngzài xuéxí Zhōngwén.,I am studying Chinese right now.,她正在打电话。,Tā zhèngzài dǎ diànhuà.,She is making a phone call.,孩子正在睡觉。,Háizi zhèngzài shuìjiào.,The child is sleeping.
287,只,zhī,measure word for certain animals,量 m.w.,量 m.w.,measure word,1,1,我有一只猫。,Wǒ yǒu yì zhī māo.,I have one cat.,那只狗很大。,Nà zhī gǒu hěn dà.,That dog is big.,这里有两只猫。,Zhèlǐ yǒu liǎng zhī māo.,There are two cats here.
288,知道,zhīdào,to know,动 v.,动 v.,verb,1,1,我知道他的名字。,Wǒ zhīdào tā de míngzi.,I know his name.,你知道医院在哪儿吗？,Nǐ zhīdào yīyuàn zài nǎr ma?,Do you know where the hospital is?,她不知道这个问题。,Tā bù zhīdào zhège wèntí.,She does not know the answer to this question.
289,中国,Zhōngguó,China,名 n.,名 n.,noun,1,1,我住在中国。,Wǒ zhù zài Zhōngguó.,I live in China.,中国很大。,Zhōngguó hěn dà.,China is large.,我想去中国。,Wǒ xiǎng qù Zhōngguó.,I want to go to China.
290,中文,Zhōngwén,Chinese language,名 n.,名 n.,noun,1,1,我学习中文。,Wǒ xuéxí Zhōngwén.,I study Chinese.,他会说中文。,Tā huì shuō Zhōngwén.,He can speak Chinese.,这本书是中文的。,Zhè běn shū shì Zhōngwén de.,This book is in Chinese.
291,中午,zhōngwǔ,noon; midday,名 n.,名 n.,noun,1,1,我们中午吃午饭。,Wǒmen zhōngwǔ chī wǔfàn.,We eat lunch at noon.,中午十二点下课。,Zhōngwǔ shí èr diǎn xiàkè.,Class ends at noon.,他中午在公司。,Tā zhōngwǔ zài gōngsī.,He is at the company at noon.
292,中学,zhōngxué,middle school,名 n.,名 n.,noun,1,1,我哥哥在中学上学。,Wǒ gēge zài zhōngxué shàngxué.,My older brother attends middle school.,中学在那边。,Zhōngxué zài nàbiān.,The middle school is over there.,这个中学很大。,Zhège zhōngxué hěn dà.,This middle school is large.
293,中学生,zhōngxuéshēng,middle-school student; high school student,名 n.,名 n.,noun,1,1,他是中学生。,Tā shì zhōngxuéshēng.,He is a middle school student.,那个中学生很忙。,Nàge zhōngxuéshēng hěn máng.,That middle school student is busy.,中学生在学校学习中文。,Zhōngxuéshēng zài xuéxiào xuéxí Zhōngwén.,Middle school students study Chinese at school.
294,住,zhù,to live; to dwell; to stay,动 v.,动 v.,verb,1,1,我住在中国。,Wǒ zhù zài Zhōngguó.,I live in China.,他住在学校后边。,Tā zhù zài xuéxiào hòu biān.,He lives behind the school.,你住哪儿？,Nǐ zhù nǎr?,Where do you live?
295,桌子,zhuōzi,table; desk,名 n.,名 n.,noun,1,1,书在桌子上。,Shū zài zhuōzi shàng.,The book is on the table.,房间里有一张桌子。,Fángjiān lǐ yǒu yì zhāng zhuōzi.,There is a table in the room.,这个桌子很大。,Zhège zhuōzi hěn dà.,This table is large.
296,字,zì,letter; symbol; character,名 n.,名 n.,noun,1,1,这个字怎么读？,Zhège zì zěnme dú?,How is this character read?,请写这个字。,Qǐng xiě zhège zì.,Please write this character.,我认识这个字。,Wǒ rènshi zhège zì.,I recognize this character.
297,昨天,zuótiān,yesterday,名 n.,名 n.,noun,1,1,昨天是星期天。,Zuótiān shì xīngqītiān.,Yesterday was Sunday.,我昨天买了书。,Wǒ zuótiān mǎi le shū.,I bought books yesterday.,他昨天没有上班。,Tā zuótiān méiyǒu shàngbān.,He did not work yesterday.
298,坐,zuò,to sit; to take,动 v.,动 v.,verb,1,1,请坐。,Qǐng zuò.,Please sit down.,我坐出租车去医院。,Wǒ zuò chūzūchē qù yīyuàn.,I take a taxi to the hospital.,她坐在椅子上。,Tā zuò zài yǐzi shàng.,She is sitting on the chair.
299,做,zuò,to make; to produce; to write,动 v.,动 v.,verb,1,1,我做这件事。,Wǒ zuò zhè jiàn shì.,I will do this task.,妈妈正在做饭。,Māma zhèngzài zuò fàn.,Mom is cooking.,你想做什么？,Nǐ xiǎng zuò shénme?,What do you want to do?
300,做饭,zuòfàn,to cook,动 v.,动 v.,verb,1,1,妈妈在家做饭。,Māma zài jiā zuò fàn.,Mom cooks at home.,我会做饭。,Wǒ huì zuò fàn.,I can cook.,他正在给孩子做饭。,Tā zhèngzài gěi háizi zuò fàn.,He is cooking for the child.
301,啊,a,ah; sentence particle,助 part.,助 part.,particle,2,2,啊，我明白了。,A; wǒ míngbai le.,Ah; I understand now.,好啊，我们一起去。,Hǎo a; wǒmen yìqǐ qù.,Sure; let’s go together.,你也来了啊！,Nǐ yě lái le a!,Oh; you came too!
302,爱好,àihào,to like; to enjoy; interest,动 v.; 名 n.,动 v.,verb; noun,2,2,我会爱好。,Wǒ huì àihào.,I can like.,他正在爱好。,Tā zhèngzài àihào.,He is likeing.,我们一起爱好吧。,Wǒmen yìqǐ àihào ba.,Let’s like together.
303,白色,báisè,white; fig. reactionary,名 n.,名 n.,noun,2,2,这是白色。,Zhè shì báisè.,This is white.,我看见了白色。,Wǒ kànjiàn le báisè.,I saw white.,白色在这里。,Báisè zài zhèlǐ.,The white is here.
304,班,bān,class; shift; measure word for scheduled transport,名 n.; （量 m.w.）,名 n.,noun,2,2（5）,这是班。,Zhè shì bān.,This is class.,我看见了班。,Wǒ kànjiàn le bān.,I saw class.,班在这里。,Bān zài zhèlǐ.,The class is here.
305,帮,bāng,to help; to assist; to support,动 v.,动 v.,verb,2,2,我会帮。,Wǒ huì bāng.,I can help.,他正在帮。,Tā zhèngzài bāng.,He is helping.,我们一起帮吧。,Wǒmen yìqǐ bāng ba.,Let’s help together.
306,帮忙,bāngmáng,to help; to lend a hand; to do a favor,动 v.,动 v.,verb,2,2,我会帮忙。,Wǒ huì bāngmáng.,I can help.,他正在帮忙。,Tā zhèngzài bāngmáng.,He is helping.,我们一起帮忙吧。,Wǒmen yìqǐ bāngmáng ba.,Let’s help together.
307,包,bāo,bag; package; to wrap,动 v.; 名 n.; 量 m.w.,动 v.,verb; noun,2,2,我会包。,Wǒ huì bāo.,I can bag.,他正在包。,Tā zhèngzài bāo.,He is baging.,我们一起包吧。,Wǒmen yìqǐ bāo ba.,Let’s bag together.
308,本子,běnzi,book; notebook; edition,名 n.,名 n.,noun,2,2,这是本子。,Zhè shì běnzi.,This is notebook.,我看见了本子。,Wǒ kànjiàn le běnzi.,I saw notebook.,本子在这里。,Běnzi zài zhèlǐ.,The notebook is here.
309,比,bǐ,than; to compare,动 v.; 介 prep.,动 v.,preposition; verb,2,2,他比我高。,Tā bǐ wǒ gāo.,He is taller than me.,火车比公交车快。,Huǒchē bǐ gōngjiāochē kuài.,The train is faster than the bus.,今天比昨天冷。,Jīntiān bǐ zuótiān lěng.,Today is colder than yesterday.
310,笔,bǐ,pen; measure word for sums of money,名 n.; （量 m.w.）,名 n.,noun,2,2（5）,这是笔。,Zhè shì bǐ.,This is pen.,我看见了笔。,Wǒ kànjiàn le bǐ.,I saw pen.,笔在这里。,Bǐ zài zhèlǐ.,The pen is here.
311,别,bié,don't,副 adv.,副 adv.,adverb,2,2,我会别。,Wǒ huì bié.,I can don't.,他正在别。,Tā zhèngzài bié.,He is don'ting.,我们一起别吧。,Wǒmen yìqǐ bié ba.,Let’s don't together.
312,不错,búcuò,correct; right; not bad,形 adj.,形 adj.,adjective,2,2,这个很不错。,Zhège hěn búcuò.,This is very not bad.,今天不太不错。,Jīntiān bú tài búcuò.,Today it is not very not bad.,我觉得它很不错。,Wǒ juéde tā hěn búcuò.,I think it is very not bad.
313,不好意思,bùhǎoyìsi,excuse me; sorry; embarrassed,叹 interj.,叹 interj.,interjection,2,2,这是不好意思。,Zhè shì bùhǎoyìsi.,This is excuse me.,我看见了不好意思。,Wǒ kànjiàn le bùhǎoyìsi.,I saw excuse me.,不好意思在这里。,Bùhǎoyìsi zài zhèlǐ.,The excuse me is here.
314,长,cháng,length; long; forever,形 adj.,形 adj.,adjective,2,2,这个很长。,Zhège hěn cháng.,This is very long.,今天不太长。,Jīntiān bú tài cháng.,Today it is not very long.,我觉得它很长。,Wǒ juéde tā hěn cháng.,I think it is very long.
315,车站,chēzhàn,rail station; bus stop,名 n.,名 n.,noun,2,2,这是车站。,Zhè shì chēzhàn.,This is station.,我看见了车站。,Wǒ kànjiàn le chēzhàn.,I saw station.,车站在这里。,Chēzhàn zài zhèlǐ.,The station is here.
316,出,chū,to go out; to come out; to occur,动 v.,动 v.,verb,2,2,我会出。,Wǒ huì chū.,I can go out.,他正在出。,Tā zhèngzài chū.,He is go outing.,我们一起出吧。,Wǒmen yìqǐ chū ba.,Let’s go out together.
317,出国,chūguó,to go abroad; to leave the country,动 v.,动 v.,verb,2,2,我会出国。,Wǒ huì chūguó.,I can go abroad.,他正在出国。,Tā zhèngzài chūguó.,He is go abroading.,我们一起出国吧。,Wǒmen yìqǐ chūguó ba.,Let’s go abroad together.
318,出来,chūlái,to come out; to appear; to arise,动 v.,动 v.,verb,2,2,我会出来。,Wǒ huì chūlái.,I can come out.,他正在出来。,Tā zhèngzài chūlái.,He is come outing.,我们一起出来吧。,Wǒmen yìqǐ chūlái ba.,Let’s come out together.
319,出门,chūmén,to go out; to leave home,动 v.,动 v.,verb,2,2,我会出门。,Wǒ huì chūmén.,I can go out.,他正在出门。,Tā zhèngzài chūmén.,He is go outing.,我们一起出门吧。,Wǒmen yìqǐ chūmén ba.,Let’s go out together.
320,出去,chūqù,to go out,动 v.,动 v.,verb,2,2,我会出去。,Wǒ huì chūqù.,I can go out.,他正在出去。,Tā zhèngzài chūqù.,He is go outing.,我们一起出去吧。,Wǒmen yìqǐ chūqù ba.,Let’s go out together.
321,床,chuáng,bed; couch; classifier for beds,名 n.,名 n.,noun,2,2,这是床。,Zhè shì chuáng.,This is bed.,我看见了床。,Wǒ kànjiàn le chuáng.,I saw bed.,床在这里。,Chuáng zài zhèlǐ.,The bed is here.
322,词,cí,word; statement; speech,名 n.,名 n.,noun,2,2,这是词。,Zhè shì cí.,This is word.,我看见了词。,Wǒ kànjiàn le cí.,I saw word.,词在这里。,Cí zài zhèlǐ.,The word is here.
323,次,cì,measure word for enumerated events,量 m.w.; （形 adj.）,量 m.w.,measure word,2,2（7-9）,我去过三次。,Wǒ qù guo sān cì.,I have done it three times using 次.,请再说一次。,Qǐng zài shuō yí cì.,Please say it one more time.,这是第一次。,Zhè shì dì-yī cì.,This is the first one.
324,从,cóng,from,介 prep.; （副 adv.）,介 prep.,preposition,2,2（4）,我从北京来。,Wǒ cóng Běijīng lái.,I come from Beijing.,从这里往左走。,Cóng zhèlǐ wǎng zuǒ zǒu.,Go left from here.,他从小喜欢画画。,Tā cóngxiǎo xǐhuan huàhuà.,He has liked drawing since childhood.
325,从小,cóngxiǎo,from childhood; from a young age,副 adv.,副 adv.,adverb,2,2,我会从小。,Wǒ huì cóngxiǎo.,I can from childhood.,他正在从小。,Tā zhèngzài cóngxiǎo.,He is from childhooding.,我们一起从小吧。,Wǒmen yìqǐ cóngxiǎo ba.,Let’s from childhood together.
326,错,cuò,mistake; wrong; bad,形 adj.,形 adj.,adjective,2,2,这个很错。,Zhège hěn cuò.,This is very wrong.,今天不太错。,Jīntiān bú tài cuò.,Today it is not very wrong.,我觉得它很错。,Wǒ juéde tā hěn cuò.,I think it is very wrong.
327,打,dǎ,to hit; to do,动 v.,动 v.,verb,2,2,我会打。,Wǒ huì dǎ.,I can hit.,他正在打。,Tā zhèngzài dǎ.,He is hiting.,我们一起打吧。,Wǒmen yìqǐ dǎ ba.,Let’s hit together.
328,打车,dǎchē,to take a taxi; to hitch a lift,动 v.,动 v.,verb,2,2,我会打车。,Wǒ huì dǎchē.,I can take a taxi.,他正在打车。,Tā zhèngzài dǎchē.,He is take a taxiing.,我们一起打车吧。,Wǒmen yìqǐ dǎchē ba.,Let’s take a taxi together.
329,打开,dǎkāi,to open; to show; to turn on,动 v.,动 v.,verb,2,2,我会打开。,Wǒ huì dǎkāi.,I can open.,他正在打开。,Tā zhèngzài dǎkāi.,He is opening.,我们一起打开吧。,Wǒmen yìqǐ dǎkāi ba.,Let’s open together.
330,但,dàn,but,连 conj.; （副 adv.）,连 conj.,conjunction,2,2（7-9）,我想去，但今天很忙。,Wǒ xiǎng qù; dàn jīntiān hěn máng.,I want to go; but I am busy today.,东西不错，但有点儿贵。,Dōngxi búcuò; dàn yǒudiǎnr guì.,The item is good; but a little expensive.,他很累，但还在学习。,Tā hěn lèi; dàn hái zài xuéxí.,He is tired; but he is still studying.
331,但是,dànshì,but,连 conj.,连 conj.,conjunction,2,2,我喜欢，但是我不买。,Wǒ xǐhuan; dànshì wǒ bù mǎi.,I like it; but I will not buy it.,天气很冷，但是他出门了。,Tiānqì hěn lěng; dànshì tā chūmén le.,It is cold; but he went out.,路很远，但是我们想去。,Lù hěn yuǎn; dànshì wǒmen xiǎng qù.,The road is long; but we want to go.
332,得,de,complement particle,助 part.,助 part.,particle,2,2,他说得很好。,Tā shuō de hěn hǎo.,He speaks very well.,她跑得很快。,Tā pǎo de hěn kuài.,She runs very fast.,你写得不错。,Nǐ xiě de búcuò.,You write quite well.
333,地,de,adverbial particle,助 part.,助 part.,particle,2,2,他高兴地笑了。,Tā gāoxìng de xiào le.,He smiled happily.,她慢慢地走进来。,Tā mànmàn de zǒu jìnlái.,She walked in slowly.,请认真地听。,Qǐng rènzhēn de tīng.,Please listen carefully.
334,等,děng,to wait; and so on,动 v.; （介 prep.）,动 v.,verb,2,2（4）,我会等。,Wǒ huì děng.,I can wait.,他正在等。,Tā zhèngzài děng.,He is waiting.,我们一起等吧。,Wǒmen yìqǐ děng ba.,Let’s wait together.
335,地铁,dìtiě,subway,名 n.,名 n.,noun,2,2,这是地铁。,Zhè shì dìtiě.,This is subway.,我看见了地铁。,Wǒ kànjiàn le dìtiě.,I saw subway.,地铁在这里。,Dìtiě zài zhèlǐ.,The subway is here.
336,点,diǎn,to order; dot; point,动 v.; （名 n.; 量 m.w.）,动 v.,verb,2,2（4）,我会点。,Wǒ huì diǎn.,I can order (food).,他正在点。,Tā zhèngzài diǎn.,He is order (food)ing.,我们一起点吧。,Wǒmen yìqǐ diǎn ba.,Let’s order (food) together.
337,懂,dǒng,to understand; to comprehend,动 v.,动 v.,verb,2,2,我会懂。,Wǒ huì dǒng.,I can understand.,他正在懂。,Tā zhèngzài dǒng.,He is understanding.,我们一起懂吧。,Wǒmen yìqǐ dǒng ba.,Let’s understand together.
338,动,dòng,to move,动 v.,动 v.,verb,2,2,我会动。,Wǒ huì dòng.,I can move.,他正在动。,Tā zhèngzài dòng.,He is moveing.,我们一起动吧。,Wǒmen yìqǐ dòng ba.,Let’s move together.
339,饭馆,fànguǎn,restaurant,名 n.,名 n.,noun,2,2,这是饭馆。,Zhè shì fànguǎn.,This is restaurant.,我看见了饭馆。,Wǒ kànjiàn le fànguǎn.,I saw restaurant.,饭馆在这里。,Fànguǎn zài zhèlǐ.,The restaurant is here.
340,飞,fēi,to fly,动 v.,动 v.,verb,2,2,我会飞。,Wǒ huì fēi.,I can fly.,他正在飞。,Tā zhèngzài fēi.,He is flying.,我们一起飞吧。,Wǒmen yìqǐ fēi ba.,Let’s fly together.
341,高,gāo,high; tall; above average,形 adj.; 名 n.,形 adj.,adjective,2,2,这个很高。,Zhège hěn gāo.,This is very high.,今天不太高。,Jīntiān bú tài gāo.,Today it is not very high.,我觉得它很高。,Wǒ juéde tā hěn gāo.,I think it is very high.
342,高中,gāozhōng,high school,名 n.,名 n.,noun,2,2,这是高中。,Zhè shì gāozhōng.,This is high school.,我看见了高中。,Wǒ kànjiàn le gāozhōng.,I saw high school.,高中在这里。,Gāozhōng zài zhèlǐ.,The high school is here.
343,告诉,gàosu,to tell; to inform; to let know,动 v.,动 v.,verb,2,2,我会告诉。,Wǒ huì gàosu.,I can tell.,他正在告诉。,Tā zhèngzài gàosu.,He is telling.,我们一起告诉吧。,Wǒmen yìqǐ gàosu ba.,Let’s tell together.
344,个子,gèzi,height; stature; build,名 n.,名 n.,noun,2,2,这是个子。,Zhè shì gèzi.,This is height.,我看见了个子。,Wǒ kànjiàn le gèzi.,I saw height.,个子在这里。,Gèzi zài zhèlǐ.,The height is here.
345,跟,gēn,with; and,介 prep.; 连 conj.; （名 n.; 动 v.）,介 prep.,preposition; conjunction,2,2（5）,这个词是“跟”。,Zhège cí shì “gēn”.,This word is “with.”,请用“跟”说一句话。,Qǐng yòng “gēn” shuō yí jù huà.,Please make a sentence with “跟.”,老师解释了“跟”的用法。,Lǎoshī jiěshì le “gēn” de yòngfǎ.,The teacher explained how to use “跟.”
346,公交车,gōngjiāochē,public transport vehicle; town bus,名 n.,名 n.,noun,2,2,这是公交车。,Zhè shì gōngjiāochē.,This is bus.,我看见了公交车。,Wǒ kànjiàn le gōngjiāochē.,I saw bus.,公交车在这里。,Gōngjiāochē zài zhèlǐ.,The bus is here.
347,过,guò,experienced-action particle,动 v.,动 v.,verb,2,2,我去过中国。,Wǒ qù guo Zhōngguó.,I have been to China.,你吃过这个菜吗？,Nǐ chī guo zhège cài ma?,Have you eaten this dish before?,他没看过这部电影。,Tā méi kàn guo zhè bù diànyǐng.,He has not seen this movie.
348,过,guòlái,to come over; to manage; to handle,动 v.,动 v.,particle,2,2,我去过中国。,Wǒ qù guo Zhōngguó.,I have been to China.,你吃过这个菜吗？,Nǐ chī guo zhège cài ma?,Have you eaten this dish before?,他没看过这部电影。,Tā méi kàn guo zhè bù diànyǐng.,He has not seen this movie.
349,过来,guònián,to celebrate the Chinese New Year,动 v.,动 v.,verb,2,2,我会过来。,Wǒ huì guòlái.,I can come over.,他正在过来。,Tā zhèngzài guòlái.,He is come overing.,我们一起过来吧。,Wǒmen yìqǐ guòlái ba.,Let’s come over together.
350,过年,guòqù,to go over; to pass,动 v.,动 v.,verb,2,2,我会过年。,Wǒ huì guònián.,I can celebrate New Year.,他正在过年。,Tā zhèngzài guònián.,He is celebrate New Yearing.,我们一起过年吧。,Wǒmen yìqǐ guònián ba.,Let’s celebrate New Year together.
351,过去,guo,experienced-action particle,助 part.,助 part.,verb,2,2,我会过去。,Wǒ huì guòqù.,I can go over.,他正在过去。,Tā zhèngzài guòqù.,He is go overing.,我们一起过去吧。,Wǒmen yìqǐ guòqù ba.,Let’s go over together.
352,还是,háishi,or; still,副 adv.; 连 conj.,副 adv.,conjunction; adverb,2,2,你喝茶还是咖啡？,Nǐ hē chá háishi kāfēi?,Do you drink tea or coffee?,我们坐地铁还是公交车？,Wǒmen zuò dìtiě háishi gōngjiāochē?,Should we take the subway or the bus?,他还是喜欢跑步。,Tā háishi xǐhuan pǎobù.,He still likes running.
353,黑色,hēisè,black,名 n.,名 n.,noun,2,2,这是黑色。,Zhè shì hēisè.,This is black.,我看见了黑色。,Wǒ kànjiàn le hēisè.,I saw black.,黑色在这里。,Hēisè zài zhèlǐ.,The black is here.
354,红茶,hóngchá,black tea,名 n.,名 n.,noun,2,2,这是红茶。,Zhè shì hóngchá.,This is black tea.,我看见了红茶。,Wǒ kànjiàn le hóngchá.,I saw black tea.,红茶在这里。,Hóngchá zài zhèlǐ.,The black tea is here.
355,红色,hóngsè,red; revolutionary,名 n.,名 n.,noun,2,2,这是红色。,Zhè shì hóngsè.,This is red.,我看见了红色。,Wǒ kànjiàn le hóngsè.,I saw red.,红色在这里。,Hóngsè zài zhèlǐ.,The red is here.
356,后面,hòumiàn,the back; the rear; the last bit,名 n.,名 n.,noun,2,2,这是后面。,Zhè shì hòumiàn.,This is the back.,我看见了后面。,Wǒ kànjiàn le hòumiàn.,I saw the back.,后面在这里。,Hòumiàn zài zhèlǐ.,The the back is here.
357,花,huā,to spend,动 v.,动 v.,verb,2,2,我会花。,Wǒ huì huā.,I can spend.,他正在花。,Tā zhèngzài huā.,He is spending.,我们一起花吧。,Wǒmen yìqǐ huā ba.,Let’s spend together.
358,花,huā,flower,名 n.; （形 adj.）,名 n.,noun,2,2（6）,这是花。,Zhè shì huā.,This is flower.,我看见了花。,Wǒ kànjiàn le huā.,I saw flower.,花在这里。,Huā zài zhèlǐ.,The flower is here.
359,画,huà,to draw; to paint; picture,动 v.; 名 n.,动 v.,verb; noun,2,2,我会画。,Wǒ huì huà.,I can draw.,他正在画。,Tā zhèngzài huà.,He is drawing.,我们一起画吧。,Wǒmen yìqǐ huà ba.,Let’s draw together.
360,坏,huài,bad; spoiled; broken,形 adj.,形 adj.,adjective,2,2,这个很坏。,Zhège hěn huài.,This is very bad.,今天不太坏。,Jīntiān bú tài huài.,Today it is not very bad.,我觉得它很坏。,Wǒ juéde tā hěn huài.,I think it is very bad.
361,回来,huílái,to return; to come back,动 v.,动 v.,verb,2,2,我会回来。,Wǒ huì huílái.,I can come back.,他正在回来。,Tā zhèngzài huílái.,He is come backing.,我们一起回来吧。,Wǒmen yìqǐ huílái ba.,Let’s come back together.
362,回去,huíqù,to return; to go back,动 v.,动 v.,verb,2,2,我会回去。,Wǒ huì huíqù.,I can go back.,他正在回去。,Tā zhèngzài huíqù.,He is go backing.,我们一起回去吧。,Wǒmen yìqǐ huíqù ba.,Let’s go back together.
363,机场,jīchǎng,airport,名 n.,名 n.,noun,2,2,这是机场。,Zhè shì jīchǎng.,This is airport.,我看见了机场。,Wǒ kànjiàn le jīchǎng.,I saw airport.,机场在这里。,Jīchǎng zài zhèlǐ.,The airport is here.
364,机票,jīpiào,air ticket; passenger ticket,名 n.,名 n.,noun,2,2,这是机票。,Zhè shì jīpiào.,This is plane ticket.,我看见了机票。,Wǒ kànjiàn le jīpiào.,I saw plane ticket.,机票在这里。,Jīpiào zài zhèlǐ.,The plane ticket is here.
365,记得,jìde,to remember,动 v.,动 v.,verb,2,2,我会记得。,Wǒ huì jìde.,I can remember.,他正在记得。,Tā zhèngzài jìde.,He is remembering.,我们一起记得吧。,Wǒmen yìqǐ jìde ba.,Let’s remember together.
366,间,jiān,room; measure word for rooms,量 m.w.; （名 n.）,量 m.w.,measure word,2,2（4）,我去过三间。,Wǒ qù guo sān jiān.,I have done it three times using 间.,请再说一间。,Qǐng zài shuō yí jiān.,Please say it one more time.,这是第一间。,Zhè shì dì-yī jiān.,This is the first one.
367,教,jiāo,to teach,动 v.,动 v.,verb,2,2,我会教。,Wǒ huì jiāo.,I can teach.,他正在教。,Tā zhèngzài jiāo.,He is teaching.,我们一起教吧。,Wǒmen yìqǐ jiāo ba.,Let’s teach together.
368,教室,jiàoshì,classroom,名 n.,名 n.,noun,2,2,这是教室。,Zhè shì jiàoshì.,This is classroom.,我看见了教室。,Wǒ kànjiàn le jiàoshì.,I saw classroom.,教室在这里。,Jiàoshì zài zhèlǐ.,The classroom is here.
369,介绍,jièshào,to introduce,动 v.,动 v.,verb,2,2,我会介绍。,Wǒ huì jièshào.,I can introduce.,他正在介绍。,Tā zhèngzài jièshào.,He is introduceing.,我们一起介绍吧。,Wǒmen yìqǐ jièshào ba.,Let’s introduce together.
370,进,jìn,to go forward; to advance; to go in,动 v.,动 v.,verb,2,2,我会进。,Wǒ huì jìn.,I can enter.,他正在进。,Tā zhèngzài jìn.,He is entering.,我们一起进吧。,Wǒmen yìqǐ jìn ba.,Let’s enter together.
371,近,jìn,near; close to; approximately,形 adj.,形 adj.,adjective,2,2,这个很近。,Zhège hěn jìn.,This is very near.,今天不太近。,Jīntiān bú tài jìn.,Today it is not very near.,我觉得它很近。,Wǒ juéde tā hěn jìn.,I think it is very near.
372,进来,jìnlái,to come in,动 v.,动 v.,verb,2,2,我会进来。,Wǒ huì jìnlái.,I can come in.,他正在进来。,Tā zhèngzài jìnlái.,He is come ining.,我们一起进来吧。,Wǒmen yìqǐ jìnlái ba.,Let’s come in together.
373,进去,jìnqù,to go in,动 v.,动 v.,verb,2,2,我会进去。,Wǒ huì jìnqù.,I can go in.,他正在进去。,Tā zhèngzài jìnqù.,He is go ining.,我们一起进去吧。,Wǒmen yìqǐ jìnqù ba.,Let’s go in together.
374,经常,jīngcháng,frequently; constantly; regularly,副 adv.,副 adv.,adverb,2,2,我会经常。,Wǒ huì jīngcháng.,I can frequently.,他正在经常。,Tā zhèngzài jīngcháng.,He is frequentlying.,我们一起经常吧。,Wǒmen yìqǐ jīngcháng ba.,Let’s frequently together.
375,酒店,jiǔdiàn,wine shop; pub; hotel,名 n.,名 n.,noun,2,2,这是酒店。,Zhè shì jiǔdiàn.,This is hotel.,我看见了酒店。,Wǒ kànjiàn le jiǔdiàn.,I saw hotel.,酒店在这里。,Jiǔdiàn zài zhèlǐ.,The hotel is here.
376,就,jiù,then; right away,副 adv.; （介 prep.）,副 adv.,adverb,2,2（7-9）,我会就。,Wǒ huì jiù.,I can then.,他正在就。,Tā zhèngzài jiù.,He is thening.,我们一起就吧。,Wǒmen yìqǐ jiù ba.,Let’s then together.
377,咖啡,kāfēi,coffee,名 n.,名 n.,noun,2,2,这是咖啡。,Zhè shì kāfēi.,This is coffee.,我看见了咖啡。,Wǒ kànjiàn le kāfēi.,I saw coffee.,咖啡在这里。,Kāfēi zài zhèlǐ.,The coffee is here.
378,开始,kāishǐ,to begin; beginning; to start,动 v.; 名 n.,动 v.,verb; noun,2,2,我会开始。,Wǒ huì kāishǐ.,I can begin.,他正在开始。,Tā zhèngzài kāishǐ.,He is begining.,我们一起开始吧。,Wǒmen yìqǐ kāishǐ ba.,Let’s begin together.
379,开学,kāixué,school starts; semester begins,动 v.,动 v.,verb,2,2,我会开学。,Wǒ huì kāixué.,I can school starts.,他正在开学。,Tā zhèngzài kāixué.,He is school startsing.,我们一起开学吧。,Wǒmen yìqǐ kāixué ba.,Let’s school starts together.
380,考,kǎo,to check; to verify; to test,动 v.,动 v.,verb,2,2,我会考。,Wǒ huì kǎo.,I can test.,他正在考。,Tā zhèngzài kǎo.,He is testing.,我们一起考吧。,Wǒmen yìqǐ kǎo ba.,Let’s test together.
381,考试,kǎoshì,to take an exam; exam,动 v.; 名 n.,动 v.,noun; verb,2,2,我会考试。,Wǒ huì kǎoshì.,I can exam.,他正在考试。,Tā zhèngzài kǎoshì.,He is examing.,我们一起考试吧。,Wǒmen yìqǐ kǎoshì ba.,Let’s exam together.
382,可能,kěnéng,might; possible; probable,形 adj.; 名 n.; 动 v.,形 adj.,adjective; adverb,2,2,我会可能。,Wǒ huì kěnéng.,I can might.,他正在可能。,Tā zhèngzài kěnéng.,He is mighting.,我们一起可能吧。,Wǒmen yìqǐ kěnéng ba.,Let’s might together.
383,裤子,kùzi,trousers; pants,名 n.,名 n.,noun,2,2,这是裤子。,Zhè shì kùzi.,This is trousers.,我看见了裤子。,Wǒ kànjiàn le kùzi.,I saw trousers.,裤子在这里。,Kùzi zài zhèlǐ.,The trousers is here.
384,快,kuài,rapid; quick; speed,形 adj.; 副 adv.,形 adj.,adjective; adverb,2,2,我会快。,Wǒ huì kuài.,I can fast.,他正在快。,Tā zhèngzài kuài.,He is fasting.,我们一起快吧。,Wǒmen yìqǐ kuài ba.,Let’s fast together.
385,快乐,kuàilè,happy; joyful,形 adj.,形 adj.,adjective,2,2,这个很快乐。,Zhège hěn kuàilè.,This is very happy.,今天不太快乐。,Jīntiān bú tài kuàilè.,Today it is not very happy.,我觉得它很快乐。,Wǒ juéde tā hěn kuàilè.,I think it is very happy.
386,快要,kuàiyào,about to,副 adv.,副 adv.,adverb,2,2,我会快要。,Wǒ huì kuàiyào.,I can about to.,他正在快要。,Tā zhèngzài kuàiyào.,He is about toing.,我们一起快要吧。,Wǒmen yìqǐ kuàiyào ba.,Let’s about to together.
387,篮球,lánqiú,basketball,名 n.,名 n.,noun,2,2,这是篮球。,Zhè shì lánqiú.,This is basketball.,我看见了篮球。,Wǒ kànjiàn le lánqiú.,I saw basketball.,篮球在这里。,Lánqiú zài zhèlǐ.,The basketball is here.
388,累,lèi,tired; weary; to strain,形 adj.; 动 v.,形 adj.,adjective,2,2,这个很累。,Zhège hěn lèi.,This is very tired.,今天不太累。,Jīntiān bú tài lèi.,Today it is not very tired.,我觉得它很累。,Wǒ juéde tā hěn lèi.,I think it is very tired.
389,离,lí,from; away from,动 v.,动 v.,preposition,2,2,这个词是“离”。,Zhège cí shì “lí”.,This word is “from.”,请用“离”说一句话。,Qǐng yòng “lí” shuō yí jù huà.,Please make a sentence with “离.”,老师解释了“离”的用法。,Lǎoshī jiěshì le “lí” de yòngfǎ.,The teacher explained how to use “离.”
390,里面,lǐmiàn,inside,名 n.,名 n.,noun,2,2,这是里面。,Zhè shì lǐmiàn.,This is inside.,我看见了里面。,Wǒ kànjiàn le lǐmiàn.,I saw inside.,里面在这里。,Lǐmiàn zài zhèlǐ.,The inside is here.
391,楼,lóu,building; floor,名 n.,名 n.,noun,2,2,这是楼。,Zhè shì lóu.,This is building.,我看见了楼。,Wǒ kànjiàn le lóu.,I saw building.,楼在这里。,Lóu zài zhèlǐ.,The building is here.
392,路,lù,road; journey; route,名 n.,名 n.,noun,2,2,这是路。,Zhè shì lù.,This is road.,我看见了路。,Wǒ kànjiàn le lù.,I saw road.,路在这里。,Lù zài zhèlǐ.,The road is here.
393,路上,lùshang,on the way; on the road,名 n.,名 n.,noun,2,2,这是路上。,Zhè shì lùshang.,This is on the way.,我看见了路上。,Wǒ kànjiàn le lùshang.,I saw on the way.,路上在这里。,Lùshang zài zhèlǐ.,The on the way is here.
394,旅游,lǚyóu,trip; journey; tourism,动 v.,动 v.,verb; noun,2,2,我会旅游。,Wǒ huì lǚyóu.,I can travel.,他正在旅游。,Tā zhèngzài lǚyóu.,He is traveling.,我们一起旅游吧。,Wǒmen yìqǐ lǚyóu ba.,Let’s travel together.
395,绿茶,lǜchá,green tea,名 n.,名 n.,noun,2,2,这是绿茶。,Zhè shì lǜchá.,This is green tea.,我看见了绿茶。,Wǒ kànjiàn le lǜchá.,I saw green tea.,绿茶在这里。,Lǜchá zài zhèlǐ.,The green tea is here.
396,绿色,lǜsè,green,名 n.; （形 adj.）,名 n.,noun,2,2（4）,这是绿色。,Zhè shì lǜsè.,This is green.,我看见了绿色。,Wǒ kànjiàn le lǜsè.,I saw green.,绿色在这里。,Lǜsè zài zhèlǐ.,The green is here.
397,慢,màn,slow,形 adj.,形 adj.,adjective,2,2,这个很慢。,Zhège hěn màn.,This is very slow.,今天不太慢。,Jīntiān bú tài màn.,Today it is not very slow.,我觉得它很慢。,Wǒ juéde tā hěn màn.,I think it is very slow.
398,没意思,méiyìsi,boring; not interesting,形 adj.,形 adj.,adjective,2,2,这个很没意思。,Zhège hěn méiyìsi.,This is very boring.,今天不太没意思。,Jīntiān bú tài méiyìsi.,Today it is not very boring.,我觉得它很没意思。,Wǒ juéde tā hěn méiyìsi.,I think it is very boring.
399,每,měi,every,代 pron.; （副 adv.）,代 pron.,pronoun,2,2（4）,我每天学习中文。,Wǒ měitiān xuéxí Zhōngwén.,I study Chinese every day.,每个人都很高兴。,Měi ge rén dōu hěn gāoxìng.,Everyone is happy.,她每周去游泳。,Tā měi zhōu qù yóuyǒng.,She goes swimming every week.
400,门,mén,gate; door; gateway,名 n.,名 n.,noun,2,2,这是门。,Zhè shì mén.,This is door.,我看见了门。,Wǒ kànjiàn le mén.,I saw door.,门在这里。,Mén zài zhèlǐ.,The door is here.
401,门口,ménkǒu,doorway; gate,名 n.,名 n.,noun,2,2,这是门口。,Zhè shì ménkǒu.,This is doorway.,我看见了门口。,Wǒ kànjiàn le ménkǒu.,I saw doorway.,门口在这里。,Ménkǒu zài zhèlǐ.,The doorway is here.
402,门票,ménpiào,ticket,名 n.,名 n.,noun,2,2,这是门票。,Zhè shì ménpiào.,This is ticket (admission).,我看见了门票。,Wǒ kànjiàn le ménpiào.,I saw ticket (admission).,门票在这里。,Ménpiào zài zhèlǐ.,The ticket (admission) is here.
403,面,miàn,suffix: side; aspect,后缀 suff.; （动 v.; 名 n.; 量 m.w.）,后缀 suff.,suffix,2,2（5）,这是面。,Zhè shì miàn.,This is side.,我看见了面。,Wǒ kànjiàn le miàn.,I saw side.,面在这里。,Miàn zài zhèlǐ.,The side is here.
404,名,míng,name; measure word for people,名 n.; 量 m.w.,名 n.,noun; measure word,2,2,我去过三名。,Wǒ qù guo sān míng.,I have done it three times using 名.,请再说一名。,Qǐng zài shuō yí míng.,Please say it one more time.,这是第一名。,Zhè shì dì-yī míng.,This is the first one.
405,拿,ná,to hold; to seize; to catch,动 v.,动 v.,verb,2,2,我会拿。,Wǒ huì ná.,I can hold.,他正在拿。,Tā zhèngzài ná.,He is holding.,我们一起拿吧。,Wǒmen yìqǐ ná ba.,Let’s hold together.
406,那么,nàme,so; that way,代 pron.; 连 conj.,代 pron.,pronoun; conjunction,2,2,这个词是“那么”。,Zhège cí shì “nàme”.,This word is “so.”,请用“那么”说一句话。,Qǐng yòng “nàme” shuō yí jù huà.,Please make a sentence with “那么.”,老师解释了“那么”的用法。,Lǎoshī jiěshì le “nàme” de yòngfǎ.,The teacher explained how to use “那么.”
407,那样,nàyàng,that way; like that,代 pron.,代 pron.,pronoun,2,2,这个词是“那样”。,Zhège cí shì “nàyàng”.,This word is “that way.”,请用“那样”说一句话。,Qǐng yòng “nàyàng” shuō yí jù huà.,Please make a sentence with “那样.”,老师解释了“那样”的用法。,Lǎoshī jiěshì le “nàyàng” de yòngfǎ.,The teacher explained how to use “那样.”
408,奶茶,nǎichá,milk tea,名 n.,名 n.,noun,2,2,这是奶茶。,Zhè shì nǎichá.,This is milk tea.,我看见了奶茶。,Wǒ kànjiàn le nǎichá.,I saw milk tea.,奶茶在这里。,Nǎichá zài zhèlǐ.,The milk tea is here.
409,奶奶,nǎinai,grandma,名 n.,名 n.,noun,2,2,这是奶奶。,Zhè shì nǎinai.,This is grandma.,我看见了奶奶。,Wǒ kànjiàn le nǎinai.,I saw grandma.,奶奶在这里。,Nǎinai zài zhèlǐ.,The grandma is here.
410,男孩儿,nánháir,boy,名 n.,名 n.,noun,2,2,这是男孩儿。,Zhè shì nánháir.,This is boy.,我看见了男孩儿。,Wǒ kànjiàn le nánháir.,I saw boy.,男孩儿在这里。,Nánháir zài zhèlǐ.,The boy is here.
411,鸟,niǎo,bird,名 n.,名 n.,noun,2,2,这是鸟。,Zhè shì niǎo.,This is bird.,我看见了鸟。,Wǒ kànjiàn le niǎo.,I saw bird.,鸟在这里。,Niǎo zài zhèlǐ.,The bird is here.
412,女孩儿,nǚháir,girl,名 n.,名 n.,noun,2,2,这是女孩儿。,Zhè shì nǚháir.,This is girl.,我看见了女孩儿。,Wǒ kànjiàn le nǚháir.,I saw girl.,女孩儿在这里。,Nǚháir zài zhèlǐ.,The girl is here.
413,旁边,pángbiān,side; adjacent place,名 n.,名 n.,noun,2,2,这是旁边。,Zhè shì pángbiān.,This is beside.,我看见了旁边。,Wǒ kànjiàn le pángbiān.,I saw beside.,旁边在这里。,Pángbiān zài zhèlǐ.,The beside is here.
414,跑,pǎo,to run; to run away; to escape,动 v.,动 v.,verb,2,2,我会跑。,Wǒ huì pǎo.,I can run.,他正在跑。,Tā zhèngzài pǎo.,He is runing.,我们一起跑吧。,Wǒmen yìqǐ pǎo ba.,Let’s run together.
415,跑步,pǎobù,to run; to jog,动 v.,动 v.,verb,2,2,我会跑步。,Wǒ huì pǎobù.,I can run.,他正在跑步。,Tā zhèngzài pǎobù.,He is runing.,我们一起跑步吧。,Wǒmen yìqǐ pǎobù ba.,Let’s run together.
416,票,piào,ticket; ballot; banknote,名 n.,名 n.,noun,2,2,这是票。,Zhè shì piào.,This is ticket.,我看见了票。,Wǒ kànjiàn le piào.,I saw ticket.,票在这里。,Piào zài zhèlǐ.,The ticket is here.
417,妻子,qīzi,wife,名 n.,名 n.,noun,2,2,这是妻子。,Zhè shì qīzi.,This is wife.,我看见了妻子。,Wǒ kànjiàn le qīzi.,I saw wife.,妻子在这里。,Qīzi zài zhèlǐ.,The wife is here.
418,起来,qǐlái,to get up; to stand up,动 v.,动 v.,verb,2,2,我会起来。,Wǒ huì qǐlái.,I can get up.,他正在起来。,Tā zhèngzài qǐlái.,He is get uping.,我们一起起来吧。,Wǒmen yìqǐ qǐlái ba.,Let’s get up together.
419,前面,qiánmiàn,ahead; in front; preceding,名 n.,名 n.,noun,2,2,这是前面。,Zhè shì qiánmiàn.,This is ahead.,我看见了前面。,Wǒ kànjiàn le qiánmiàn.,I saw ahead.,前面在这里。,Qiánmiàn zài zhèlǐ.,The ahead is here.
420,晴,qíng,clear; fine,形 adj.,形 adj.,adjective,2,2,这个很晴。,Zhège hěn qíng.,This is very clear.,今天不太晴。,Jīntiān bú tài qíng.,Today it is not very clear.,我觉得它很晴。,Wǒ juéde tā hěn qíng.,I think it is very clear.
421,球,qiú,ball; sphere; globe,名 n.,名 n.,noun,2,2,这是球。,Zhè shì qiú.,This is ball.,我看见了球。,Wǒ kànjiàn le qiú.,I saw ball.,球在这里。,Qiú zài zhèlǐ.,The ball is here.
422,让,ràng,to let; to allow,动 v.; （介 prep.）,动 v.,verb,2,2（4）,我会让。,Wǒ huì ràng.,I can let.,他正在让。,Tā zhèngzài ràng.,He is leting.,我们一起让吧。,Wǒmen yìqǐ ràng ba.,Let’s let together.
423,肉,ròu,meat; flesh; pulp,名 n.,名 n.,noun,2,2,这是肉。,Zhè shì ròu.,This is meat.,我看见了肉。,Wǒ kànjiàn le ròu.,I saw meat.,肉在这里。,Ròu zài zhèlǐ.,The meat is here.
424,商场,shāngchǎng,shopping mall,名 n.,名 n.,noun,2,2,这是商场。,Zhè shì shāngchǎng.,This is shopping mall.,我看见了商场。,Wǒ kànjiàn le shāngchǎng.,I saw shopping mall.,商场在这里。,Shāngchǎng zài zhèlǐ.,The shopping mall is here.
425,上来,shànglái,to come up,动 v.,动 v.,verb,2,2,我会上来。,Wǒ huì shànglái.,I can come up.,他正在上来。,Tā zhèngzài shànglái.,He is come uping.,我们一起上来吧。,Wǒmen yìqǐ shànglái ba.,Let’s come up together.
426,上面,shàngmiàn,on top; above,名 n.,名 n.,noun,2,2,这是上面。,Zhè shì shàngmiàn.,This is on top.,我看见了上面。,Wǒ kànjiàn le shàngmiàn.,I saw on top.,上面在这里。,Shàngmiàn zài zhèlǐ.,The on top is here.
427,上去,shàngqù,to go up,动 v.,动 v.,verb,2,2,我会上去。,Wǒ huì shàngqù.,I can go up.,他正在上去。,Tā zhèngzài shàngqù.,He is go uping.,我们一起上去吧。,Wǒmen yìqǐ shàngqù ba.,Let’s go up together.
428,上网,shàngwǎng,to go online,动 v.,动 v.,verb,2,2,我会上网。,Wǒ huì shàngwǎng.,I can go online.,他正在上网。,Tā zhèngzài shàngwǎng.,He is go onlineing.,我们一起上网吧。,Wǒmen yìqǐ shàngwǎng ba.,Let’s go online together.
429,身体,shēntǐ,the body; one's health; in person,名 n.,名 n.,noun,2,2,这是身体。,Zhè shì shēntǐ.,This is body.,我看见了身体。,Wǒ kànjiàn le shēntǐ.,I saw body.,身体在这里。,Shēntǐ zài zhèlǐ.,The body is here.
430,生日,shēngrì,birthday,名 n.,名 n.,noun,2,2,这是生日。,Zhè shì shēngrì.,This is birthday.,我看见了生日。,Wǒ kànjiàn le shēngrì.,I saw birthday.,生日在这里。,Shēngrì zài zhèlǐ.,The birthday is here.
431,时,shí,time; o'clock,名 n.; （量 m.w.）,名 n.,noun,2,2（6）,这是时。,Zhè shì shí.,This is time.,我看见了时。,Wǒ kànjiàn le shí.,I saw time.,时在这里。,Shí zài zhèlǐ.,The time is here.
432,事情,shìqing,affair; matter; thing,名 n.,名 n.,noun,2,2,这是事情。,Zhè shì shìqing.,This is matter.,我看见了事情。,Wǒ kànjiàn le shìqing.,I saw matter.,事情在这里。,Shìqing zài zhèlǐ.,The matter is here.
433,手,shǒu,hand,名 n.,名 n.,noun,2,2,这是手。,Zhè shì shǒu.,This is hand.,我看见了手。,Wǒ kànjiàn le shǒu.,I saw hand.,手在这里。,Shǒu zài zhèlǐ.,The hand is here.
434,手表,shǒubiǎo,wristwatch,名 n.,名 n.,noun,2,2,这是手表。,Zhè shì shǒubiǎo.,This is wristwatch.,我看见了手表。,Wǒ kànjiàn le shǒubiǎo.,I saw wristwatch.,手表在这里。,Shǒubiǎo zài zhèlǐ.,The wristwatch is here.
435,书包,shūbāo,schoolbag; satchel; bookbag,名 n.,名 n.,noun,2,2,这是书包。,Zhè shì shūbāo.,This is schoolbag.,我看见了书包。,Wǒ kànjiàn le shūbāo.,I saw schoolbag.,书包在这里。,Shūbāo zài zhèlǐ.,The schoolbag is here.
436,舒服,shūfu,comfortable; feeling well,形 adj.,形 adj.,adjective,2,2,这个很舒服。,Zhège hěn shūfu.,This is very comfortable.,今天不太舒服。,Jīntiān bú tài shūfu.,Today it is not very comfortable.,我觉得它很舒服。,Wǒ juéde tā hěn shūfu.,I think it is very comfortable.
437,送,sòng,to send; to deliver; to transmit,动 v.,动 v.,verb,2,2,我会送。,Wǒ huì sòng.,I can send.,他正在送。,Tā zhèngzài sòng.,He is sending.,我们一起送吧。,Wǒmen yìqǐ sòng ba.,Let’s send together.
438,虽然,suīrán,although,连 conj.,连 conj.,conjunction,2,2,虽然下雨，但是我们出门了。,Suīrán xiàyǔ; dànshì wǒmen chūmén le.,Although it rained; we went out.,虽然很累，他还在学习。,Suīrán hěn lèi; tā hái zài xuéxí.,Although he is tired; he is still studying.,虽然有点儿远，但是很有意思。,Suīrán yǒudiǎnr yuǎn; dànshì hěn yǒuyìsi.,Although it is a little far; it is interesting.
439,所以,suǒyǐ,so; therefore,连 conj.,连 conj.,conjunction,2,2,下雨了，所以我没出门。,Xiàyǔ le; suǒyǐ wǒ méi chūmén.,It rained; so I did not go out.,他病了，所以没上班。,Tā bìng le; suǒyǐ méi shàngbān.,He was sick; so he did not go to work.,我很累，所以早点儿睡。,Wǒ hěn lèi; suǒyǐ zǎodiǎnr shuì.,I am tired; so I will sleep early.
440,疼,téng,hurts; sore; to love dearly,形 adj.; （动 v.）,形 adj.,adjective,2,2（6）,这个很疼。,Zhège hěn téng.,This is very painful.,今天不太疼。,Jīntiān bú tài téng.,Today it is not very painful.,我觉得它很疼。,Wǒ juéde tā hěn téng.,I think it is very painful.
441,踢,tī,to kick,动 v.,动 v.,verb,2,2,我会踢。,Wǒ huì tī.,I can kick.,他正在踢。,Tā zhèngzài tī.,He is kicking.,我们一起踢吧。,Wǒmen yìqǐ tī ba.,Let’s kick together.
442,题,tí,question; problem,名 n.,名 n.,noun,2,2,这是题。,Zhè shì tí.,This is question.,我看见了题。,Wǒ kànjiàn le tí.,I saw question.,题在这里。,Tí zài zhèlǐ.,The question is here.
443,条,tiáo,measure word for long/thin things,量 m.w.; （名 n.）,量 m.w.,measure word,2,2（5）,我去过三条。,Wǒ qù guo sān tiáo.,I have done it three times using 条.,请再说一条。,Qǐng zài shuō yí tiáo.,Please say it one more time.,这是第一条。,Zhè shì dì-yī tiáo.,This is the first one.
444,跳舞,tiàowǔ,to dance,动 v.,动 v.,verb,2,2,我会跳舞。,Wǒ huì tiàowǔ.,I can dance.,他正在跳舞。,Tā zhèngzài tiàowǔ.,He is danceing.,我们一起跳舞吧。,Wǒmen yìqǐ tiàowǔ ba.,Let’s dance together.
445,头,tóu,head; measure word for livestock,名 n.; （量 m.w.）; （形 adj.）,名 n.,noun,2,2（3）（5）,这是头。,Zhè shì tóu.,This is head.,我看见了头。,Wǒ kànjiàn le tóu.,I saw head.,头在这里。,Tóu zài zhèlǐ.,The head is here.
446,外国,wàiguó,foreign,名 n.,名 n.,noun,2,2,这是外国。,Zhè shì wàiguó.,This is foreign country.,我看见了外国。,Wǒ kànjiàn le wàiguó.,I saw foreign country.,外国在这里。,Wàiguó zài zhèlǐ.,The foreign country is here.
447,外面,wàimiàn,outside,名 n.,名 n.,noun,2,2,这是外面。,Zhè shì wàimiàn.,This is outside.,我看见了外面。,Wǒ kànjiàn le wàimiàn.,I saw outside.,外面在这里。,Wàimiàn zài zhèlǐ.,The outside is here.
448,完,wán,to finish; to be over; whole,动 v.,动 v.,verb,2,2,我会完。,Wǒ huì wán.,I can finish.,他正在完。,Tā zhèngzài wán.,He is finishing.,我们一起完吧。,Wǒmen yìqǐ wán ba.,Let’s finish together.
449,万,wàn,ten thousand; a great number,数 num.,数 num.,number,2,2,这是万。,Zhè shì wàn.,This is ten thousand.,我看见了万。,Wǒ kànjiàn le wàn.,I saw ten thousand.,万在这里。,Wàn zài zhèlǐ.,The ten thousand is here.
450,往,wǎng,to go; to; towards,动 v.; 介 prep.,动 v.,preposition,2,2,这个词是“往”。,Zhège cí shì “wǎng”.,This word is “toward.”,请用“往”说一句话。,Qǐng yòng “wǎng” shuō yí jù huà.,Please make a sentence with “往.”,老师解释了“往”的用法。,Lǎoshī jiěshì le “wǎng” de yòngfǎ.,The teacher explained how to use “往.”
451,网上,wǎngshang,online,名 n.,名 n.,noun,2,2,这是网上。,Zhè shì wǎngshang.,This is online.,我看见了网上。,Wǒ kànjiàn le wǎngshang.,I saw online.,网上在这里。,Wǎngshang zài zhèlǐ.,The online is here.
452,忘,wàng,to forget; to overlook; to neglect,动 v.,动 v.,verb,2,2,我会忘。,Wǒ huì wàng.,I can forget.,他正在忘。,Tā zhèngzài wàng.,He is forgeting.,我们一起忘吧。,Wǒmen yìqǐ wàng ba.,Let’s forget together.
453,位,wèi,measure word for people (honorific),量 m.w.,量 m.w.,measure word,2,2,我去过三位。,Wǒ qù guo sān wèi.,I have done it three times using 位.,请再说一位。,Qǐng zài shuō yí wèi.,Please say it one more time.,这是第一位。,Zhè shì dì-yī wèi.,This is the first one.
454,为什么,wèishénme,why,代 pron.,代 pron.,pronoun,2,2,这个词是“为什么”。,Zhège cí shì “wèishénme”.,This word is “why.”,请用“为什么”说一句话。,Qǐng yòng “wèishénme” shuō yí jù huà.,Please make a sentence with “为什么.”,老师解释了“为什么”的用法。,Lǎoshī jiěshì le “wèishénme” de yòngfǎ.,The teacher explained how to use “为什么.”
455,希望,xīwàng,to hope; a hope; a wish,动 v.,动 v.,verb; noun,2,2,我会希望。,Wǒ huì xīwàng.,I can hope.,他正在希望。,Tā zhèngzài xīwàng.,He is hopeing.,我们一起希望吧。,Wǒmen yìqǐ xīwàng ba.,Let’s hope together.
456,洗,xǐ,to wash; to bathe; to develop,动 v.,动 v.,verb,2,2,我会洗。,Wǒ huì xǐ.,I can wash.,他正在洗。,Tā zhèngzài xǐ.,He is washing.,我们一起洗吧。,Wǒmen yìqǐ xǐ ba.,Let’s wash together.
457,洗手间,xǐshǒujiān,toilet; lavatory; washroom,名 n.,名 n.,noun,2,2,这是洗手间。,Zhè shì xǐshǒujiān.,This is restroom.,我看见了洗手间。,Wǒ kànjiàn le xǐshǒujiān.,I saw restroom.,洗手间在这里。,Xǐshǒujiān zài zhèlǐ.,The restroom is here.
458,下来,xiàlái,to come down,动 v.,动 v.,verb,2,2,我会下来。,Wǒ huì xiàlái.,I can come down.,他正在下来。,Tā zhèngzài xiàlái.,He is come downing.,我们一起下来吧。,Wǒmen yìqǐ xiàlái ba.,Let’s come down together.
459,下面,xiàmiàn,below; under; next,名 n.,名 n.,noun,2,2,这是下面。,Zhè shì xiàmiàn.,This is below.,我看见了下面。,Wǒ kànjiàn le xiàmiàn.,I saw below.,下面在这里。,Xiàmiàn zài zhèlǐ.,The below is here.
460,下去,xiàqù,to go down; to descend; to go on,动 v.,动 v.,verb,2,2,我会下去。,Wǒ huì xiàqù.,I can go down.,他正在下去。,Tā zhèngzài xiàqù.,He is go downing.,我们一起下去吧。,Wǒmen yìqǐ xiàqù ba.,Let’s go down together.
461,小孩儿,xiǎohái'er,child; kid,名 n.,名 n.,noun,2,2,这是小孩儿。,Zhè shì xiǎohái'er.,This is child.,我看见了小孩儿。,Wǒ kànjiàn le xiǎohái'er.,I saw child.,小孩儿在这里。,Xiǎohái'er zài zhèlǐ.,The child is here.
462,小时候,xiǎoshíhou,in one's childhood,名 n.,名 n.,noun,2,2,这是小时候。,Zhè shì xiǎoshíhou.,This is in one's childhood.,我看见了小时候。,Wǒ kànjiàn le xiǎoshíhou.,I saw in one's childhood.,小时候在这里。,Xiǎoshíhou zài zhèlǐ.,The in one's childhood is here.
463,笑,xiào,to laugh; to smile; to laugh at,动 v.,动 v.,verb,2,2,我会笑。,Wǒ huì xiào.,I can laugh.,他正在笑。,Tā zhèngzài xiào.,He is laughing.,我们一起笑吧。,Wǒmen yìqǐ xiào ba.,Let’s laugh together.
464,姓,xìng,family name,名 n.; 动 v.,名 n.,noun; verb,2,2,我会姓。,Wǒ huì xìng.,I can family name.,他正在姓。,Tā zhèngzài xìng.,He is family nameing.,我们一起姓吧。,Wǒmen yìqǐ xìng ba.,Let’s family name together.
465,姓名,xìngmíng,full name,名 n.,名 n.,noun,2,2,这是姓名。,Zhè shì xìngmíng.,This is full name.,我看见了姓名。,Wǒ kànjiàn le xìngmíng.,I saw full name.,姓名在这里。,Xìngmíng zài zhèlǐ.,The full name is here.
466,颜色,yánsè,color; countenance; appearance,名 n.,名 n.,noun,2,2,这是颜色。,Zhè shì yánsè.,This is color.,我看见了颜色。,Wǒ kànjiàn le yánsè.,I saw color.,颜色在这里。,Yánsè zài zhèlǐ.,The color is here.
467,眼睛,yǎnjing,eye,名 n.,名 n.,noun,2,2,这是眼睛。,Zhè shì yǎnjing.,This is eye.,我看见了眼睛。,Wǒ kànjiàn le yǎnjing.,I saw eye.,眼睛在这里。,Yǎnjing zài zhèlǐ.,The eye is here.
468,药,yào,medicine,名 n.,名 n.,noun,2,2,这是药。,Zhè shì yào.,This is medicine.,我看见了药。,Wǒ kànjiàn le yào.,I saw medicine.,药在这里。,Yào zài zhèlǐ.,The medicine is here.
469,药店,yàodiàn,pharmacy,名 n.,名 n.,noun,2,2,这是药店。,Zhè shì yàodiàn.,This is pharmacy.,我看见了药店。,Wǒ kànjiàn le yàodiàn.,I saw pharmacy.,药店在这里。,Yàodiàn zài zhèlǐ.,The pharmacy is here.
470,爷爷,yéye,grandpa,名 n.,名 n.,noun,2,2,这是爷爷。,Zhè shì yéye.,This is grandpa.,我看见了爷爷。,Wǒ kànjiàn le yéye.,I saw grandpa.,爷爷在这里。,Yéye zài zhèlǐ.,The grandpa is here.
471,一会儿,yíhuìr,a little while; a moment,数量 qty. expr.; （副 adv.）,数量 qty. expr.,expression,2,2（3）,这是一会儿。,Zhè shì yíhuìr.,This is a little while.,我看见了一会儿。,Wǒ kànjiàn le yíhuìr.,I saw a little while.,一会儿在这里。,Yíhuìr zài zhèlǐ.,The a little while is here.
472,已经,yǐjīng,already,副 adv.,副 adv.,adverb,2,2,我会已经。,Wǒ huì yǐjīng.,I can already.,他正在已经。,Tā zhèngzài yǐjīng.,He is alreadying.,我们一起已经吧。,Wǒmen yìqǐ yǐjīng ba.,Let’s already together.
473,一起,yìqǐ,in the same place; together; with,副 adv.,副 adv.,adverb,2,2,我会一起。,Wǒ huì yìqǐ.,I can together.,他正在一起。,Tā zhèngzài yìqǐ.,He is togethering.,我们一起一起吧。,Wǒmen yìqǐ yìqǐ ba.,Let’s together together.
474,意思,yìsi,idea; opinion; meaning,名 n.,名 n.,noun,2,2,这是意思。,Zhè shì yìsi.,This is meaning.,我看见了意思。,Wǒ kànjiàn le yìsi.,I saw meaning.,意思在这里。,Yìsi zài zhèlǐ.,The meaning is here.
475,阴,yīn,overcast; cloudy; shady,形 adj.,形 adj.,adjective,2,2,这个很阴。,Zhège hěn yīn.,This is very overcast.,今天不太阴。,Jīntiān bú tài yīn.,Today it is not very overcast.,我觉得它很阴。,Wǒ juéde tā hěn yīn.,I think it is very overcast.
476,因为,yīnwèi,because,介 prep.; 连 conj.,介 prep.,conjunction,2,2,因为下雨，我们没出门。,Yīnwèi xiàyǔ; wǒmen méi chūmén.,Because it rained; we did not go out.,因为他生病了，所以没来。,Yīnwèi tā shēngbìng le; suǒyǐ méi lái.,Because he was sick; he did not come.,我因为考试很忙。,Wǒ yīnwèi kǎoshì hěn máng.,I am busy because of the exam.
477,游,yóu,to walk; to tour; to roam,动 v.,动 v.,verb,2,2,我会游。,Wǒ huì yóu.,I can swim.,他正在游。,Tā zhèngzài yóu.,He is swiming.,我们一起游吧。,Wǒmen yìqǐ yóu ba.,Let’s swim together.
478,游泳,yóuyǒng,swimming; to swim,动 v.,动 v.,verb,2,2,我会游泳。,Wǒ huì yóuyǒng.,I can swim.,他正在游泳。,Tā zhèngzài yóuyǒng.,He is swiming.,我们一起游泳吧。,Wǒmen yìqǐ yóuyǒng ba.,Let’s swim together.
479,有意思,yǒuyìsi,interesting; meaningful; enjoyable,形 adj.,形 adj.,adjective,2,2,这个很有意思。,Zhège hěn yǒuyìsi.,This is very interesting.,今天不太有意思。,Jīntiān bú tài yǒuyìsi.,Today it is not very interesting.,我觉得它很有意思。,Wǒ juéde tā hěn yǒuyìsi.,I think it is very interesting.
480,有时,yǒushí,sometimes,副 adv.,副 adv.,adverb,2,2,我会有时。,Wǒ huì yǒushí.,I can sometimes.,他正在有时。,Tā zhèngzài yǒushí.,He is sometimesing.,我们一起有时吧。,Wǒmen yìqǐ yǒushí ba.,Let’s sometimes together.
481,右,yòu,right; right side,名 n.,名 n.,noun,2,2,这是右。,Zhè shì yòu.,This is right.,我看见了右。,Wǒ kànjiàn le yòu.,I saw right.,右在这里。,Yòu zài zhèlǐ.,The right is here.
482,右边,yòubian,right side; right; to the right,名 n.,名 n.,noun,2,2,这是右边。,Zhè shì yòubian.,This is right side.,我看见了右边。,Wǒ kànjiàn le yòubian.,I saw right side.,右边在这里。,Yòubian zài zhèlǐ.,The right side is here.
483,鱼,yú,fish,名 n.,名 n.,noun,2,2,这是鱼。,Zhè shì yú.,This is fish.,我看见了鱼。,Wǒ kànjiàn le yú.,I saw fish.,鱼在这里。,Yú zài zhèlǐ.,The fish is here.
484,远,yuǎn,far; distant; remote,形 adj.,形 adj.,adjective,2,2,这个很远。,Zhège hěn yuǎn.,This is very far.,今天不太远。,Jīntiān bú tài yuǎn.,Today it is not very far.,我觉得它很远。,Wǒ juéde tā hěn yuǎn.,I think it is very far.
485,运动,yùndòng,to move; to exercise; sports,动 v.; 名 n.,动 v.,verb; noun,2,2,我会运动。,Wǒ huì yùndòng.,I can exercise.,他正在运动。,Tā zhèngzài yùndòng.,He is exerciseing.,我们一起运动吧。,Wǒmen yìqǐ yùndòng ba.,Let’s exercise together.
486,站,zhàn,station; stop,名 n.,名 n.,noun,2,2,这是站。,Zhè shì zhàn.,This is station.,我看见了站。,Wǒ kànjiàn le zhàn.,I saw station.,站在这里。,Zhàn zài zhèlǐ.,The station is here.
487,丈夫,zhàngfu,husband,名 n.,名 n.,noun,2,2,这是丈夫。,Zhè shì zhàngfu.,This is husband.,我看见了丈夫。,Wǒ kànjiàn le zhàngfu.,I saw husband.,丈夫在这里。,Zhàngfu zài zhèlǐ.,The husband is here.
488,这么,zhème,so much; this much; how much?,代 pron.,代 pron.,pronoun,2,2,这个词是“这么”。,Zhège cí shì “zhème”.,This word is “so much.”,请用“这么”说一句话。,Qǐng yòng “zhème” shuō yí jù huà.,Please make a sentence with “这么.”,老师解释了“这么”的用法。,Lǎoshī jiěshì le “zhème” de yòngfǎ.,The teacher explained how to use “这么.”
489,这样,zhèyàng,this kind of; so; this way,代 pron.,代 pron.,pronoun,2,2,这个词是“这样”。,Zhège cí shì “zhèyàng”.,This word is “this way.”,请用“这样”说一句话。,Qǐng yòng “zhèyàng” shuō yí jù huà.,Please make a sentence with “这样.”,老师解释了“这样”的用法。,Lǎoshī jiěshì le “zhèyàng” de yòngfǎ.,The teacher explained how to use “这样.”
490,着,zhe,aspect particle; ongoing state,助 part.,助 part.,particle,2,2,门开着。,Mén kāi zhe.,The door is open.,他穿着白色衣服。,Tā chuān zhe báisè yīfu.,He is wearing white clothes.,桌上放着一本书。,Zhuō shàng fàng zhe yì běn shū.,There is a book lying on the table.
491,正,zhèng,straight; upright; proper,副 adv.; （形 adj.）,副 adv.,adverb,2,2（5）,我会正。,Wǒ huì zhèng.,I can just (at that moment).,他正在正。,Tā zhèngzài zhèng.,He is just (at that moment)ing.,我们一起正吧。,Wǒmen yìqǐ zhèng ba.,Let’s just (at that moment) together.
492,周,zhōu,week,名 n.; （量 m.w.）,名 n.,noun,2,2（6）,这是周。,Zhè shì zhōu.,This is week.,我看见了周。,Wǒ kànjiàn le zhōu.,I saw week.,周在这里。,Zhōu zài zhèlǐ.,The week is here.
493,准备,zhǔnbèi,preparation; to prepare; to intend,动 v.,动 v.,verb; noun,2,2,我会准备。,Wǒ huì zhǔnbèi.,I can prepare.,他正在准备。,Tā zhèngzài zhǔnbèi.,He is prepareing.,我们一起准备吧。,Wǒmen yìqǐ zhǔnbèi ba.,Let’s prepare together.
494,自己,zìjǐ,oneself; one's own,代 pron.,代 pron.,pronoun,2,2,这个词是“自己”。,Zhège cí shì “zìjǐ”.,This word is “oneself.”,请用“自己”说一句话。,Qǐng yòng “zìjǐ” shuō yí jù huà.,Please make a sentence with “自己.”,老师解释了“自己”的用法。,Lǎoshī jiěshì le “zìjǐ” de yòngfǎ.,The teacher explained how to use “自己.”
495,走,zǒu,to walk; to go; to run,动 v.,动 v.,verb,2,2,我会走。,Wǒ huì zǒu.,I can walk.,他正在走。,Tā zhèngzài zǒu.,He is walking.,我们一起走吧。,Wǒmen yìqǐ zǒu ba.,Let’s walk together.
496,走路,zǒulù,to walk; to go on foot,动 v.,动 v.,verb,2,2,我会走路。,Wǒ huì zǒulù.,I can walk.,他正在走路。,Tā zhèngzài zǒulù.,He is walking.,我们一起走路吧。,Wǒmen yìqǐ zǒulù ba.,Let’s walk together.
497,足球,zúqiú,soccer ball; a football; soccer,名 n.,名 n.,noun,2,2,这是足球。,Zhè shì zúqiú.,This is soccer.,我看见了足球。,Wǒ kànjiàn le zúqiú.,I saw soccer.,足球在这里。,Zúqiú zài zhèlǐ.,The soccer is here.
498,最,zuì,most; the most; -est,副 adv.,副 adv.,adverb,2,2,我最喜欢红色。,Wǒ zuì xǐhuan hóngsè.,I like red the most.,这是最好的办法。,Zhè shì zuì hǎo de bànfǎ.,This is the best method.,谁跑得最快？,Shuí pǎo de zuì kuài?,Who runs the fastest?
499,左,zuǒ,left; left side,名 n.,名 n.,noun,2,2,这是左。,Zhè shì zuǒ.,This is left.,我看见了左。,Wǒ kànjiàn le zuǒ.,I saw left.,左在这里。,Zuǒ zài zhèlǐ.,The left is here.
500,左边,zuǒbian,left; the left side; to the left of,名 n.,名 n.,noun,2,2,这是左边。,Zhè shì zuǒbian.,This is left side.,我看见了左边。,Wǒ kànjiàn le zuǒbian.,I saw left side.,左边在这里。,Zuǒbian zài zhèlǐ.,The left side is here.
501,阿姨,āyí,auntie; nanny,名 n.,名 n.,noun,3,3,我阿姨住在上海。,Wǒ āyí zhù zài shànghǎi.,My aunt lives in Shanghai.,阿姨，请问洗手间在哪里？,Āyí; qǐngwèn xǐshǒujiān zài nǎlǐ?,Excuse me; ma’am; where is the restroom?,这位阿姨照顾孩子很有经验。,Zhèwèi āyí zhàogù háizi hěn yǒu jīngyàn.,This nanny has a lot of experience caring for children.
502,矮,ǎi,short; low,形 adj.,形 adj.,adjective,3,3,我比你矮。,Wǒ bǐ nǐ ǎi.,I am shorter than you.,我妹妹比你矮。,Wǒ mèimèi bǐ nǐ ǎi.,My sister is shorter than you.,我太矮了。,Wǒ tài ǎi le.,I am too short.
503,爱人,àiren,spouse; lover,名 n.,名 n.,noun,3,3,我的爱人今天下班很晚。,Wǒ de àiren jīntiān xiàbān hěn wǎn.,My spouse gets off work late today.,她和爱人一起去旅行。,Tā hé àiren yìqǐ qù lǚxíng.,She is traveling with her spouse.,请代我向你的爱人问好。,Qǐngdài wǒ xiàng nǐ de àiren wènhǎo.,Please give my regards to your spouse.
504,安静,ānjìng,quiet; peaceful; calm,形 adj.,形 adj.,adjective,3,3,图书馆里非常安静。,Túshūguǎn lǐ fēicháng ānjìng.,The library is very quiet.,上课时请保持安静。,Shàngkèshí qǐng bǎochí ānjìng.,Please remain quiet during class.,孩子睡着了，大家安静一点儿。,Háizi shuìzháo le; dàjiā ānjìng yìdiǎnr.,The child has fallen asleep; so everyone should be a little quieter.
505,安全,ānquán,safe; secure; safety,形 adj.,形 adj.,adjective,3,3,冬天外面刮大风，注意安全。,Dōngtiān wàimiàn guā dàfēng; zhùyì ānquán.,It's very windy outside in winter; pay attention to safety.,我们在这里应该是安全的。,Wǒmen zài zhèlǐ yīnggāi shì ānquán de.,We should be safe here.,我建议我们去个更安全的地方。,Wǒ jiànyì wǒmen qù gè gèng ānquán de dìfang.,I suggest we move to a safer location.
506,把,bǎ,measure word for things with handles,量 m.w.; 介 prep.,量 m.w.,measure word; preposition,3,3,请把门关上。,Qǐng bǎmén guānshàng.,Please close the door.,我买了一把新伞。,Wǒ mǎi le yìbǎ xīn sǎn.,I bought a new umbrella.,他把书放在桌上了。,Tā bǎ shū fàngzài zhuōshàng le.,He put the book on the table.
507,搬,bān,to move; to carry,动 v.,动 v.,verb,3,3,你能帮我搬这张桌子吗？,Nǐ néng bāng wǒ bān zhè zhāng zhuōzi ma?,Will you help me move this desk?,他搬到了我家附近。,Tā bān dào le wǒjiā fùjìn.,He moved into my neighborhood.,你能自己搬这张桌子吗?,Nǐ néng zìjǐ bān zhè zhāng zhuōzi ma?,Can you move this desk by yourself?
508,班级,bānjí,class; grade,名 n.,名 n.,noun,3,3,我们班级一共有二十名学生。,Wǒmen bānjí yígòng yǒu èrshímíng xuéshēng.,There are twenty students in our class.,这个班级的学生都很认真。,Zhège bānjí de xuéshēng dōu hěn rènzhēn.,The students in this class are all very hardworking.,学校给每个班级安排了一间教室。,Xuéxiào gěi měigè bānjí ānpái le yìjiān jiàoshì.,The school assigned a classroom to each class.
509,搬家,bānjiā,to move house,动 v.,动 v.,verb,3,3,我们下个月要搬家。,Wǒmen xiàgèyuè yào bānjiā.,We are moving house next month.,搬家以后，我离公司更近了。,Bānjiā yǐhòu; wǒ lí gōngsī gèng jìn le.,After moving; I lived closer to the company.,他们正在收拾东西准备搬家。,Tāmen zhèngzài shōushí dōngxī zhǔnbèi bānjiā.,They are packing their things to prepare for the move.
510,办,bàn,to do; to manage; to handle,动 v.,动 v.,verb,3,3,我明天要去银行办一张卡。,Wǒ míngtiān yào qù yínháng bàn yìzhāng kǎ.,I am going to the bank tomorrow to get a card.,学校周末要办一个运动会。,Xuéxiào zhōumò yào bàn yígè yùndònghuì.,The school is going to hold a sports meet this weekend.,这件事交给我办吧。,Zhèjiàn shì jiāogěi wǒ bàn ba.,Let me handle this matter.
511,办法,bànfǎ,means; method; way,名 n.,名 n.,noun,3,3,我想到了一个好办法。,Wǒ xiǎngdào le yígè hǎo bànfǎ.,I thought of a good solution.,这个办法简单又有用。,Zhège bànfǎ jiǎndān yòu yǒuyòng.,This method is simple and useful.,我们没有别的办法，只能等。,Wǒmen méiyǒu biéde bànfǎ; zhǐnéng děng.,We have no other choice but to wait.
512,办公室,bàngōngshì,office; business premises; bureau,名 n.,名 n.,noun,3,3,经理正在办公室开会。,Jīnglǐ zhèngzài bàngōngshì kāihuì.,The manager is holding a meeting in the office.,我的办公室在三楼。,Wǒ de bàngōngshì zài sān lóu.,My office is on the third floor.,她刚离开办公室。,Tā gāng líkāi bàngōngshì.,She just left the office.
513,半天,bàntiān,half of the day,数量 qty. expr.,数量 qty. expr.,quantity expression,3,3,我们在公园玩了半天。,Wǒmen zài gōngyuán wán le bàntiān.,We spent half the day in the park.,这项工作半天就能完成。,Zhèxiàng gōngzuò bàntiān jiù néng wánchéng.,This work can be finished in half a day.,我等了半天，他才来。,Wǒ děng le bàntiān; tā cái lái.,I waited a long time before he finally came.
514,帮助,bāngzhù,assistance; aid; to help,动 v.,动 v.,verb,3,3,请帮助我打扫一下屋子。,Qǐng bāngzhù wǒ dǎsǎo yíxià wūzi.,Please help me clean the room.,多锻炼身体对健康有帮助。,Duō duànliàn shēntǐ duì jiànkāng yǒu bāngzhù.,Exercising more is helpful for your health.,帮助你是我们的工作。,Bāngzhù nǐ shì wǒmen de gōngzuò.,It's our job to help you.
515,饱,bǎo,to eat till full; satisfied,形 adj.,形 adj.,adjective,3,3,我已经吃饱了。,Wǒ yǐjīng chī bǎo le.,I am already full.,他吃了两碗饭还没饱。,Tā chī le liǎngwǎnfàn hái méi bǎo.,He ate two bowls of rice and still was not full.,吃饱以后，我们去散步吧。,Chī bǎo yǐhòu; wǒmen qù sànbù ba.,After we are full; let us go for a walk.
516,报纸,bàozhǐ,newspaper; newsprint,名 n.,名 n.,noun,3,3,我能不能看一下你的报纸？,Wǒ néng bùnéng kàn yíxià nǐ de bàozhǐ?,Can I have a look at your newspaper?,我在报纸上看到了它。,Wǒ zài bàozhǐ shàng kàndào le tā.,I saw it in the newspaper.,你看过今天的报纸了吗？,Nǐ kànguò jīntiān de bàozhǐ le ma?,Have you read today's paper yet?
517,北,běi,north; to be defeated,名 n.,名 n.,noun,3,3,学校在城市的北边。,Xuéxiào zài chéngshì de běibiān.,The school is on the north side of the city.,风从北边吹过来。,Fēng cóng běibiān chuīguòlái.,The wind is blowing from the north.,我们继续向北走。,Wǒmen jìxù xiàngběizǒu.,We continued walking north.
518,北方,běifāng,the north; northern China,名 n.,名 n.,noun,3,3,我们坐高铁去北方旅行。,Wǒmen zuò gāotiě qù běifāng lǚxíng.,We are taking the high-speed rail north for a trip.,中国北方的冬天很冷。,Zhōngguó běifāng de dōngtiān hěn lěng.,Winters in northern China are very cold.,他从北方来，现在住在南方。,Tā cóng běifāng lái; xiànzài zhù zài nánfāng.,He comes from the north and now lives in the south.
519,被,bèi,by; passive marker,介 prep.,介 prep.,preposition,3,3,我的自行车被别人骑走了。,Wǒ de zìxíngchē bèi biérén qí zǒu le.,My bicycle was ridden away by someone else.,窗户被风吹开了。,Chuānghù bèi fēng chuīkāi le.,The window was blown open by the wind.,这本书被很多学生借过。,Zhè běnshū bèi hěnduō xuéshēng jiè guò.,This book has been borrowed by many students.
520,笔记,bǐjì,notes; note-taking,名 n.,名 n.,noun,3,3,上课时请认真做笔记。,Shàngkèshí qǐng rènzhēn zuò bǐjì.,Please take careful notes during class.,我把今天的笔记整理好了。,Wǒ bǎ jīntiān de bǐjì zhěnglǐ hǎo le.,I organized today’s notes.,复习笔记对考试很有帮助。,Fùxí bǐjì duì kǎoshì hěn yǒu bāngzhù.,Reviewing your notes is very helpful for the exam.
521,比较,bǐjiào,to compare; to contrast; comparatively,动 v.; 介 prep.; 副 adv.,动 v.,verb; preposition; adverb,3,3,你的成绩比较好，应该继续努力。,Nǐ de chéngjì bǐjiào hǎo; yīnggāi jìxù nǔlì.,Your grades are relatively good; you should keep working hard.,今天比较冷，多穿一点吧。,Jīntiān bǐjiào lěng; duō chuān yìdiǎn ba.,It is relatively cold today; so wear a little more.,我们比较了两种方法。,Wǒmen bǐjiào le liǎngzhǒng fāngfǎ.,We compared two methods.
522,笔记本,bǐjìběn,notebook,名 n.,名 n.,noun,3,3,我在笔记本上写了几个新词。,Wǒ zài bǐjìběn shàng xiě le jǐgè xīncí.,I wrote several new words in my notebook.,这个笔记本已经用完了。,Zhège bǐjìběn yǐjīng yòng wán le.,This notebook has been used up.,请把笔记本带到课堂上。,Qǐng bǎ bǐjìběn dàidào kètáng shàng.,Please bring your notebook to class.
523,比如,bǐrú,for example; for instance; such as,动 v.,动 v.,verb,3,3,我喜欢很多运动，比如网球和羽毛球。,Wǒ xǐhuān hěnduō yùndòng; bǐrú wǎngqiú hé yǔmáoqiú.,I like many sports; such as tennis and badminton.,你可以带点水果，比如香蕉。,Nǐ kěyǐ dài diǎn shuǐguǒ; bǐrú xiāngjiāo.,You can bring some fruit; such as bananas.,有些城市，比如桂林，风景非常美。,Yǒuxiē chéngshì; bǐrú guìlín; fēngjǐng fēicháng měi.,Some cities; such as Guilin; have beautiful scenery.
524,比赛,bǐsài,competition; match; to compete,动 v.; 名 n.,动 v.,verb; noun,3,3,运动员正在参加比赛。,Yùndòngyuán zhèngzài cānjiā bǐsài.,The athletes are taking part in the competition.,明天的比赛几点开始？,Míngtiān de bǐsài jǐdiǎn kāishǐ?,What time does tomorrow’s match begin?,我们周末去看了一场网球比赛。,Wǒmen zhōumò qù kàn le yìcháng wǎngqiú bǐsài.,We watched a tennis match over the weekend.
525,必须,bìxū,to have to; must; compulsory,副 adv.,副 adv.,adverb,3,3,出发以前你必须带护照。,Chūfā yǐqián nǐ bìxū dài hùzhào.,You must bring your passport before departing.,学生必须按时完成作业。,Xuéshēng bìxū ànshí wánchéng zuòyè.,Students must complete their homework on time.,过马路时必须看红绿灯。,Guò mǎlù shí bìxū kàn hóng-lǜdēng.,You must look at the traffic light when crossing the street.
526,变,biàn,to change; to become,动 v.,动 v.,verb,3,3,天气突然变冷了。,Tiānqì tūrán biàn lěng le.,The weather suddenly became cold.,几年不见，这个城市变了很多。,Jǐnián bújiàn; zhège chéngshì biàn le hěnduō.,After several years away; I found that this city had changed a lot.,树叶到了秋天会变黄。,Shùyè dào le qiūtiān huì biàn huáng.,Leaves turn yellow in autumn.
527,遍,biàn,measure word for actions,量 m.w.,量 m.w.,measure word,3,3,请把这句话再读一遍。,Qǐng bǎ zhè jù huà zàidú yíbiàn.,Please read this sentence one more time.,这部电影我看了两遍。,Zhèbù diànyǐng wǒ kàn le liǎngbiàn.,I watched this movie twice.,老师把问题解释了一遍。,Lǎoshī bǎ wèntí jiěshì le yíbiàn.,The teacher explained the question once.
528,变成,biànchéng,to change into; to turn into; to become,动 v.,动 v.,verb,3,3,天气突然变成了阴天。,Tiānqì tūrán biànchéng le yīntiān.,The weather suddenly turned cloudy.,水冷了以后会变成冰。,Shuǐlěng le yǐhòu huì biànchéng bīng.,Water turns into ice after it gets cold.,这个小村子已经变成了一座城市。,Zhège xiǎocūnzi yǐjīng biànchéng le yízuò chéngshì.,This small village has become a city.
529,变化,biànhuà,to change; to vary; change,动 v.; 名 n.,动 v.,verb; noun,3,3,这几年城市发生了很大变化。,Zhè jǐnián chéngshì fāshēng le hěndà biànhuà.,The city has undergone major changes in recent years.,春天的天气变化很快。,Chūntiān de tiānqì biànhuà hěnkuài.,The weather changes quickly in spring.,他的中文水平没有明显变化。,Tā de zhōngwén shuǐpíng méiyǒu míngxiǎn biànhuà.,There has been no obvious change in his Chinese level.
530,表演,biǎoyǎn,play; show; performance,动 v.,动 v.,verb,3,3,学生们正在台上表演。,Xuéshēng men zhèngzài táishàng biǎoyǎn.,The students are performing on stage.,今晚的表演七点开始。,Jīnwǎn de biǎoyǎn qīdiǎn kāishǐ.,Tonight’s performance starts at seven.,她在晚会上表演了一首歌。,Tā zài wǎnhuì shàng biǎoyǎn le yìshǒugē.,She performed a song at the evening party.
531,别的,biéde,else; other,代 pron.,代 pron.,pronoun,3,3,我不需要你或别的人。,Wǒ bù xūyào nǐ huò biéde rén.,I don't need you or anybody else.,我没有别的问题了。,Wǒ méiyǒu biéde wèntí le.,I don't have any other questions.,我们没有别的选择。,Wǒmen méiyǒu biéde xuǎnzé.,We don't have another choice.
532,别人,biérén,other people; others; other person,代 pron.,代 pron.,pronoun,3,3,不要随便拿别人的东西。,Búyào suíbiàn ná biérén de dōngxī.,Do not casually take other people’s things.,我们应该尊重别人。,Wǒmen yīnggāi zūnzhòng biérén.,We should respect other people.,他常常忘记别人的名字。,Tā chángcháng wàngjì biérén de míngzì.,He often forgets other people’s names.
533,宾馆,bīnguǎn,hotel,名 n.,名 n.,noun,3,3,我们在火车站附近订了一家宾馆。,Wǒmen zài huǒchēzhàn fùjìn dìng le yìjiā bīnguǎn.,We booked a hotel near the train station.,这家宾馆的房间很安静。,Zhèjiā bīnguǎn de fángjiān hěn ānjìng.,The rooms at this hotel are very quiet.,请问宾馆几点可以入住？,Qǐngwèn bīnguǎn jǐdiǎn kěyǐ rùzhù?,What time can we check in at the hotel?
534,冰,bīng,ice,名 n.; （动 v.）,名 n.,noun; verb,3,3（5）,请在水里加一点冰。,Qǐng zài shuǐ lǐjiā yìdiǎn bīng.,Please add a little ice to the water.,路上的冰已经化了。,Lùshàng de bīng yǐjīng huà le.,The ice on the road has already melted.,天气太冷，河面上结了冰。,Tiānqì tàilěng; hémiànshàng jié le bīng.,It was so cold that ice formed on the river.
535,冰激凌,bīngjīlíng,ice cream,名 n.,名 n.,noun,3,3,孩子们夏天喜欢吃冰激凌。,Háizi men xiàtiān xǐhuān chī bīngjīlíng.,Children like eating ice cream in summer.,这个冰激凌有点儿太甜了。,Zhège bīngjīlíng yǒudiǎnr tài tián le.,This ice cream is a little too sweet.,我们买了两个不同口味的冰激凌。,Wǒmen mǎi le liǎnggè bùtóng kǒuwèi de bīngjīlíng.,We bought two different flavors of ice cream.
536,冰箱,bīngxiāng,refrigerator,名 n.,名 n.,noun,3,3,牛奶在冰箱里。,Niúnǎi zài bīngxiāng lǐ.,The milk is in the refrigerator.,请把水果放进冰箱。,Qǐng bǎ shuǐguǒ fàngjìn bīngxiāng.,Please put the fruit in the refrigerator.,这个冰箱太旧了，声音很大。,Zhège bīngxiāng tài jiù le; shēngyīn hěndà.,This refrigerator is too old and makes a lot of noise.
537,病人,bìngrén,sick person; patient; invalid,名 n.,名 n.,noun,3,3,医生正在检查病人。,Yīshēng zhèngzài jiǎnchá bìngrén.,The doctor is examining the patient.,这位病人需要住院。,Zhèwèi bìngrén xūyào zhùyuàn.,This patient needs to be hospitalized.,护士给病人送来了药。,Hùshì gěi bìngrén sònglái le yào.,The nurse brought medicine to the patient.
538,不但,búdàn,not only,连 conj.,连 conj.,conjunction,3,3,他不但会说中文，而且会写汉字。,Tā búdàn huì shuō zhōngwén; érqiě huì xiě hànzì.,He can not only speak Chinese but also write Chinese characters.,这家店不但便宜，服务也很好。,Zhèjiā diàn búdàn piányi; fúwù yě hěn hǎo.,This shop is not only inexpensive; its service is also good.,她不但没迟到，还提前到了。,Tā búdàn méi chídào; hái tíqián dào le.,She was not only not late; she arrived early.
539,不见,bújiàn,to disappear; not to see,动 v.,动 v.,verb,3,3,我的钥匙突然不见了。,Wǒ de yàoshi tūrán bújiàn le.,My keys suddenly disappeared.,好久不见，你最近好吗？,Hǎojiǔ bújiàn; nǐ zuìjìn hǎo ma?,Long time no see; how have you been?,雾太大，我几乎看不见前面的路。,Wù tài dà; wǒ jīhū kàn bújiàn qiánmiàn de lù.,The fog is so thick that I can hardly see the road ahead.
540,不用,búyòng,do not need to,副 adv.,副 adv.,adverb,3,3,今天不用上课。,Jīntiān búyòng shàngkè.,There is no need to attend class today.,你不用担心，我会帮助你。,Nǐ búyòng dānxīn; wǒhuì bāngzhù nǐ.,You do not need to worry; I will help you.,这件事很简单，不用找别人。,Zhèjiàn shì hěn jiǎndān; búyòng zhǎo biérén.,This matter is simple; so there is no need to ask anyone else.
541,不同,bùtóng,different,形 adj.,形 adj.,adjective,3,3,这两个词的意思不同。,Zhè liǎnggè cí de yìsi bùtóng.,These two words have different meanings.,每个季节的天气都不同。,Měigè jìjié de tiānqì dōu bùtóng.,The weather is different in every season.,我的看法跟你的不同。,Wǒ de kànfǎ gēn nǐ de bùtóng.,My view is different from yours.
542,不久,bùjiǔ,not long; before too long; soon,形 adj.,形 adj.,adjective,3,3,他离开后不久就下雨了。,Tā líkāi hòu bùjiǔ jiù xiàyǔ le.,It began to rain shortly after he left.,我们不久以后会再见面。,Wǒmen bùjiǔ yǐhòu huì zài jiànmiàn.,We will meet again before long.,新学期不久就要开始了。,Xīn xuéqī bùjiǔ jiùyào kāishǐ le.,The new semester will begin soon.
543,不行,bùxíng,not okay; will not work,动 v.; 形 adj.,动 v.,verb; adjective,3,3,这个办法不行，我们得换一个。,Zhège bànfǎ bùxíng; wǒmen děi huàn yígè.,This method will not work; we need to try another one.,今天太晚了，现在出发不行。,Jīntiān tàiwǎn le; xiànzài chūfā bùxíng.,It is too late today; leaving now will not work.,我的电脑不行了，开不了机。,Wǒ de diànnǎo bùxíng le; kāi bùliǎo jī.,My computer is no longer working and will not turn on.
544,才,cái,only; not until,副 adv.,副 adv.,adverb,3,3,我昨天晚上十二点才睡。,Wǒ zuótiānwǎnshàng shíèrdiǎn cái shuì.,I did not go to sleep until midnight last night.,他学了两年才明白这个问题。,Tā xué le liǎngnián cái míngbai zhège wèntí.,He studied for two years before understanding this problem.,我们到家以后才发现护照不见了。,Wǒmen dào jiā yǐhòu cái fāxiàn hùzhào bújiàn le.,Only after we got home did we discover the passport was missing.
545,菜单,càidān,menu,名 n.,名 n.,noun,3,3,请给我看一下菜单。,Qǐng gěi wǒ kàn yíxià càidān.,Please let me see the menu.,菜单上有很多当地菜。,Càidān shàng yǒu hěnduō dāngdì cài.,There are many local dishes on the menu.,服务员把菜单拿来了。,Fúwùyuán bǎ càidān nálái le.,The server brought the menu.
546,参加,cānjiā,to participate; to take part; to join,动 v.,动 v.,verb,3,3,很多学生参加了运动会。,Hěnduō xuéshēng cānjiā le yùndònghuì.,Many students participated in the sports meet.,你愿意参加我们的讨论吗？,Nǐ yuànyì cānjiā wǒmen de tǎolùn ma?,Would you like to join our discussion?,她明天要参加中文考试。,Tā míngtiān yào cānjiā zhōngwén kǎoshì.,She will take the Chinese exam tomorrow.
547,草,cǎo,grass; straw; manuscript,名 n.,名 n.,noun,3,3,春天到了，草变绿了。,Chūntiān dào le; cǎo biàn lǜ le.,Spring has arrived; and the grass has turned green.,牛正在草地上吃草。,Niú zhèngzài cǎodì shàng chī cǎo.,The cow is eating grass in the meadow.,雨后院子里的草长得很快。,Yǔ hòu yuànzi lǐ de cǎo zhǎngde hěnkuài.,The grass in the yard grows quickly after the rain.
548,草地,cǎodì,lawn; meadow; sod,名 n.,名 n.,noun,3,3,孩子们在草地上踢球。,Háizi men zài cǎodì shàng tīqiú.,The children are playing soccer on the grass.,请不要把垃圾扔在草地上。,Qǐng búyào bǎ lājī rēng zài cǎodì shàng.,Please do not throw trash on the lawn.,我们坐在草地上聊天儿。,Wǒmen zuòzài cǎodì shàng liáotiānr.,We sat on the grass and chatted.
549,层,céng,measure word for layers,量 m.w.,量 m.w.,measure word,3,3,我住在这栋楼的三层。,Wǒ zhù zài zhèdòng lóu de sāncéng.,I live on the third floor of this building.,桌上有一层灰。,Zhuōshàng yǒu yìcéng huī.,There is a layer of dust on the table.,这块蛋糕有三层。,Zhèkuài dàngāo yǒu sāncéng.,This cake has three layers.
550,查,chá,to check; to look up,动 v.,动 v.,verb,3,3,我先查一下火车时间。,Wǒ xiān chá yíxià huǒchē shíjiān.,I will first check the train schedule.,这个字不会读，你可以查词典。,Zhège zì búhuì dú; nǐ kěyǐ chá cídiǎn.,If you cannot read this character; you can look it up in a dictionary.,医生正在给病人查身体。,Yīshēng zhèngzài gěi bìngrén chá shēntǐ.,The doctor is examining the patient.
551,差,chà,different; wrong; mistaken,形 adj.; 动 v.,形 adj.,adjective; verb,3,3,今天的天气很差。,Jīntiān de tiānqì hěn chà.,The weather is bad today.,这个答案差一点儿就对了。,Zhège dáàn chà yìdiǎnr jiù duì le.,This answer was almost correct.,两个班的成绩相差不大。,Liǎnggè bān de chéngjì xiāngchà búdà.,The grades of the two classes do not differ much.
552,差不多,chàbuduō,almost; nearly; more or less,形 adj.; 副 adv.,形 adj.,adjective; adverb,3,3,我们差不多该出发了。,Wǒmen chàbuduō gāi chūfā le.,It is almost time for us to leave.,这两件衬衫的大小差不多。,Zhè liǎngjiàn chènshān de dàxiǎo chàbuduō.,These two shirts are about the same size.,作业我已经差不多做完了。,Zuòyè wǒ yǐjīng chàbuduō zuò wán le.,I have almost finished my homework.
553,尝,cháng,to taste,动 v.,动 v.,verb,3,3,你要不要尝一下这个菜？,Nǐ yào búyào cháng yíxià zhège cài?,Would you like to taste this dish?,你尝尝这个蛋糕。,Nǐ chángcháng zhège dàngāo.,Taste this cake.,我想尝一下当地的菜。,Wǒ xiǎng cháng yíxià dāngdì de cài.,I want to taste the local food.
554,常,cháng,always; ever; often,副 adv.,副 adv.,adverb,3,3,他常来这里看书。,Tā cháng lái zhèlǐ kànshū.,He often comes here to read.,这条路上常有游客。,Zhè tiáo lùshàng chángyǒu yóukè.,There are often tourists on this road.,我小时候常和邻居一起玩。,Wǒ xiǎoshíhòu cháng hé línjū yìqǐ wán.,I often played with the neighbors when I was young.
555,常见,chángjiàn,common,形 adj.,形 adj.,adjective,3,3,这种问题在考试中很常见。,Zhèzhǒng wèntí zài kǎoshì zhōng hěn chángjiàn.,This kind of question is very common on exams.,感冒是冬天常见的病。,Gǎnmào shì dōngtiān chángjiàn de bìng.,A cold is a common illness in winter.,这个词在日常对话中很常见。,Zhège cí zài rìcháng duìhuà zhōng hěn chángjiàn.,This word is common in everyday conversation.
556,常用,chángyòng,commonly used,形 adj.,形 adj.,adjective,3,3,这是学习中文时常用的词。,Zhè shì xuéxí zhōngwén shí chángyòng de cí.,This is a commonly used word when learning Chinese.,请记住这些常用句子。,Qǐng jìzhù zhèxiē chángyòng jùzi.,Please remember these commonly used sentences.,手机是我们常用的工具。,Shǒujī shì wǒmen chángyòng de gōngjù.,A mobile phone is a tool we commonly use.
557,常常,chángcháng,frequently; often,副 adv.,副 adv.,adverb,3,3,我常常在公园锻炼。,Wǒ chángcháng zài gōngyuán duànliàn.,I often exercise in the park.,他常常忘记带钥匙。,Tā chángcháng wàngjì dài yàoshi.,He often forgets to bring his keys.,我们周末常常一起吃饭。,Wǒmen zhōumò chángcháng yìqǐ chīfàn.,We often eat together on weekends.
558,衬衫,chènshān,shirt; blouse,名 n.,名 n.,noun,3,3,这件衬衫的颜色不太合适。,Zhèjiàn chènshān de yánsè bù tài héshì.,The color of this shirt isn't quite suitable.,他把他的衬衫穿反了。,Tā bǎ tā de chènshān chuān fǎn le.,He had his shirt on inside out.,他想要把他的衬衫洗干净。,Tā xiǎngyào bǎ tā de chènshān xǐ gānjìng.,He wanted to get his shirts washed.
559,成绩,chéngjì,grade; score; result,名 n.,名 n.,noun,3,3,你的考试成绩提高了很多。,Nǐ de kǎoshì chéngjì tígāo le hěnduō.,Your exam results have improved greatly.,老师对我的成绩很满意。,Lǎoshī duì wǒ de chéngjì hěn mǎnyì.,The teacher is very satisfied with my grades.,他数学成绩一直很好。,Tā shùxué chéngjì yìzhí hěn hǎo.,His math grades have always been very good.
560,城市,chéngshì,city; town,名 n.,名 n.,noun,3,3,桂林是一座美丽的城市。,Guìlín shì yízuò měilì de chéngshì.,Guilin is a beautiful city.,我在这个城市住了五年。,Wǒ zài zhège chéngshì zhù le wǔnián.,I have lived in this city for five years.,这座城市的公共交通很方便。,Zhè zuò chéngshì de gōnggòngjiāotōng hěn fāngbiàn.,Public transportation in this city is very convenient.
561,迟到,chídào,to be late,动 v.,动 v.,verb,3,3,我想他们会迟到。,Wǒ xiǎng tāmen huì chídào.,I think that they will be late.,我们迟到了。,Wǒmen chídào le.,We are late.,他可能又迟到了。,Tā kěnéng yòu chídào le.,He is likely to be late again.
562,出发,chūfā,to set off; to start,动 v.,动 v.,verb,3,3,我们明天早上七点出发。,Wǒmen míngtiān zǎoshàng qīdiǎn chūfā.,We will set off at seven tomorrow morning.,出发以前请检查行李。,Chūfā yǐqián qǐng jiǎnchá xíngli.,Please check your luggage before departure.,大家准备好以后就可以出发。,Dàjiā zhǔnbèi hǎo yǐhòu jiù kěyǐ chūfā.,We can set off once everyone is ready.
563,出生,chūshēng,to be born,动 v.,动 v.,verb,3,3,这是他出生的城市。,Zhè shì tā chūshēng de chéngshì.,This is the town where he was born.,那房子是我出生的地方。,Nà fángzi shì wǒ chūshēng de dìfang.,That house is the place where I was born.,这只狗是两个月前出生的。,Zhè zhī gǒu shì liǎnggè yuè qián chūshēng de.,This dog was born two months ago.
564,出院,chūyuàn,to leave the hospital,动 v.,动 v.,verb,3,3,医生说明天可以出院。,Yīshēng shuō míngtiān kěyǐ chūyuàn.,The doctor said I can leave the hospital tomorrow.,她出院以后在家休息。,Tā chūyuàn yǐhòu zàijiā xiūxī.,She rested at home after leaving the hospital.,病人终于出院了。,Bìngrén zhōngyú chūyuàn le.,The patient was finally discharged from the hospital.
565,初中,chūzhōng,middle school,名 n.,名 n.,noun,3,3,我弟弟今年上初中。,Wǒ dìdi jīnnián shàng chūzhōng.,My younger brother is in middle school this year.,她从初中开始学习中文。,Tā cóng chūzhōng kāishǐ xuéxí zhōngwén.,She began studying Chinese in middle school.,这所初中离我家很近。,Zhè suǒ chūzhōng lí wǒjiā hěn jìn.,This middle school is close to my home.
566,除了,chúle,besides; except for,介 prep.,介 prep.,preposition,3,3,除了周末，我每天都上课。,Chúle zhōumò; wǒ měitiān dōu shàngkè.,I have class every day except on weekends.,除了中文，他还会说英语。,Chúle zhōngwén; tā hái huì shuō yīngyǔ.,Besides Chinese; he can also speak English.,除了这件衬衫，别的都不合适。,Chúle zhèjiàn chènshān; biéde dōu bù héshì.,Except for this shirt; none of the others are suitable.
567,船,chuán,boat; vessel; ship,名 n.,名 n.,noun,3,3,我们坐船过河。,Wǒmen zuòchuán guòhé.,We crossed the river by boat.,那条船已经离开码头了。,Nàtiáo chuán yǐjīng líkāi mǎtóu le.,That boat has already left the dock.,游客们在船上拍照。,Yóukè men zài chuánshàng pāizhào.,The tourists are taking photos on the boat.
568,春天,chūntiān,spring,名 n.,名 n.,noun,3,3,春天花园里的花都开了。,Chūntiān huāyuánlǐ de huādōu kāi le.,In spring; all the flowers in the garden have bloomed.,春天是我最喜欢的季节。,Chūntiān shì wǒ zuì xǐhuān de jìjié.,I like spring the best of the seasons.,我喜欢春天胜过秋天。,Wǒ xǐhuān chūntiān shèngguò qiūtiān.,I like spring better than fall.
569,词典,cídiǎn,dictionary; also written 辞典,名 n.,名 n.,noun,3,3,遇到生词时，我会查词典。,Yùdào shēngcí shí; wǒhuì chá cídiǎn.,When I encounter a new word; I look it up in a dictionary.,这本词典有很多例句。,Zhèběn cídiǎn yǒu hěnduō lìjù.,This dictionary has many example sentences.,老师建议我们买一本汉英词典。,Lǎoshī jiànyì wǒmen mǎi yìběn hànyīngcídiǎn.,The teacher suggested that we buy a Chinese-English dictionary.
570,聪明,cōngmíng,smart; clever,形 adj.,形 adj.,adjective,3,3,她是一个聪明又努力的学生。,Tā shì yígè cōngmíng yòu nǔlì de xuéshēng.,She is a clever and hardworking student.,这个孩子很聪明，学得很快。,Zhège háizi hěn cōngmíng; xué de hěnkuài.,This child is very smart and learns quickly.,你想出了这么好的办法，真聪明。,Nǐ xiǎng chū le zhème hǎo de bànfǎ; zhēn cōngmíng.,It was clever of you to think of such a good solution.
571,打扫,dǎsǎo,to clean,动 v.,动 v.,verb,3,3,请帮助我打扫一下屋子。,Qǐng bāngzhù wǒ dǎsǎo yíxià wūzi.,Please help me clean the room.,我让她打扫了我的房间。,Wǒ ràng tā dǎsǎo le wǒ de fángjiān.,I had her sweep my room.,我应该打扫我的房间。,Wǒ yīnggāi dǎsǎo wǒ de fángjiān.,I should clean my room.
572,打算,dǎsuàn,to plan; to intend; to calculate,动 v.; 名 n.,动 v.,verb; noun,3,3,我打算明年去中国留学。,Wǒ dǎsuàn míngnián qù zhōngguó liúxué.,I plan to study abroad in China next year.,周末你有什么打算？,Zhōumò nǐ yǒu shénme dǎsuàn?,What are your plans for the weekend?,他们打算坐高铁去南方。,Tāmen dǎsuàn zuò gāotiě qù nánfāng.,They plan to take the high-speed rail south.
573,大概,dàgài,roughly; probably; rough,形 adj.; 副 adv.; （名 n.）,形 adj.,adjective; adverb; noun,3,3（6）,他大概十分钟以后到。,Tā dàgài shífēnzhōng yǐhòu dào.,He will probably arrive in about ten minutes.,这本书大概有三百页。,Zhè běnshū dàgài yǒu sānbǎi yè.,This book has roughly three hundred pages.,我只知道事情的大概。,Wǒ zhǐ zhīdào shìqíng de dàgài.,I only know the general outline of what happened.
574,大人,dàren,adult,名 n.,名 n.,noun,3,3,小孩子要听大人的话。,Xiǎoháizi yào tīng dàren dehuà.,Children should listen to adults.,车里坐着两个大人和一个孩子。,Chēlǐ zuò zhe liǎnggè dàren hé yígè háizi.,Two adults and one child are sitting in the car.,这件事应该由大人来处理。,Zhèjiàn shì yīnggāi yóu dàren lái chǔlǐ.,This matter should be handled by an adult.
575,大小,dàxiǎo,dimension; magnitude; size,名 n.,名 n.,noun,3,3,我不知道这个箱子的大小。,Wǒ bù zhīdào zhège xiāngzi de dàxiǎo.,I do not know the size of this suitcase.,这两间房的大小差不多。,Zhè liǎngjiānfáng de dàxiǎo chàbuduō.,These two rooms are about the same size.,请按孩子的大小选择衣服。,Qǐng àn háizi de dàxiǎo xuǎnzé yīfú.,Please choose clothes according to the child’s size.
576,大熊猫,dàxióngmāo,giant panda,名 n.,名 n.,noun,3,3,大熊猫喜欢吃竹子。,Dàxióngmāo xǐhuān chī zhúzi.,Giant pandas like eating bamboo.,动物园里有两只大熊猫。,Dòngwùyuán lǐ yǒu liǎngzhǐ dàxióngmāo.,There are two giant pandas at the zoo.,很多游客来看大熊猫。,Hěnduō yóukè láikàn dàxióngmāo.,Many tourists come to see the giant pandas.
577,大衣,dàyī,overcoat; topcoat; cloak,名 n.,名 n.,noun,3,3,我需要我的大衣。,Wǒ xūyào wǒ de dàyī.,I need my coat.,那是我的大衣。,Nà shì wǒ de dàyī.,That's my coat.,那是一件不错的大衣。,Nà shì yíjiàn búcuò de dàyī.,That's a nice coat.
578,带,dài,band; belt; girdle,动 v.; （名 n.）,动 v.,verb; noun,3,3（5）,出发以前别忘了带护照。,Chūfā yǐqián biéwàngle dài hùzhào.,Do not forget to bring your passport before leaving.,今天可能下雨，带把伞吧。,Jīntiān kěnéng xiàyǔ; dài bǎ sǎn ba.,It may rain today; so bring an umbrella.,她每天带孩子去学校。,Tā měitiān dài háizi qù xuéxiào.,She takes the child to school every day.
579,担心,dānxīn,to worry,动 v.,动 v.,verb,3,3,你不要担心，这次感冒很容易好。,Nǐ búyào dānxīn; zhècì gǎnmào hěn róngyì hǎo.,Don’t worry; this cold should be easy to recover from.,我们应该要担心吗？,Wǒmen yīnggāi yào dānxīn ma?,Should we be worried?,担心它是没有用的。,Dānxīn tā shì méiyǒu yòng de.,It is no use worrying about it.
580,蛋糕,dàngāo,cake,名 n.,名 n.,noun,3,3,这个蛋糕又甜又好吃。,Zhège dàngāo yòu tián yòu hǎochī.,This cake is both sweet and delicious.,我不知道这个蛋糕是谁做的。,Wǒ bù zhīdào zhège dàngāo shì shuí zuò de.,I don't know who made the cake.,你想再来些蛋糕吗？,Nǐ xiǎng zài lái xiē dàngāo ma?,Would you like some more cake?
581,当然,dāngrán,of course; certainly,副 adv.,副 adv.,adverb,3,3,当然可以，我很愿意帮助你。,Dāngrán kěyǐ; wǒ hěn yuànyì bāngzhù nǐ.,Of course; I would be happy to help you.,他当然知道这件事。,Tā dāngrán zhīdào zhèjiàn shì.,Of course he knows about this matter.,学习语言当然需要时间。,Xuéxí yǔyán dāngrán xūyào shíjiān.,Learning a language naturally takes time.
582,到处,dàochù,everywhere,副 adv.,副 adv.,adverb,3,3,游客到处拍照。,Yóukè dàochù pāizhào.,Tourists take photos everywhere.,我只是到处看看。,Wǒ zhǐshì dàochù kànkàn.,I'm just looking around.,请带我到处看看。,Qǐng dài wǒ dàochù kànkàn.,Please show me around.
583,得,dé,complement particle,动 v.,动 v.,verb,3,3,他努力工作，终于得到了机会。,Tā nǔlì gōngzuò; zhōngyú dédào le jīhuì.,He worked hard and finally obtained an opportunity.,这次比赛我得了九十分。,Zhècì bǐsài wǒ dé le jiǔ shífēn.,I got ninety points in this competition.,认真学习才能得到好成绩。,Rènzhēn xuéxí cáinéng dédào hǎo chéngjì.,You can obtain good grades only by studying seriously.
584,得到,dédào,to get; to obtain; to receive,动 v.,动 v.,verb,3,3,我得到了老师的帮助。,Wǒ dédào le lǎoshī de bāngzhù.,I received help from the teacher.,他终于得到了这份工作。,Tā zhōngyú dédào le zhèfèn gōngzuò.,He finally got the job.,通过努力，她得到了好成绩。,Tōngguò nǔlì; tā dédào le hǎo chéngjì.,Through hard work; she obtained good grades.
585,得分,défēn,to score,动 v.; 名 n.,动 v.,verb; noun,3,3,他在比赛中得分了。,Tā zài bǐsài zhōng défēn le.,He scored in the match.,最后一分钟，主队再次得分。,Zuìhòu yìfēnzhōng; zhǔduì zàicì défēn.,In the final minute; the home team scored again.,答对这道题就可以得分。,Dáduì zhè dào tí jiù kěyǐ défēn.,You can score points by answering this question correctly.
586,的话,dehuà,if,助 part.,助 part.,particle,3,3,你有时间的话，我们一起吃饭。,Nǐ yǒu shíjiān dehuà; wǒmen yìqǐ chīfàn.,If you have time; let us eat together.,下雨的话，就带一把伞。,Xiàyǔ dehuà; jiù dài yìbǎ sǎn.,If it rains; bring an umbrella.,不明白的话，可以问老师。,Bù míngbai dehuà; kěyǐ wèn lǎoshī.,If you do not understand; you can ask the teacher.
587,得,děi,complement particle,动 v.,动 v.,verb,3,3,我明天得早点儿起床。,Wǒ míngtiān děi zǎodiǎnr qǐchuáng.,I have to get up earlier tomorrow.,你得先完成作业。,Nǐ děi xiān wánchéng zuòyè.,You must finish your homework first.,我们得马上出发。,Wǒmen děi mǎshàng chūfā.,We have to leave right away.
588,灯,dēng,lamp; light; lantern,名 n.,名 n.,noun,3,3,他总是忘记关灯。,Tā zǒngshì wàngjì guān dēng.,He always forgets to turn off the lights.,我没有注意到灯变红色了。,Wǒ méiyǒu zhùyì dào dēng biàn hóngsè le.,I didn't notice the light turn red.,你可以关灯吗？,Nǐ kěyǐ guān dēng ma?,Could you turn off the lights?
589,地,dì,ground; place,名 n.,名 n.,noun,3,3,请把箱子放在地上。,Qǐng bǎ xiāngzi fàngzài dìshàng.,Please put the suitcase on the ground.,雨后地上很湿。,Yǔ hòu dìshàng hěnshī.,The ground is wet after the rain.,孩子们坐在草地上。,Háizi men zuòzài cǎodì shàng.,The children are sitting on the grass.
590,地点,dìdiǎn,place; site; location,名 n.,名 n.,noun,3,3,开会的地点改到三楼了。,Kāihuì de dìdiǎn gǎi dào sān lóu le.,The meeting location was changed to the third floor.,请把见面的地点发给我。,Qǐng bǎ jiànmiàn de dìdiǎn fāgěi wǒ.,Please send me the meeting place.,我们还没有决定旅行的地点。,Wǒmen hái méiyǒu juédìng lǚxíng de dìdiǎn.,We have not yet decided on the travel destination.
591,地方,dìfang,area; place; space,名 n.,名 n.,noun,3,3,这是一个安静的地方。,Zhè shì yígè ānjìng de dìfang.,This is a quiet place.,我想找个地方坐一下。,Wǒ xiǎng zhǎo gè dìfang zuò yíxià.,I want to find a place to sit.,这个地方离学校不远。,Zhège dìfang lí xuéxiào bùyuǎn.,This place is not far from the school.
592,地图,dìtú,map,名 n.,名 n.,noun,3,3,地图上显示路口在前面。,Dìtú shàng xiǎnshì lùkǒu zài qiánmiàn.,The map shows that the intersection is ahead.,旅行以前，我先看了地图。,Lǚxíng yǐqián; wǒ xiān kàn le dìtú.,I checked the map before the trip.,你能在地图上指出这个地方吗？,Nǐ néng zài dìtú shàng zhǐchū zhège dìfang ma?,Can you point out this place on the map?
593,电,diàn,lightning; electricity; electric,名 n.; （动 v.）,名 n.,noun; verb,3,3（5）,停电了，电梯不能用。,Tíngdiàn le; diàntī bùnéng yòng.,The power is out; so the elevator cannot be used.,这台空调很费电。,Zhè tái kōngtiáo hěn fèidiàn.,This air conditioner uses a lot of electricity.,家里突然没电了。,Jiālǐ tūrán méi diàn le.,The power suddenly went out at home.
594,电梯,diàntī,elevator,名 n.,名 n.,noun,3,3,电梯在右边。,Diàntī zài yòubiān.,The elevator is on the right.,我们坐电梯上五楼吧。,Wǒmen zuò diàntī shàng wǔ lóu ba.,Let us take the elevator to the fifth floor.,电梯坏了，只能走楼梯。,Diàntī huài le; zhǐnéng zǒu lóutī.,The elevator is broken; so we can only take the stairs.
595,电子书,diànzǐshū,e-book,名 n.,名 n.,noun,3,3,我在手机上读电子书。,Wǒ zài shǒujī shàng dú diànzǐshū.,I read e-books on my phone.,这本电子书可以免费下载。,Zhèběn diànzǐshū kěyǐ miǎnfèi xiàzài.,This e-book can be downloaded for free.,电子书很方便，但是我也喜欢纸书。,Diànzǐshū hěn fāngbiàn; dànshì wǒ yě xǐhuān zhǐ shū.,E-books are convenient; but I also like printed books.
596,丢,diū,to lose; to throw away,动 v.,动 v.,verb,3,3,我把手机丢了。,Wǒ bǎ shǒujī diū le.,I lost my phone.,请不要乱丢垃圾。,Qǐng búyào luàndiūlājī.,Please do not litter.,他差点儿把护照丢在宾馆。,Tā chàdiǎnr bǎ hùzhào diū zài bīnguǎn.,He almost left his passport at the hotel.
597,东,dōng,east,名 n.,名 n.,noun,3,3,太阳从东边升起。,Tàiyáng cóng dōngbiān shēngqǐ.,The sun rises in the east.,车站在学校东边。,Chēzhàn zài xuéxiào dōngbiān.,The station is east of the school.,我们向东走了两公里。,Wǒmen xiàngdōngzǒu le liǎnggōnglǐ.,We walked two kilometers east.
598,东北,dōngběi,Northeast China; Manchuria,名 n.,名 n.,noun,3,3,东北的冬天很冷。,Dōngběi de dōngtiān hěn lěng.,Winters in Northeast China are very cold.,他来自中国东北。,Tā láizì zhōngguó dōngběi.,He comes from Northeast China.,东北有很多有名的城市。,Dōngběi yǒu hěnduō yǒumíng de chéngshì.,Northeast China has many famous cities.
599,东方,dōngfāng,east,名 n.,名 n.,noun,3,3,太阳从东方升起。,Tàiyáng cóng dōngfāng shēngqǐ.,The sun rises in the east.,东方的天空慢慢亮了。,Dōngfāng de tiānkōng mànmàn liàng le.,The eastern sky gradually became light.,这座城市在国家的东方。,Zhè zuò chéngshì zài guójiā de dōngfāng.,This city is in the eastern part of the country.
600,东南,dōngnán,southeast,名 n.,名 n.,noun,3,3,学校在城市的东南方向。,Xuéxiào zài chéngshì de dōngnán fāngxiàng.,The school is southeast of the city.,风从东南方向吹来。,Fēng cóng dōngnán fāngxiàng chuī lái.,The wind is blowing from the southeast.,我们要去中国东南旅行。,Wǒmen yào qù zhōngguó dōngnán lǚxíng.,We are going to travel in southeastern China.
601,冬天,dōngtiān,winter,名 n.,名 n.,noun,3,3,北方的冬天很冷。,Běifāng de dōngtiān hěn lěng.,Winters in the north are very cold.,冬天外面常常刮大风。,Dōngtiān wàimiàn chángcháng guā dàfēng.,Strong winds often blow outside in winter.,我冬天喜欢喝热茶。,Wǒ dōngtiān xǐhuān hē rèchá.,I like drinking hot tea in winter.
602,懂得,dǒngde,to understand; to know; to comprehend,动 v.,动 v.,verb,3,3,学语言要懂得多练习。,Xué yǔyán yào dǒngde duō liànxí.,To learn a language; you need to understand the importance of practice.,他很早就懂得照顾别人。,Tā hěn zǎojiù dǒngde zhàogù biérén.,He learned at an early age how to care for others.,我们应该懂得尊重不同的文化。,Wǒmen yīnggāi dǒngde zūnzhòng bùtóng de wénhuà.,We should understand how to respect different cultures.
603,动物,dòngwù,animal,名 n.,名 n.,noun,3,3,大熊猫是中国有名的动物。,Dàxióngmāo shì zhōngguó yǒumíng de dòngwù.,The giant panda is a famous Chinese animal.,孩子们喜欢去动物园看动物。,Háizi men xǐhuān qù dòngwùyuán kàn dòngwù.,Children like going to the zoo to see animals.,我们应该保护野生动物。,Wǒmen yīnggāi bǎohù yěshēngdòngwù.,We should protect wild animals.
604,动物园,dòngwùyuán,zoo,名 n.,名 n.,noun,3,3,动物园里有很多动物。,Dòngwùyuán lǐ yǒu hěnduō dòngwù.,There are many animals in the zoo.,周末我们带孩子去了动物园。,Zhōumò wǒmen dài háizi qù le dòngwùyuán.,We took the child to the zoo over the weekend.,这个动物园的大熊猫很有名。,Zhège dòngwùyuán de dàxióngmāo hěn yǒumíng.,The giant pandas at this zoo are very famous.
605,短,duǎn,short; brief; to lack,形 adj.,形 adj.,adjective,3,3,我喜欢短发。,Wǒ xǐhuān duǎnfà.,I like short hair.,我想知道哪一条路是最短的。,Wǒ xiǎng zhīdào nǎyìtiáo lù shì zuì duǎn de.,I wonder which way is the shortest.,兔子有长耳朵和短尾巴。,Tùzi yǒu cháng ěrduo hé duǎn wěiba.,A rabbit has long ears and a short tail.
606,短裤,duǎnkù,short pants; shorts,名 n.,名 n.,noun,3,3,夏天我常穿短裤。,Xiàtiān wǒ cháng chuān duǎnkù.,I often wear shorts in summer.,这条短裤有点儿小。,Zhè tiáo duǎnkù yǒudiǎnr xiǎo.,These shorts are a little small.,运动时穿短裤比较方便。,Yùndòng shí chuān duǎnkù bǐjiào fāngbiàn.,It is more convenient to wear shorts while exercising.
607,段,duàn,measure word for sections; periods,量 m.w.,量 m.w.,measure word,3,3,我走了一段很长的路。,Wǒ zǒu le yíduàn hěn cháng de lù.,I walked along a long stretch of road.,请读课文的第一段。,Qǐng dú kèwén de dìyīduàn.,Please read the first paragraph of the text.,演出中间有一段休息时间。,Yǎnchū zhōngjiān yǒu yíduàn xiūxīshíjiān.,There is a break in the middle of the performance.
608,锻炼,duànliàn,to exercise,动 v.,动 v.,verb,3,3,我每天早上七点起床，然后去公园锻炼。,Wǒ měitiān zǎoshàng qīdiǎn qǐchuáng; ránhòu qù gōngyuán duànliàn.,I get up at 7 a.m. every day; then go to the park to exercise.,多锻炼身体对健康有帮助。,Duō duànliàn shēntǐ duì jiànkāng yǒu bāngzhù.,Exercising more is helpful for your health.,我需要更经常地锻炼。,Wǒ xūyào gèng jīngcháng de duànliàn.,I need to exercise more often.
609,对话,duìhuà,to talk; dialogue; conversation,动 v.,动 v.,verb,3,3,请两个人练习这段对话。,Qǐng liǎnggè rén liànxí zhè duàn duìhuà.,Please have two people practice this dialogue.,课本里的对话很实用。,Kèběn lǐ de duìhuà hěn shíyòng.,The dialogue in the textbook is very practical.,他们正在进行一场简单的对话。,Tāmen zhèngzài jìnxíng yìcháng jiǎndān de duìhuà.,They are having a simple conversation.
610,饿,è,to be hungry; hungry; to starve,形 adj.,形 adj.,adjective,3,3,我饿了，所以我要吃东西。,Wǒ è le; suǒyǐ wǒ yào chī dōngxī.,I'm hungry; so I'm going to get something to eat.,我们都饿了。,Wǒmen dōu è le.,We're all hungry.,我感觉还不是那么饿。,Wǒ gǎnjué hái búshì nàme è.,I'm not feeling that hungry yet.
611,而且,érqiě,but also; moreover; in addition,连 conj.,连 conj.,conjunction,3,3,这家饭店便宜，而且很干净。,Zhèjiā fàndiàn piányi; érqiě hěn gānjìng.,This restaurant is inexpensive and also very clean.,他聪明，而且学习很认真。,Tā cōngmíng; érqiě xuéxí hěn rènzhēn.,He is smart and also studies seriously.,外面下雨了，而且风很大。,Wàimiàn xiàyǔ le; érqiě fēng hěndà.,It is raining outside; and the wind is strong too.
612,耳朵,ěrduo,ear,名 n.,名 n.,noun,3,3,我们用耳朵听。,Wǒmen yòng ěrduo tīng.,We hear with our ears.,兔子有长耳朵和短尾巴。,Tùzi yǒu cháng ěrduo hé duǎn wěiba.,A rabbit has long ears and a short tail.,我们有两只耳朵。,Wǒmen yǒu liǎngzhǐ ěrduo.,We have two ears.
613,耳机,ěrjī,headphones,名 n.,名 n.,noun,3,3,我的耳机找不到了。,Wǒ de ěrjī zhǎo búdào le.,I cannot find my headphones.,坐地铁时我喜欢戴耳机听音乐。,Zuòdìtiě shí wǒ xǐhuān dài ěrjī tīng yīnyuè.,I like wearing headphones to listen to music on the subway.,这副耳机的声音很清楚。,Zhè fù ěrjī de shēngyīn hěn qīngchu.,The sound from these headphones is very clear.
614,发,fā,to send out; to show; to issue,动 v.,动 v.,verb,3,3,我刚给老师发了一封邮件。,Wǒ gāng gěi lǎoshī fā le yìfēng yóujiàn.,I just sent the teacher an email.,请把照片发给我。,Qǐng bǎ zhàopiàn fāgěi wǒ.,Please send the photo to me.,学校下周发新课本。,Xuéxiào xiàzhōu fā xīn kèběn.,The school will issue new textbooks next week.
615,发烧,fāshāo,to have a fever,动 v.,动 v.,verb,3,3,他发烧了，应该马上去医院。,Tā fāshāo le; yīnggāi mǎshàng qù yīyuàn.,He has a fever and should go to the hospital immediately.,孩子昨天晚上开始发烧。,Háizi zuótiānwǎnshàng kāishǐ fāshāo.,The child began running a fever last night.,如果发烧不退，就去看医生。,Rúguǒ fāshāo bù tuì; jiù qù kàn yīshēng.,If the fever does not go down; go see a doctor.
616,发生,fāshēng,to happen; to occur; to take place,动 v.,动 v.,verb,3,3,我真想知道发生了什么。,Wǒ zhēn xiǎng zhīdào fāshēng le shénme.,I really want to know what's going on.,我知道那不会真的发生。,Wǒ zhīdào nà búhuì zhēnde fāshēng.,I know that can't really happen.,你真的相信那发生了吗？,Nǐ zhēnde xiāngxìn nà fāshēng le ma?,Do you really believe that's what happened?
617,发现,fāxiàn,to notice; to become aware of; to discover,动 v.,动 v.,verb,3,3,我发现钥匙在桌子下面。,Wǒ fāxiàn yàoshi zài zhuōzi xiàmiàn.,I discovered that the keys were under the table.,她发现自己坐错了车。,Tā fāxiàn zìjǐ zuò cuò le chē.,She realized that she had taken the wrong bus.,科学家发现了一种新方法。,Kēxuéjiā fāxiàn le yìzhǒng xīn fāngfǎ.,The scientists discovered a new method.
618,发展,fāzhǎn,development; growth; to develop,动 v.,动 v.,verb,3,3,这个城市发展得很快。,Zhège chéngshì fāzhǎn de hěnkuài.,This city is developing quickly.,旅游业促进了当地的发展。,Lǚyóuyè cùjìn le dāngdì de fāzhǎn.,Tourism has promoted local development.,公司正在发展新的服务。,Gōngsī zhèngzài fāzhǎn xīn de fúwù.,The company is developing new services.
619,方便,fāngbiàn,convenient; suitable; to facilitate,形 adj.,形 adj.,adjective,3,3,坐高铁又快又方便。,Zuò gāotiě yòu kuài yòu fāngbiàn.,Taking the high-speed rail is fast and convenient.,你什么时候方便见面？,Nǐ shénme shíhòu fāngbiàn jiànmiàn?,When would it be convenient for you to meet?,住在学校附近很方便。,Zhù zài xuéxiào fùjìn hěn fāngbiàn.,Living near the school is very convenient.
620,方便面,fāngbiànmiàn,instant noodles,名 n.,名 n.,noun,3,3,我今天中午吃了方便面。,Wǒ jīntiān zhōngwǔ chī le fāngbiànmiàn.,I ate instant noodles for lunch today.,方便面很方便，但是不要常吃。,Fāngbiànmiàn hěn fāngbiàn; dànshì búyào cháng chī.,Instant noodles are convenient; but you should not eat them often.,桌上有一碗刚做好的方便面。,Zhuōshàng yǒu yìwǎn gāng zuòhǎo de fāngbiànmiàn.,There is a bowl of freshly prepared instant noodles on the table.
621,方法,fāngfǎ,method; way; means,名 n.,名 n.,noun,3,3,这个学习方法很有用。,Zhège xuéxí fāngfǎ hěn yǒuyòng.,This study method is very useful.,我们需要找到解决问题的方法。,Wǒmen xūyào zhǎodào jiějué wèntí de fāngfǎ.,We need to find a way to solve the problem.,老师介绍了三种练习听力的方法。,Lǎoshī jièshào le sānzhǒng liànxí tīnglì de fāngfǎ.,The teacher introduced three methods for practicing listening.
622,方向,fāngxiàng,direction; orientation,名 n.,名 n.,noun,3,3,请告诉我火车站的方向。,Qǐng gàosù wǒ huǒchēzhàn de fāngxiàng.,Please tell me the direction of the train station.,他走错了方向。,Tā zǒucuò le fāngxiàng.,He went in the wrong direction.,学校在那个方向。,Xuéxiào zài nàge fāngxiàng.,The school is in that direction.
623,房子,fángzi,house; apartment,名 n.,名 n.,noun,3,3,这房子是我的。,Zhè fángzi shì wǒ de.,This house is mine.,你找我的房子有困难吗？,Nǐ zhǎo wǒ de fángzi yǒu kùnnán ma?,Did you have any difficulty in finding my house?,我知道谁住在这房子里。,Wǒ zhīdào shuí zhù zài zhè fángzi lǐ.,I know who lives in this house.
624,放,fàng,to put; to place; to release,动 v.,动 v.,verb,3,3,请把书放在桌上。,Qǐng bǎ shū fàngzài zhuōshàng.,Please put the book on the table.,牛奶要放进冰箱。,Niúnǎi yào fàngjìn bīngxiāng.,The milk should be put in the refrigerator.,别把行李放在路中间。,Bié bǎ xíngli fàngzài lù zhōngjiān.,Do not put the luggage in the middle of the road.
625,放假,fàngjià,to have a holiday or vacation,动 v.,动 v.,verb,3,3,学校下周开始放假。,Xuéxiào xiàzhōu kāishǐ fàngjià.,The school begins its holiday next week.,放假以后我们打算去旅行。,Fàngjià yǐhòu wǒmen dǎsuàn qù lǚxíng.,We plan to travel after the holiday begins.,孩子们一听说明天放假就很开心。,Háizi men yī tīngshuō míngtiān fàngjià jiù hěn kāixīn.,The children were delighted when they heard there would be no school tomorrow.
626,放心,fàngxīn,to feel relieved,动 v.,动 v.,verb,3,3,你放心，我会照顾好她。,Nǐ fàngxīn; wǒhuì zhàogù hǎo tā.,Do not worry; I will take good care of her.,看到孩子安全到家，妈妈才放心。,Kàndào háizi ānquán dào jiā; māmā cái fàngxīn.,The mother felt relieved only after seeing her child arrive home safely.,这件事交给他办，我很放心。,Zhèjiàn shì jiāogěi tā bàn; wǒ hěn fàngxīn.,I feel at ease leaving this matter to him.
627,放学,fàngxué,school ends; to get out of school,动 v.,动 v.,verb,3,3,你能在放学后帮助我们吗？,Nǐ néng zài fàngxué hòu bāngzhù wǒmen ma?,Could you help us after school?,老师要他放学后留在学校。,Lǎoshī yào tā fàngxué hòu liúzài xuéxiào.,The teacher made him stay after school.,我在放学后做作业。,Wǒ zài fàngxué hòu zuò zuòyè.,I do my homework after school.
628,分开,fēnkāi,to separate; to part,动 v.,动 v.,verb,3,3,请把这些衣服分开放。,Qǐng bǎ zhèxiē yīfú fēnkāi fàng.,Please put these clothes separately.,下车后，我们和朋友分开了。,Xiàchē hòu; wǒmen hé péngyǒu fēnkāi le.,After getting off the bus; we parted from our friends.,老师把学生分开练习。,Lǎoshī bǎ xuéshēng fēnkāi liànxí.,The teacher separated the students for practice.
629,风,fēng,wind; news; style,名 n.,名 n.,noun,3,3,今天风很大。,Jīntiān fēng hěndà.,The wind is strong today.,风把窗户吹开了。,Fēng bǎ chuānghù chuīkāi le.,The wind blew the window open.,春天的风很凉快。,Chūntiān de fēng hěn liángkuai.,The spring breeze is pleasantly cool.
630,封,fēng,measure word for letters,量 m.w.; （动 v.）,量 m.w.,measure word; verb,3,3（6）,她刚刚收到一封重要的邮件。,Tā gānggāng shōudào yìfēng zhòngyào de yóujiàn.,She just received an important email.,我收到了一封朋友的信。,Wǒ shōudào le yìfēng péngyǒu de xìn.,I received a letter from a friend.,她写了三封邮件。,Tā xiě le sān fēng yóujiàn.,She wrote three emails.
631,夫妻,fūqī,married couple,名 n.,名 n.,noun,3,3,他们是一对年轻夫妻。,Tāmen shì yíduì niánqīng fūqī.,They are a young married couple.,这对夫妻在这里住了十年。,Zhè duì fūqī zài zhèlǐ zhù le shínián.,This married couple has lived here for ten years.,夫妻之间应该互相帮助。,Fūqī zhījiān yīnggāi hùxiāng bāngzhù.,A husband and wife should help each other.
632,服务,fúwù,to serve; service,动 v.,动 v.,verb,3,3,这家宾馆的服务很好。,Zhèjiā bīnguǎn de fúwù hěn hǎo.,The service at this hotel is very good.,服务员正在为客人服务。,Fúwùyuán zhèngzài wèi kèrén fúwù.,The server is serving the guests.,这个网站提供中文学习服务。,Zhège wǎngzhàn tígōng zhōngwén xuéxí fúwù.,This website provides Chinese-learning services.
633,附近,fùjìn,nearby; nearby area,名 n.,名 n.,noun,3,3,请问，附近有宾馆吗？,Qǐngwèn; fùjìn yǒu bīnguǎn ma?,Excuse me; is there a hotel nearby?,我想应该在这附近。,Wǒ xiǎng yīnggāi zài zhè fùjìn.,It must be around here somewhere.,他住在这附近某个地方。,Tā zhù zài zhè fùjìn mǒugè dìfang.,He lives somewhere about here.
634,复习,fùxí,to review; revision,动 v.,动 v.,verb,3,3,考试以前要认真复习。,Kǎoshì yǐqián yào rènzhēn fùxí.,You should review carefully before the exam.,我每天晚上复习当天的课文。,Wǒ měitiānwǎnshàng fùxí dàngtiān de kèwén.,I review the day’s text every evening.,我们一起复习老师讲过的语法。,Wǒmen yìqǐ fùxí lǎoshī jiǎng guò de yǔfǎ.,We reviewed the grammar the teacher had explained together.
635,该,gāi,should; ought to,动 v.,动 v.,verb,3,3,我真的认为我们该做这个。,Wǒ zhēnde rènwéi wǒmen gāi zuò zhège.,I really think we should do this.,有什么事是我该做的吗？,Yǒu shénme shì shì wǒ gāi zuò de ma?,Is there anything I must do?,到我们该走的时候了。,Dào wǒmen gāi zǒu de shíhòu le.,It's already time for us to go.
636,干净,gānjìng,clean; neat,形 adj.,形 adj.,adjective,3,3,我让她把我的房间弄干净。,Wǒ ràng tā bǎ wǒ de fángjiān nòng gānjìng.,I got her to clean my room.,他保持他的房间干净。,Tā bǎochí tā de fángjiān gānjìng.,He keeps his room clean.,他穿上了干净的裤子。,Tā chuān shàng le gānjìng de kùzi.,He put on clean trousers.
637,感兴趣,gǎnxìngqù,interested,形 adj.,形 adj.,adjective,3,3,我对中国历史很感兴趣。,Wǒ duì zhōngguó lìshǐ hěn gǎnxìngqù.,I am very interested in Chinese history.,她最近对网球特别感兴趣。,Tā zuìjìn duì wǎngqiú tèbié gǎnxìngqù.,She has recently become especially interested in tennis.,孩子们对这个游戏很感兴趣。,Háizi men duì zhège yóuxì hěn gǎnxìngqù.,The children are very interested in this game.
638,感到,gǎndào,to feel; to sense; to perceive,动 v.,动 v.,verb,3,3,听到这个消息，我感到很高兴。,Tīngdào zhège xiāoxī; wǒ gǎndào hěn gāoxìng.,I felt very happy when I heard the news.,她对考试结果感到满意。,Tā duì kǎoshì jiéguǒ gǎndào mǎnyì.,She felt satisfied with the exam result.,走了半天以后，我们都感到很累。,Zǒu le bàntiān yǐhòu; wǒmen dōu gǎndào hěn lèi.,After walking for a long time; we all felt tired.
639,感冒,gǎnmào,cold; to catch a cold,名 n.; 动 v.,名 n.,noun; verb,3,3,你不要担心，这次感冒很容易好。,Nǐ búyào dānxīn; zhècì gǎnmào hěn róngyì hǎo.,Don’t worry; this cold should be easy to recover from.,我的感冒怎么也不会好。,Wǒ de gǎnmào zěnme yě búhuì hǎo.,I can't shake off my cold.,我得了一种可怕的感冒。,Wǒ dé le yìzhǒng kěpà de gǎnmào.,I've caught a terrible cold.
640,干,gàn,to do; to work,动 v.,动 v.,verb,3,3,你周末想干什么？,Nǐ zhōumò xiǎnggànshénme?,What do you want to do this weekend?,他在办公室干了一天活儿。,Tā zài bàngōngshì gàn le yìtiān huór.,He worked in the office all day.,这件事我一个人干不了。,Zhèjiàn shì wǒ yígè rén gànbùliǎo.,I cannot handle this by myself.
641,刚,gāng,hard; firm; strong,副 adv.,副 adv.,adverb,3,3,我昨天刚收到你的信。,Wǒ zuótiān gāng shōudào nǐ de xìn.,I just got your letter yesterday.,你是不是刚认识他？,Nǐ shìbúshì gāng rènshí tā?,Did you just get to know him?,我刚从学校回来。,Wǒ gāng cóng xuéxiào huílái.,I have just come back from school.
642,刚才,gāngcái,just now; a moment ago,名 n.,名 n.,noun,3,3,刚才谁给我打电话了？,Gāngcái shuígěiwǒ dǎdiànhuà le?,Who called me just now?,我刚才在楼下遇见了经理。,Wǒ gāngcái zài lóuxià yùjiàn le jīnglǐ.,I met the manager downstairs a moment ago.,刚才的对话你听清楚了吗？,Gāngcái de duìhuà nǐ tīng qīngchu le ma?,Did you hear the conversation just now clearly?
643,刚刚,gānggāng,just recently; just a moment ago,副 adv.,副 adv.,adverb,3,3,她刚刚收到一封重要的邮件。,Tā gānggāng shōudào yìfēng zhòngyào de yóujiàn.,She just received an important email.,我刚刚完成我的作业。,Wǒ gānggāng wánchéng wǒ de zuòyè.,I have just finished my homework.,我的父母刚刚到达车站。,Wǒ de fùmǔ gānggāng dàodá chēzhàn.,My parents have just arrived at the station.
644,高铁,gāotiě,high-speed rail,名 n.,名 n.,noun,3,3,坐高铁去北京很方便。,Zuò gāotiě qù běijīng hěn fāngbiàn.,It is convenient to take the high-speed rail to Beijing.,这趟高铁晚点了十分钟。,Zhè tàng gāotiě wǎndiǎn le shífēnzhōng.,This high-speed train is ten minutes late.,高铁站离市中心不远。,Gāotiě zhàn lí shìzhōngxīn bùyuǎn.,The high-speed rail station is not far from downtown.
645,根据,gēnjù,according to; based on,动 v.; 介 prep.; （名 n.）,动 v.,verb; preposition; noun,3,3（5）,根据地图，宾馆就在附近。,Gēnjù dìtú; bīnguǎn jiù zài fùjìn.,According to the map; the hotel is nearby.,我们根据成绩分班。,Wǒmen gēnjù chéngjì fēnbān.,We divide the classes based on grades.,这个决定没有事实根据。,Zhège juédìng méiyǒu shìshí gēnjù.,This decision has no factual basis.
646,更,gèng,more; even more; further,副 adv.,副 adv.,adverb,3,3,今天比昨天更冷。,Jīntiān bǐ zuótiān gèng lěng.,Today is colder than yesterday.,多练习会让你的中文更好。,Duō liànxí huì ràng nǐ de zhōngwén gènghǎo.,More practice will make your Chinese better.,换一种方法可能更方便。,Huàn yìzhǒng fāngfǎ kěnéng gèng fāngbiàn.,Using a different method may be more convenient.
647,公斤,gōngjīn,kilogram,量 m.w.,量 m.w.,measure word,3,3,我买了两公斤苹果。,Wǒ mǎi le liǎng gōngjīn píngguǒ.,I bought two kilograms of apples.,这个箱子重十公斤。,Zhège xiāngzi zhòng shí gōngjīn.,This suitcase weighs ten kilograms.,她一个月瘦了三公斤。,Tā yígèyuè shòu le sān gōngjīn.,She lost three kilograms in one month.
648,公园,gōngyuán,park,名 n.,名 n.,noun,3,3,我每天早上去公园锻炼。,Wǒ měitiān zǎoshàng qù gōngyuán duànliàn.,I exercise in the park every morning.,公园里有很多花和树。,Gōngyuán lǐ yǒu hěnduō huā hé shù.,There are many flowers and trees in the park.,周末我们在公园见面吧。,Zhōumò wǒmen zài gōngyuán jiànmiàn ba.,Let us meet in the park this weekend.
649,工作日,gōngzuòrì,weekday,名 n.,名 n.,noun,3,3,工作日早上路上很忙。,Gōngzuòrì zǎoshàng lùshàng hěn máng.,The roads are busy on weekday mornings.,这家银行只在工作日开门。,Zhèjiā yínháng zhǐ zài gōngzuòrì kāimén.,This bank is open only on weekdays.,我工作日通常六点起床。,Wǒ gōngzuòrì tōngcháng liùdiǎn qǐchuáng.,I usually get up at six on weekdays.
650,故事,gùshi,narrative; story; tale,名 n.,名 n.,noun,3,3,他给我讲了一个有趣的故事。,Tā gěi wǒ jiǎng le yígè yǒuqù de gùshi.,He told me an interesting story.,这个故事发生在一座小城市。,Zhège gùshi fāshēng zài yízuò xiǎo chéngshì.,This story takes place in a small city.,孩子们很喜欢听故事。,Háizi men hěn xǐhuān tīng gùshi.,The children love listening to stories.
651,刮,guā,to blow; to scrape,动 v.,动 v.,verb,3,3,外面正在刮风。,Wàimiàn zhèngzài guāfēng.,The wind is blowing outside.,大风把树枝刮断了。,Dàfēng bǎ shùzhī guā duàn le.,The strong wind snapped the branch.,他早上刮了胡子。,Tā zǎoshàng guā le húzi.,He shaved in the morning.
652,关,guān,mountain pass; to close; to shut,动 v.; （名 n.）,动 v.,verb; noun,3,3（5）,他总是忘记关灯。,Tā zǒngshì wàngjì guān dēng.,He always forgets to turn off the lights.,离开以前请关门。,Líkāi yǐqián qǐng guānmén.,Please close the door before leaving.,他忘记关灯了。,Tā wàngjì guān dēng le.,He forgot to turn off the light.
653,关机,guānjī,to turn off,动 v.,动 v.,verb,3,3,上飞机以前请把手机关机。,Shàng fēijī yǐqián qǐng bǎ shǒujī guānjī.,Please turn off your phone before boarding the plane.,电脑突然关机了。,Diànnǎo tūrán guānjī le.,The computer suddenly shut down.,长时间不用时，最好关机。,Zhǎngshíjiān búyòng shí; zuìhǎo guānjī.,It is best to turn the device off when you will not use it for a long time.
654,关系,guānxì,relation; relationship; to concern,名 n.; （动 v.）,名 n.,noun; verb,3,3（4）,我们的关系非常好。,Wǒmen de guānxì fēicháng hǎo.,We had a great relationship.,这与你有直接关系。,Zhè yǔ nǐ yǒu zhíjiē guānxì.,This directly concerns you.,跟你没有关系。,Gēn nǐ méiyǒu guānxì.,It has nothing to do with you.
655,关心,guānxīn,to be concerned about; to care about,动 v.,动 v.,verb,3,3,父母都很关心孩子的健康。,Fùmǔ dōu hěn guānxīn háizi de jiànkāng.,Parents care greatly about their children’s health.,谢谢你一直关心我。,Xièxiè nǐ yìzhí guānxīn wǒ.,Thank you for always caring about me.,老师很关心每个学生的学习。,Lǎoshī hěn guānxīn měigè xuéshēng de xuéxí.,The teacher cares about every student’s learning.
656,关于,guānyú,about; regarding,介 prep.,介 prep.,preposition,3,3,关于旅行，我们还有几个问题。,Guānyú lǚxíng; wǒmen háiyǒu jǐgè wèntí.,We still have a few questions about the trip.,这是一本关于中国历史的书。,Zhè shì yìběn guānyú zhōngguó lìshǐ de shū.,This is a book about Chinese history.,关于这件事，我想再考虑一下。,Guānyú zhèjiàn shì; wǒ xiǎng zài kǎolǜyíxià.,I would like to think about this matter some more.
657,关注,guānzhù,to pay attention to; to follow,动 v.,动 v.,verb,3,3,最近大家都很关注这个问题。,Zuìjìn dàjiā dōu hěn guānzhù zhège wèntí.,Everyone has been paying close attention to this issue recently.,请关注天气变化。,Qǐng guānzhù tiānqì biànhuà.,Please pay attention to changes in the weather.,这条新闻受到很多人的关注。,Zhè tiáo xīnwén shòudào hěnduō rén de guānzhù.,This news story has attracted a lot of attention.
658,国家,guójiā,country; nation; state,名 n.,名 n.,noun,3,3,中国是一个很大的国家。,Zhōngguó shì yígè hěndà de guójiā.,China is a very large country.,我想了解不同国家的文化。,Wǒ xiǎng liǎojiě bùtóng guójiā de wénhuà.,I want to learn about the cultures of different countries.,这个国家有很多美丽的城市。,Zhège guójiā yǒu hěnduō měilì de chéngshì.,This country has many beautiful cities.
659,过节,guòjié,to celebrate a holiday,动 v.,动 v.,verb,3,3,春节我们回家过节。,Chūnjié wǒmen huíjiā guòjié.,We go home to celebrate the Spring Festival.,很多家庭会一起吃饭过节。,Hěnduō jiātíng huì yìqǐ chīfàn guòjié.,Many families eat together to celebrate the holiday.,今年你打算在哪里过节？,Jīnnián nǐ dǎsuàn zài nǎlǐ guòjié?,Where do you plan to celebrate the holiday this year?
660,过去,guòqù,past; before,名 n.,名 n.,noun,3,3,我们过去常在公园玩。,Wǒmen guòqù cháng zài gōngyuán wán.,We used to play in the park.,我不知道任何有关他过去的事。,Wǒ bù zhīdào rènhé yǒuguān tā guòqù de shì.,I don't know anything about his past.,最坏的已经过去了。,Zuì huài de yǐjīng guòqù le.,The worst is over.
661,海,hǎi,sea; ocean,名 n.,名 n.,noun,3,3,我们暑假想去海边。,Wǒmen shǔjià xiǎng qù hǎibiān.,We want to go to the seaside during summer vacation.,从这里可以看见海。,Cóng zhèlǐ kěyǐ kànjiàn hǎi.,You can see the sea from here.,今天的海很安静。,Jīntiān de hǎi hěn ānjìng.,The sea is calm today.
662,害怕,hàipà,to be afraid; to be scared,动 v.,动 v.,verb,3,3,我害怕一个人去。,Wǒ hàipà yígè rén qù.,I'm afraid to go alone.,我不害怕任何东西。,Wǒ bù hàipà rènhé dōngxī.,I am not frightened of anything.,他开始害怕了。,Tā kāishǐ hàipà le.,He began to feel afraid.
663,好多,hǎoduō,many; quite a lot; much better,数 num.,数 num.,numeral,3,3,周末公园里有好多人。,Zhōumò gōngyuán lǐ yǒu hǎoduō rén.,There are a lot of people in the park on weekends.,桌上放着好多水果。,Zhuōshàng fàng zhe hǎoduō shuǐguǒ.,There is a great deal of fruit on the table.,我还有好多作业没做。,Wǒ háiyǒu hǎoduō zuòyè méi zuò.,I still have a lot of homework to do.
664,好久,hǎojiǔ,quite a while,形 adj.,形 adj.,adjective,3,3,好久不见，你最近好吗？,Hǎojiǔ bújiàn; nǐ zuìjìn hǎo ma?,Long time no see; how have you been?,我在车站等了好久。,Wǒ zài chēzhàn děng le hǎojiǔ.,I waited at the station for a long time.,这本书我找了好久才找到。,Zhè běnshū wǒ zhǎo le hǎojiǔ cái zhǎodào.,I searched for this book for a long time before finding it.
665,好像,hǎoxiàng,as if; to seem like,动 v.; 副 adv.,动 v.,verb; adverb,3,3,外面好像在下雨。,Wàimiàn hǎoxiàng zài xiàyǔ.,It seems to be raining outside.,她好像不太高兴。,Tā hǎoxiàng bù tàigāoxìng.,She does not seem very happy.,这座山远远看去好像一头大象。,Zhè zuò shān yuǎnyuǎn kàn qù hǎoxiàng yìtóu dàxiàng.,From a distance; this mountain looks like an elephant.
666,号码,hàomǎ,number,名 n.,名 n.,noun,3,3,请告诉我你的电话号码。,Qǐng gàosù wǒ nǐ de diànhuàhàomǎ.,Please tell me your telephone number.,我好像拨错号码了。,Wǒ hǎoxiàng bō cuò hàomǎ le.,It seems that I dialed the wrong number.,你的房间号码是多少？,Nǐ de fángjiān hàomǎ shì duōshǎo?,What is your room number?
667,河,hé,river,名 n.,名 n.,noun,3,3,学校旁边有一条河。,Xuéxiào pángbiān yǒu yìtiáo hé.,There is a river beside the school.,我们坐船过了河。,Wǒmen zuòchuán guò le hé.,We crossed the river by boat.,雨后河里的水涨了很多。,Yǔ hòu hélǐ de shuǐ zhǎng le hěnduō.,The water in the river rose greatly after the rain.
668,合适,héshì,suitable; fitting; appropriate,形 adj.,形 adj.,adjective,3,3,这个时间对我很合适。,Zhège shíjiān duì wǒ hěn héshì.,This time is very suitable for me.,这双鞋的大小很合适。,Zhè shuāng xié de dàxiǎo hěn héshì.,The size of these shoes is just right.,这份工作不太合适他。,Zhèfèn gōngzuò bù tài héshì tā.,This job is not very suitable for him.
669,黑板,hēibǎn,blackboard,名 n.,名 n.,noun,3,3,老师在黑板上写了三个句子。,Lǎoshī zài hēibǎn shàng xiě le sāngè jùzi.,The teacher wrote three sentences on the blackboard.,请看黑板，不要看手机。,Qǐng kàn hēibǎn; búyào kàn shǒujī.,Please look at the blackboard; not your phone.,下课后，学生把黑板擦干净了。,Xiàkèhòu; xuéshēng bǎ hēibǎncā gānjìng le.,After class; the students wiped the blackboard clean.
670,红绿灯,hóng-lǜdēng,traffic light,名 n.,名 n.,noun,3,3,过马路时要看红绿灯。,Guò mǎlù shí yào kàn hóng-lǜdēng.,Look at the traffic light when crossing the road.,红绿灯变绿了，我们可以走了。,Hóng-lǜdēng biàn lǜ le; wǒmen kěyǐ zǒu le.,The traffic light turned green; so we can go.,前面的红绿灯坏了。,Qiánmiàn de hóng-lǜdēng huài le.,The traffic light ahead is broken.
671,后来,hòulái,afterwards; later; newly arrived,名 n.,名 n.,noun,3,3,后来，我们决定坐高铁去。,Hòulái; wǒmen juédìng zuò gāotiě qù.,Later; we decided to go by high-speed rail.,他开始不同意，后来改变了想法。,Tā kāishǐ bù tóngyì; hòulái gǎibiàn le xiǎngfǎ.,He disagreed at first but later changed his mind.,我小时候住在南方，后来搬到了北方。,Wǒ xiǎoshíhòu zhù zài nánfāng; hòulái bān dào le běifāng.,I lived in the south as a child and later moved north.
672,后年,hòunián,the year after next,名 n.,名 n.,noun,3,3,我们后年打算去中国留学。,Wǒmen hòunián dǎsuàn qù zhōngguó liúxué.,We plan to study in China the year after next.,这座新楼后年完成。,Zhè zuò xīnlóu hòunián wánchéng.,This new building will be completed the year after next.,她后年大学毕业。,Tā hòunián dàxuébìyè.,She will graduate from university the year after next.
673,后天,hòutiān,the day after tomorrow,名 n.,名 n.,noun,3,3,我们后天见面吧。,Wǒmen hòutiān jiànmiàn ba.,Let us meet the day after tomorrow.,后天可能会下雨。,Hòutiān kěnéng huì xiàyǔ.,It may rain the day after tomorrow.,他后天坐高铁回家。,Tā hòutiān zuò gāotiě huíjiā.,He will take the high-speed rail home the day after tomorrow.
674,护照,hùzhào,passport,名 n.,名 n.,noun,3,3,出发以前你必须带护照。,Chūfā yǐqián nǐ bìxū dài hùzhào.,Before departing you must bring your passport.,他拿出了他的护照。,Tā náchū le tā de hùzhào.,He took out his passport.,能否请您给我看一下您的护照？,Néngfǒu qǐng nín gěi wǒ kàn yíxià nín de hùzhào?,Will you show me your passport; please?
675,花园,huāyuán,garden,名 n.,名 n.,noun,3,3,春天花园里的花都开了。,Chūntiān huāyuánlǐ de huādōu kāi le.,In spring; all the flowers in the garden have bloomed.,我整个下午都在花园里。,Wǒ zhěnggè xiàwǔ dōu zài huāyuánlǐ.,I was in the garden all afternoon.,他在花园里找到了一颗球。,Tā zài huāyuánlǐ zhǎodào le yìkē qiú.,He found a ball in the garden.
676,画家,huàjiā,painter,名 n.,名 n.,noun,3,3,她长大以后想当画家。,Tā zhǎngdà yǐhòu xiǎng dāng huàjiā.,She wants to become a painter when she grows up.,这位画家的作品很有名。,Zhèwèi huàjiā de zuòpǐn hěn yǒumíng.,This painter’s work is very famous.,画家正在花园里画画。,Huàjiā zhèngzài huāyuánlǐ huàhuà.,The painter is painting in the garden.
677,欢迎,huānyíng,to welcome; welcome,动 v.,动 v.,verb,3,3,欢迎你来中国学习中文。,Huānyíng nǐ lái zhōngguó xuéxí zhōngwén.,Welcome to China to study Chinese.,老师热情地欢迎了新学生。,Lǎoshī rèqíng de huānyíng le xīn xuéshēng.,The teacher warmly welcomed the new students.,周末欢迎你来我家做客。,Zhōumò huānyíng nǐ lái wǒjiā zuòkè.,You are welcome to visit my home this weekend.
678,还,huán,to return; to give back,动 v.,动 v.,verb,3,3,这本书我明天还给你。,Zhè běnshū wǒ míngtiān huángěi nǐ.,I will return this book to you tomorrow.,借的钱应该按时还。,Jiè de qián yīnggāi ànshí huán.,Borrowed money should be repaid on time.,请把我的银行卡还给我。,Qǐng bǎ wǒ de yínhángkǎ huángěi wǒ.,Please give my bank card back to me.
679,环境,huánjìng,environment; circumstances; surroundings,名 n.,名 n.,noun,3,3,这里的学习环境很安静。,Zhèlǐ de xuéxí huánjìng hěn ānjìng.,The study environment here is very quiet.,我们应该一起保护环境。,Wǒmen yīnggāi yìqǐ bǎohùhuánjìng.,We should protect the environment together.,新的工作环境让我很满意。,Xīn de gōngzuò huánjìng ràng wǒ hěn mǎnyì.,I am very satisfied with the new work environment.
680,换,huàn,to change; to exchange,动 v.,动 v.,verb,3,3,我们会在下一站换火车。,Wǒmen huì zài xià yízhàn huàn huǒchē.,We'll change trains at the next station.,我已经换了我的衣服。,Wǒ yǐjīng huàn le wǒ de yīfú.,I have already changed my clothes.,我认为我们该换个题目。,Wǒ rènwéi wǒmen gāi huàn gè tímù.,I think we should change the topic.
681,黄色,huángsè,yellow; pornographic,名 n.,名 n.,noun,3,3,她穿着一件黄色上衣。,Tā chuānzhe yíjiàn huángsè shàngyī.,She is wearing a yellow top.,我喜欢黄色的花。,Wǒ xǐhuān huángsè de huā.,I like yellow flowers.,红绿灯变成黄色了。,Hóng-lǜdēng biànchéng huángsè le.,The traffic light turned yellow.
682,回答,huídá,to reply; to answer; reply,动 v.,动 v.,verb,3,3,他没有回答我的问题。,Tā méiyǒu huídá wǒ de wèntí.,He didn't respond to my question.,我不能回答所有的问题。,Wǒ bùnéng huídá suǒyǒu de wèntí.,I couldn't answer all of the questions.,我现在不能回答你。,Wǒ xiànzài bùnéng huídá nǐ.,I can't answer you now.
683,会,huì,meeting,名 n.,名 n.,noun,3,3,下午三点有一个会。,Xiàwǔ sāndiǎn yǒu yígè huì.,There is a meeting at three in the afternoon.,这个会大概一个小时。,Zhège huì dàgài yígè xiǎoshí.,This meeting will last about an hour.,经理正在会议室开会。,Jīnglǐ zhèngzài huìyìshì kāihuì.,The manager is holding a meeting in the conference room.
684,会议,huìyì,meeting; conference,名 n.,名 n.,noun,3,3,这是个很重要的会议。,Zhè shì gè hěn zhòngyào de huìyì.,This is a very important meeting.,你们准备参加会议吗？,Nǐmen zhǔnbèi cānjiā huìyì ma?,Are you planning to take part in the meeting?,你明天可以来参加会议吗？,Nǐ míngtiān kěyǐ lái cānjiā huìyì ma?,Can you come to the meeting tomorrow?
685,或,huò,maybe; perhaps; might,连 conj.; （副 adv.）,连 conj.,conjunction; adverb,3,3（6）,你可以坐高铁或飞机去。,Nǐ kěyǐ zuò gāotiě huò fēijī qù.,You can go by high-speed rail or by plane.,请用中文或英文回答。,Qǐng yòng zhōngwén huò yīngwén huídá.,Please answer in Chinese or English.,明天或后天都可以。,Míngtiān huò hòutiān dōu kěyǐ.,Tomorrow or the day after tomorrow will both work.
686,或者,huòzhě,or; possibly; maybe,连 conj.,连 conj.,conjunction,3,3,你想喝茶或者咖啡？,Nǐ xiǎng hēchá huòzhě kāfēi?,Would you like tea or coffee?,我们可以坐高铁，或者坐飞机。,Wǒmen kěyǐ zuò gāotiě; huòzhě zuòfēijī.,We can take the high-speed rail or fly.,周末我或者在家休息，或者去公园运动。,Zhōumò wǒ huòzhě zàijiā xiūxī; huòzhě qù gōngyuán yùndòng.,On weekends; I either rest at home or exercise in the park.
687,鸡,jī,fowl; chicken; prostitute,名 n.,名 n.,noun,3,3,院子里养了几只鸡。,Yuànzi lǐ yǎng le jǐzhī jī.,Several chickens are being raised in the yard.,我晚饭想吃鸡。,Wǒ wǎnfàn xiǎng chī jī.,I want to eat chicken for dinner.,那只鸡正在草地上走。,Nà zhī jī zhèngzài cǎodì shàng zǒu.,That chicken is walking on the grass.
688,几乎,jīhū,almost,副 adv.,副 adv.,adverb,3,3,我几乎每天都去图书馆。,Wǒ jīhū měitiān dōu qù túshūguǎn.,I go to the library almost every day.,他累得几乎站不起来。,Tā lèidé jīhū zhànbùqǐlái.,He was so tired that he could barely stand.,这两个箱子的大小几乎一样。,Zhè liǎnggè xiāngzi de dàxiǎo jīhū yíyàng.,These two suitcases are almost the same size.
689,机会,jīhuì,opportunity; chance; occasion,名 n.,名 n.,noun,3,3,我认为我们没有机会赢。,Wǒ rènwéi wǒmen méiyǒu jīhuì yíng.,I don't think we'd have any chance of winning.,他没有成功的机会。,Tā méiyǒu chénggōng de jīhuì.,He has no chance of succeeding.,我又失去了一次机会。,Wǒ yòu shīqù le yícì jīhuì.,I've missed another chance.
690,极,jí,extremely,副 adv.,副 adv.,adverb,3,3,这里的冬天冷极了。,Zhèlǐ de dōngtiān lěng jíle.,Winters here are extremely cold.,这个故事有趣极了。,Zhège gùshi yǒuqù jíle.,This story is extremely interesting.,她听到消息后高兴极了。,Tā tīngdào xiāoxī hòu gāoxìng jíle.,She was extremely happy after hearing the news.
691,急,jí,urgent; pressing; rapid,形 adj.; 动 v.,形 adj.,adjective; verb,3,3,别急，我们还有时间。,Bié jí; wǒmen háiyǒu shíjiān.,Do not rush; we still have time.,这件事很急，今天必须完成。,Zhèjiàn shì hěn jí; jīntiān bìxū wánchéng.,This matter is urgent and must be finished today.,他急着去机场。,Tā jí zhe qù jīchǎng.,He is in a hurry to go to the airport.
692,记,jì,to record; to note; to memorize,动 v.,动 v.,verb,3,3,请记下这个号码。,Qǐng jìxià zhège hàomǎ.,Please write down this number.,我记得我们以前见过。,Wǒ jìde wǒmen yǐqián jiàn guò.,I remember that we met before.,这些生词不容易记。,Zhèxiē shēngcí bù róngyì jì.,These new words are not easy to memorize.
693,季,jì,season,名 n.,名 n.,noun,3,3,春夏秋冬各是一季。,Chūnxiàqiūdōng gè shì yī jì.,Spring; summer; autumn; and winter are each a season.,这个地区一年分为雨季和干季。,Zhège dìqū yìnián fēnwéi yǔjì hé gàn jì.,The year in this region is divided into a rainy season and a dry season.,每一季都有不同的风景。,Měi yī jì dōu yǒu bùtóng de fēngjǐng.,Each season has different scenery.
694,季节,jìjié,season,名 n.,名 n.,noun,3,3,春天是我最喜欢的季节。,Chūntiān shì wǒ zuì xǐhuān de jìjié.,Spring is my favorite season.,这个季节常常下雨。,Zhège jìjié chángcháng xiàyǔ.,It often rains during this season.,不同季节的天气变化很大。,Bùtóng jìjié de tiānqì biànhuà hěndà.,The weather changes greatly from season to season.
695,加,jiā,to add; plus; to apply to,动 v.,动 v.,verb,3,3,咖啡里请加一点儿糖。,Kāfēi lǐ qǐng jiā yìdiǎnr táng.,Please add a little sugar to the coffee.,三加五等于八。,Sān jiā wǔ děngyú bā.,Three plus five equals eight.,天气冷了，记得加衣服。,Tiānqì lěng le; jìde jiā yīfú.,The weather has turned cold; remember to add more clothing.
696,假期,jiàqī,vacation,名 n.,名 n.,noun,3,3,假期你有什么打算？,Jiàqī nǐ yǒu shénme dǎsuàn?,What are your plans for the vacation?,我们在假期里去了南方旅行。,Wǒmen zài jiàqī lǐ qù le nánfāng lǚxíng.,We traveled to the south during the vacation.,这个假期只有三天。,Zhège jiàqī zhǐyǒu sāntiān.,This vacation is only three days long.
697,坚持,jiānchí,to stick to; to persist,动 v.,动 v.,verb,3,3,他每天坚持跑步锻炼。,Tā měitiān jiānchí pǎobù duànliàn.,He persists in running for exercise every day.,我对他的坚持感到很惊讶。,Wǒ duì tā de jiānchí gǎndào hěn jīngyà.,I was surprised by his perseverance.,我的父亲坚持要我们等火车。,Wǒ de fùqīn jiānchí yào wǒmen děng huǒchē.,My father insisted on our waiting for the train.
698,检查,jiǎnchá,inspection; to examine; to inspect,动 v.,动 v.,verb,3,3,他发烧了，应该马上去医院检查。,Tā fāshāo le; yīnggāi mǎshàng qù yīyuàn jiǎnchá.,He has a fever and should go to the hospital for a checkup right away.,你检查这个了吗？,Nǐ jiǎnchá zhège le ma?,Did you check this?,我到医院去检查了眼睛。,Wǒ dào yīyuàn qù jiǎnchá le yǎnjīng.,I went to the hospital to have my eyes tested.
699,简单,jiǎndān,simple; not complicated,形 adj.,形 adj.,adjective,3,3,这个问题很简单。,Zhège wèntí hěn jiǎndān.,This question is very simple.,老师用简单的话解释了语法。,Lǎoshī yòng jiǎndān dehuà jiěshì le yǔfǎ.,The teacher explained the grammar in simple words.,做这个菜其实很简单。,Zuò zhège cài qíshí hěn jiǎndān.,Making this dish is actually very simple.
700,检票,jiǎnpiào,to check tickets,动 v.,动 v.,verb,3,3,上车以前要先检票。,Shàngchē yǐqián yào xiān jiǎnpiào.,You need to have your ticket checked before boarding.,工作人员正在门口检票。,Gōngzuòrényuán zhèngzài ménkǒu jiǎnpiào.,The staff are checking tickets at the entrance.,请准备好车票，马上开始检票。,Qǐng zhǔnbèi hǎo chēpiào; mǎshàng kāishǐ jiǎnpiào.,Please have your ticket ready; ticket inspection will begin shortly.
701,健康,jiànkāng,health; healthy,形 adj.,形 adj.,adjective,3,3,每天锻炼对健康有帮助。,Měitiān duànliàn duì jiànkāng yǒu bāngzhù.,Daily exercise is beneficial to health.,她的身体一直很健康。,Tā de shēntǐ yìzhí hěn jiànkāng.,She has always been in good health.,健康比什么都重要。,Jiànkāng bǐ shénme dōu zhòngyào.,Health is more important than anything else.
702,见面,jiànmiàn,to meet; to see each other,动 v.,动 v.,verb,3,3,我们在学校前面见面了。,Wǒmen zài xuéxiào qiánmiàn jiànmiàn le.,We met in front of the school.,我不认为我会再跟他见面。,Wǒ bù rènwéi wǒhuì zài gēn tā jiànmiàn.,I don't think I'll ever meet him.,我明天要跟他见面。,Wǒ míngtiān yào gēn tā jiànmiàn.,I'm going to meet him tomorrow.
703,讲,jiǎng,to speak; to explain; to negotiate,动 v.,动 v.,verb,3,3,老师正在讲新的语法。,Lǎoshī zhèngzài jiǎng xīn de yǔfǎ.,The teacher is explaining new grammar.,请再讲一遍，我没听清楚。,Qǐng zài jiǎng yíbiàn; wǒ méi tīng qīngchu.,Please explain it once more; I did not hear clearly.,他会讲中文和英语。,Tā huì jiǎng zhōngwén hé yīngyǔ.,He can speak Chinese and English.
704,角,jiǎo,angle,量 m.w.,量 m.w.,measure word,3,3,这本书卖五角钱。,Zhè běnshū mài wǔjiǎoqián.,This book costs five jiao.,桌子的这个角坏了。,Zhuōzi de zhège jiǎo huài le.,This corner of the table is damaged.,请站在房间右边的墙角。,Qǐng zhàn zài fángjiān yòubiān de qiángjiǎo.,Please stand in the corner on the right side of the room.
705,脚,jiǎo,foot; leg,名 n.,名 n.,noun,3,3,孩子们洗了他们的脚。,Háizi men xǐ le tāmen de jiǎo.,The children washed their feet.,他故意踩我的脚。,Tā gùyì cǎi wǒ de jiǎo.,He stepped on my foot on purpose.,这些鞋不合我的脚。,Zhèxiē xié bùhé wǒ de jiǎo.,These shoes don't fit my feet.
706,接,jiē,to receive; to pick up,动 v.,动 v.,verb,3,3,我去机场接朋友。,Wǒ qù jīchǎng jiē péngyǒu.,I am going to the airport to pick up a friend.,请接一下电话。,Qǐng jiē yíxià diànhuà.,Please answer the phone.,他伸手接住了球。,Tā shēnshǒu jiē zhù le qiú.,He reached out and caught the ball.
707,街,jiē,street,名 n.,名 n.,noun,3,3,这条街上有很多小店。,Zhè tiáo jiēshàng yǒu hěnduō xiǎodiàn.,There are many small shops on this street.,他住在学校后面的那条街。,Tā zhù zài xuéxiào hòumiàn de nàtiáo jiē.,He lives on the street behind the school.,周末这条街上游客很多。,Zhōumò zhè tiáo jiēshàng yóukè hěnduō.,There are many tourists on this street on weekends.
708,节,jié,festival; holiday; measure word for sections,量 m.w.; 名 n.; （动 v.）,量 m.w.,measure word; noun; verb,3,3（4）,春节是中国最重要的节日之一。,Chūnjié shì zhōngguó zuì zhòngyào de jiérì zhīyī.,The Spring Festival is one of China’s most important holidays.,我们上午有两节中文课。,Wǒmen shàngwǔ yǒu liǎngjié zhōngwén kè.,We have two Chinese class periods in the morning.,请把这篇课文分成三节来读。,Qǐng bǎ zhè piān kèwén fēnchéng sānjié lái dú.,Please divide this text into three sections to read.
709,结婚,jiéhūn,to marry; to get married,动 v.,动 v.,verb,3,3,她结婚以后搬家了。,Tā jiéhūn yǐhòu bānjiā le.,She moved after getting married.,我想跟你这样的人结婚。,Wǒ xiǎng gēn nǐ zhèyàng de rén jiéhūn.,I'd like to get married to someone like you.,那个时候我还没有结婚。,Nàge shíhòu wǒ hái méiyǒu jiéhūn.,I wasn't yet married at that time.
710,节目,jiémù,program; item,名 n.,名 n.,noun,3,3,这个电视节目很有意思。,Zhège diànshìjiémù hěn yǒuyìsi.,This television program is very interesting.,晚会的第一个节目是唱歌。,Wǎnhuì de dìyígè jiémù shì chànggē.,The first item on the evening show is a song.,你最喜欢什么节目？,Nǐ zuì xǐhuān shénme jiémù?,What is your favorite program?
711,节日,jiérì,holiday; festival,名 n.,名 n.,noun,3,3,春节是中国重要的节日。,Chūnjié shì zhōngguó zhòngyào de jiérì.,The Spring Festival is an important Chinese holiday.,这个节日大家都会回家。,Zhège jiérì dàjiā dōu huì huíjiā.,Everyone goes home for this holiday.,节日期间，街上到处都是游客。,Jiérì qījiān; jiēshàng dàochù dōu shì yóukè.,During the holiday; there are tourists everywhere in the streets.
712,结束,jiéshù,termination; to finish; to end,动 v.,动 v.,verb,3,3,会议下午五点结束。,Huìyì xiàwǔ wǔdiǎn jiéshù.,The meeting ends at five in the afternoon.,比赛结束以后，大家一起吃饭。,Bǐsài jiéshù yǐhòu; dàjiā yìqǐ chīfàn.,After the match ended; everyone ate together.,我终于结束了今天的工作。,Wǒ zhōngyú jiéshù le jīntiān de gōngzuò.,I finally finished today’s work.
713,解决,jiějué,to solve; to resolve; to settle,动 v.,动 v.,verb,3,3,我可以自己解决这个问题。,Wǒ kěyǐ zìjǐ jiějué zhège wèntí.,I can solve the problem by myself.,我们有自己的问题要解决。,Wǒmen yǒu zìjǐ de wèntí yào jiějué.,We have our own problems to solve.,你能解决这个问题吗？,Nǐ néng jiějué zhège wèntí ma?,Could you solve the problem?
714,姐妹,jiěmèi,sisters; siblings; sister,名 n.,名 n.,noun,3,3,她们是姐妹，长得很像。,Tāmen shì jiěmèi; zhǎngde hěn xiàng.,They are sisters and look very much alike.,我有一个哥哥和两个姐妹。,Wǒ yǒu yígè gēgē hé liǎnggè jiěmèi.,I have one older brother and two sisters.,这对姐妹都在学习中文。,Zhè duì jiěmèi dōu zài xuéxí zhōngwén.,Both of these sisters are studying Chinese.
715,借,jiè,to lend; to borrow; by means of,动 v.,动 v.,verb,3,3,我能借一下你的词典吗？,Wǒ néng jiè yíxià nǐ de cídiǎn ma?,May I borrow your dictionary?,这本书是我从图书馆借的。,Zhè běnshū shì wǒ cóng túshūguǎn jiè de.,I borrowed this book from the library.,他借给我一辆自行车。,Tā jiègěi wǒ yíliàng zìxíngchē.,He lent me a bicycle.
716,斤,jīn,catty,量 m.w.,量 m.w.,measure word,3,3,我买了两斤西瓜。,Wǒ mǎi le liǎngjīn xīguā.,I bought two jin of watermelon.,这些苹果一斤多少钱？,Zhèxiē píngguǒ yìjīn duōshǎoqián?,How much is one jin of these apples?,这个孩子出生时有六斤重。,Zhège háizi chūshēng shí yǒu liùjīnzhòng.,This child weighed six jin at birth.
717,经过,jīngguò,to pass; to go through; process,动 v.; 名 n.,动 v.,verb; noun,3,3,这辆车每天经过学校门口。,Zhè liàng chē měitiān jīngguò xuéxiào ménkǒu.,This bus passes the school entrance every day.,经过半年的练习，他进步很大。,Jīngguò bànnián de liànxí; tā jìnbù hěndà.,After half a year of practice; he made great progress.,我们经过公园时停了一会儿。,Wǒmen jīngguò gōngyuán shí tíng le yíhuìr.,We stopped for a while as we passed the park.
718,经理,jīnglǐ,manager; director,名 n.,名 n.,noun,3,3,经理正在办公室开会。,Jīnglǐ zhèngzài bàngōngshì kāihuì.,The manager is holding a meeting in the office.,我把这个问题告诉了经理。,Wǒ bǎ zhège wèntí gàosù le jīnglǐ.,I told the manager about this problem.,经理对我们的工作很满意。,Jīnglǐ duì wǒmen de gōngzuò hěn mǎnyì.,The manager is very satisfied with our work.
719,久,jiǔ,time; duration of time,形 adj.,形 adj.,adjective,3,3,我在这里住了很久。,Wǒ zài zhèlǐ zhù le hěn jiǔ.,I have lived here for a long time.,你等了多久？,Nǐ děng le duōjiǔ?,How long did you wait?,这件事过去很久了。,Zhèjiàn shì guòqù hěn jiǔ le.,This happened a long time ago.
720,酒,jiǔ,wine; liquor; spirits,名 n.,名 n.,noun,3,3,这家饭店有中国酒。,Zhèjiā fàndiàn yǒu zhōngguó jiǔ.,This restaurant serves Chinese liquor.,他不太喜欢喝酒。,Tā bù tài xǐhuān hējiǔ.,He does not particularly like drinking alcohol.,请不要开车前喝酒。,Qǐng búyào kāichē qián hējiǔ.,Please do not drink alcohol before driving.
721,旧,jiù,old; opposite: new 新; former,形 adj.,形 adj.,adjective,3,3,我的父亲开一辆旧车。,Wǒ de fùqīn kāi yíliàng jiù chē.,My father drives a very old car.,我父亲修理了我的旧手表。,Wǒ fùqīn xiūlǐ le wǒ de jiù shǒubiǎo.,My father repaired my old watch.,我的房子又旧又难看。,Wǒ de fángzi yòu jiù yòu nánkàn.,My house is old and ugly.
722,句,jù,measure word for phrases or lines of verse,量 m.w.,量 m.w.,measure word,3,3,我想知道这句话的意思。,Wǒ xiǎng zhīdào zhè jù huà de yìsi.,I wonder what this phrase means.,老师让我重复了这句话。,Lǎoshī ràng wǒ chóngfù le zhè jù huà.,The teacher made me repeat the sentence.,他无法理解这句话。,Tā wúfǎ lǐjiě zhè jù huà.,He couldn't understand the sentence.
723,句子,jùzi,sentence,名 n.,名 n.,noun,3,3,你能翻译这个句子吗？,Nǐ néng fānyì zhège jùzi ma?,Could you translate this sentence?,这不是一个句子。,Zhè búshì yígè jùzi.,This is not a sentence.,这是一个奇怪的句子。,Zhè shì yígè qíguài de jùzi.,This is a strange sentence.
724,决定,juédìng,to decide; decision,动 v.; 名 n.,动 v.,verb; noun,3,3,经理决定下周开会讨论这个问题。,Jīnglǐ juédìng xiàzhōu kāihuì tǎolùn zhège wèntí.,The manager decided to hold a meeting next week to discuss this issue.,我们让他做最后的决定。,Wǒmen ràng tā zuò zuìhòu de juédìng.,We left the final decision to him.,我让你来决定。,Wǒ ràng nǐ lái juédìng.,I'll let you decide.
725,卡,kǎ,to block; to be stuck; to be wedged,名 n.,名 n.,noun,3,3,我可以用信用卡付款吗？,Wǒ kěyǐ yòng xìnyòngkǎ fùkuǎn ma?,Can I pay by credit card?,这张纸卡在打印机里了。,Zhè zhāng zhǐ kǎ zài dǎyìnjī lǐ le.,This sheet of paper is stuck in the printer.,这张卡不能用了。,Zhè zhāng kǎ bùnéng yòng le.,This card no longer works.
726,开花,kāihuā,to bloom,动 v.,动 v.,verb,3,3,春天到了，花园里的花开始开花。,Chūntiān dào le; huāyuánlǐ de huā kāishǐ kāihuā.,Spring has arrived; and the flowers in the garden are beginning to bloom.,这种树每年三月开花。,Zhèzhǒng shù měinián sānyuè kāihuā.,This kind of tree blooms every March.,天气变暖以后，路边的花都开花了。,Tiānqì biàn nuǎn yǐhòu; lùbiān de huādōu kāihuā le.,After the weather warmed up; all the roadside flowers bloomed.
727,开会,kāihuì,to hold a meeting; to attend a meeting,动 v.,动 v.,verb,3,3,我们下午三点开会。,Wǒmen xiàwǔ sāndiǎn kāihuì.,We will hold a meeting at three this afternoon.,经理正在办公室开会。,Jīnglǐ zhèngzài bàngōngshì kāihuì.,The manager is holding a meeting in the office.,明天开会要讨论这个问题。,Míngtiān kāihuì yào tǎolùn zhège wèntí.,We will discuss this issue at tomorrow’s meeting.
728,开机,kāijī,to turn on; to boot up,动 v.,动 v.,verb,3,3,按这个按钮就能开机。,Àn zhège ànniǔ jiù néng kāijī.,Press this button to turn the device on.,电脑开机需要一点时间。,Diànnǎo kāijī xūyào yìdiǎn shíjiān.,The computer needs a little time to start up.,请先开机，再打开软件。,Qǐng xiān kāijī; zài dǎkāi ruǎnjiàn.,Please turn the device on before opening the software.
729,开心,kāixīn,happy,形 adj.,形 adj.,adjective,3,3,如果你开心，我也就开心。,Rúguǒ nǐ kāixīn; wǒ yě jiù kāixīn.,I'm happy if you're happy.,我们真的玩得很开心。,Wǒmen zhēnde wán de hěn kāixīn.,We really enjoyed ourselves.,今天晚上我玩得很开心。,Jīntiān wǎnshàng wǒ wán de hěn kāixīn.,I had a good time this evening.
730,看来,kànlái,apparently; it seems that,动 v.,动 v.,verb,3,3,看来今天要下雨。,Kànlái jīntiān yào xiàyǔ.,It looks as though it will rain today.,看来我们得换一个办法。,Kànlái wǒmen děi huàn yígè bànfǎ.,It seems we have to use another method.,从成绩看来，他进步很大。,Cóng chéngjì kànlái; tā jìnbù hěndà.,Judging from the grades; he has made great progress.
731,可,kě,used in 可汗,连 conj.; （副 adv.）,连 conj.,conjunction; adverb,3,3（5）,这个办法可不简单。,Zhège bànfǎ kěbù jiǎndān.,This method is certainly not simple.,我想去，可今天没有时间。,Wǒ xiǎng qù; kě jīntiān méiyǒu shíjiān.,I want to go; but I do not have time today.,你可要小心一点儿。,Nǐ kě yào xiǎoxīn yìdiǎnr.,You really need to be a little careful.
732,渴,kě,thirsty,形 adj.,形 adj.,adjective,3,3,我有点儿渴，想喝水。,Wǒ yǒudiǎnr kě; xiǎng hēshuǐ.,I am a little thirsty and want some water.,运动以后大家都很渴。,Yùndòng yǐhòu dàjiā dōu hěn kě.,Everyone was thirsty after exercising.,你渴不渴？这里有矿泉水。,Nǐ kě bù kě? zhèlǐ yǒu kuàngquánshuǐ.,Are you thirsty? There is mineral water here.
733,可爱,kě’ài,adorable; cute; lovely,形 adj.,形 adj.,adjective,3,3,这是我见过最可爱的小狗。,Zhè shì wǒ jiàn guò zuì kě'ài de xiǎogǒu.,This is the cutest puppy I've ever seen.,我哥哥给了我一个可爱的娃娃。,Wǒ gēgē gěi le wǒ yígè kě'ài de wáwá.,My brother gave me a cute doll.,这只猫很可爱。,Zhè zhī māo hěn kě'ài.,The cat is adorable.
734,可是,kěshì,but; however; indeed,连 conj.,连 conj.,conjunction,3,3,我想去，可是今天没有时间。,Wǒ xiǎng qù; kěshì jīntiān méiyǒu shíjiān.,I want to go; but I do not have time today.,这件衣服很好看，可是有点儿贵。,Zhèjiàn yīfú hěn hǎokàn; kěshì yǒudiǎnr guì.,This outfit looks good; but it is a little expensive.,他很努力，可是成绩没有提高。,Tā hěn nǔlì; kěshì chéngjì méiyǒu tígāo.,He works very hard; but his grades have not improved.
735,刻,kè,quarter (hour); measure word for short periods,量 m.w.; （动 v.）,量 m.w.,measure word; verb,3,3（5）,现在三点一刻。,Xiànzài sāndiǎn yíkè.,It is a quarter past three now.,我们等了一刻钟。,Wǒmen děng le yíkèzhōng.,We waited for fifteen minutes.,他把名字刻在木头上。,Tā bǎ míngzì kè zài mùtou shàng.,He carved his name into the wood.
736,课本,kèběn,textbook,名 n.,名 n.,noun,3,3,请打开课本第十页。,Qǐng dǎkāi kèběn dìshí yè.,Please open the textbook to page ten.,我把课本忘在教室里了。,Wǒ bǎ kèběn wàng zài jiàoshì lǐ le.,I left my textbook in the classroom.,这本课本里有很多练习。,Zhèběn kèběn lǐ yǒu hěnduō liànxí.,There are many exercises in this textbook.
737,客人,kèrén,visitor; guest; customer,名 n.,名 n.,noun,3,3,今天家里来了几位客人。,Jīntiān jiālǐ lái le jǐwèi kèrén.,Several guests came to our home today.,服务员正在帮助客人点菜。,Fúwùyuán zhèngzài bāngzhù kèrén diǎncài.,The server is helping the guest order food.,请给客人倒一杯茶。,Qǐng gěi kèrén dào yìbēi chá.,Please pour the guest a cup of tea.
738,课文,kèwén,text,名 n.,名 n.,noun,3,3,老师让我们大声读课文。,Lǎoshī ràng wǒmen dàshēng dú kèwén.,The teacher asked us to read the text aloud.,这篇课文有很多生词。,Zhè piān kèwén yǒu hěnduō shēngcí.,This text contains many new words.,我已经把今天的课文复习了一遍。,Wǒ yǐjīng bǎ jīntiān de kèwén fùxí le yíbiàn.,I have already reviewed today’s text once.
739,空调,kōngtiáo,air conditioner,名 n.,名 n.,noun,3,3,夏天太热了，我需要开空调。,Xiàtiān tài rè le; wǒ xūyào kāi kōngtiáo.,It is too hot in summer; so I need to turn on the air conditioner.,这个房间有空调。,Zhège fángjiān yǒu kōngtiáo.,This room has air conditioning.,空调坏了，房间里很热。,Kōngtiáo huài le; fángjiān lǐ hěn rè.,The air conditioner is broken; so the room is very hot.
740,哭,kū,to cry; to weep,动 v.,动 v.,verb,3,3,孩子为什么在哭？,Háizi wèishénme zài kū?,Why is the child crying?,她听到这个消息后哭了。,Tā tīngdào zhège xiāoxī hòu kū le.,She cried after hearing the news.,别哭了，我们一起想办法。,Bié kū le; wǒmen yìqǐ xiǎng bànfǎ.,Do not cry; let us find a solution together.
741,筷子,kuàizi,chopsticks,名 n.,名 n.,noun,3,3,中国人吃饭常用筷子。,Zhōngguó rén chīfàn chángyòng kuàizi.,Chinese people commonly use chopsticks when eating.,这双筷子是新的。,Zhè shuāng kuàizi shì xīn de.,This pair of chopsticks is new.,他还不会用筷子。,Tā hái búhuì yòng kuàizi.,He still does not know how to use chopsticks.
742,矿泉水,kuàngquánshuǐ,mineral water; 杯,名 n.,名 n.,noun,3,3,请给我一瓶矿泉水。,Qǐng gěi wǒ yìpíng kuàngquánshuǐ.,Please give me a bottle of mineral water.,运动以后要多喝矿泉水。,Yùndòng yǐhòu yào duō hē kuàngquánshuǐ.,Drink plenty of mineral water after exercising.,宾馆房间里有免费的矿泉水。,Bīnguǎn fángjiān lǐ yǒu miǎnfèi de kuàngquánshuǐ.,There is complimentary mineral water in the hotel room.
743,来自,láizì,to come from; From:,动 v.,动 v.,verb,3,3,你知道他们来自哪里吗？,Nǐ zhīdào tāmen láizì nǎlǐ ma?,Do you know where they come from?,我知道他来自哪里。,Wǒ zhīdào tā láizì nǎlǐ.,I know where he comes from.,我们接到许多来自国外的电话。,Wǒmen jiēdào xǔduō láizì guówài de diànhuà.,We receive many telephone calls from abroad.
744,蓝,lán,blue; indigo plant,形 adj.,形 adj.,adjective,3,3,今天的天空很蓝。,Jīntiān de tiānkōng hěn lán.,The sky is very blue today.,她穿着一条蓝裙子。,Tā chuānzhe yìtiáo lán qúnzi.,She is wearing a blue skirt.,地图上的蓝线表示河流。,Dìtú shàng de lán xiàn biǎoshì héliú.,The blue line on the map represents a river.
745,老,lǎo,old; venerable; experienced,形 adj.; 前缀 pref.; （副 adv.）,形 adj.,adjective; prefix; adverb,3,3（4）,那位老人是我的老邻居。,Nàwèi lǎorén shì wǒ de lǎo línjū.,That elderly person is my longtime neighbor.,这台电脑太老了。,Zhè tái diànnǎo tài lǎo le.,This computer is too old.,他老忘记带钥匙。,Tā lǎo wàngjì dài yàoshi.,He is always forgetting to bring his keys.
746,老人,lǎorén,old person; the elderly,名 n.,名 n.,noun,3,3,那位老人每天早上去公园散步。,Nàwèi lǎorén měitiān zǎoshàng qù gōngyuán sànbù.,That elderly person takes a walk in the park every morning.,请给老人让个座位。,Qǐng gěi lǎorén ràng gè zuòwèi.,Please give the elderly person a seat.,社区为老人提供了很多服务。,Shèqū wèi lǎorén tígōng le hěnduō fúwù.,The community provides many services for elderly people.
747,离开,líkāi,to depart; to leave,动 v.,动 v.,verb,3,3,我现在在工作无法离开。,Wǒ xiànzài zài gōngzuò wúfǎ líkāi.,I can't get away from work now.,我想让你离开我的房间。,Wǒ xiǎng ràng nǐ líkāi wǒ de fángjiān.,I want you out of my room.,明天你能准备好离开吗？,Míngtiān nǐ néng zhǔnbèi hǎo líkāi ma?,Can you be ready to leave tomorrow?
748,礼物,lǐwù,gift; present,名 n.,名 n.,noun,3,3,我真喜欢你给我的礼物。,Wǒ zhēn xǐhuān nǐ gěi wǒ de lǐwù.,I really liked the gift you gave me.,这是给你的礼物。,Zhè shì gěi nǐ de lǐwù.,This is a present for you.,他接受了她的礼物。,Tā jiēshòu le tā de lǐwù.,He accepted her gift.
749,历史,lìshǐ,history,名 n.,名 n.,noun,3,3,我对中国历史很感兴趣。,Wǒ duì zhōngguó lìshǐ hěn gǎnxìngqù.,I am very interested in Chinese history.,这座城市有很长的历史。,Zhè zuò chéngshì yǒu hěn cháng de lìshǐ.,This city has a long history.,老师正在讲这所学校的历史。,Lǎoshī zhèngzài jiǎng zhè suǒ xuéxiào de lìshǐ.,The teacher is explaining the history of this school.
750,脸,liǎn,face,名 n.,名 n.,noun,3,3,她洗完脸以后刷牙。,Tā xǐwán liǎn yǐhòu shuāyá.,She brushes her teeth after washing her face.,他的脸被太阳晒红了。,Tā de liǎn bèi tàiyáng shài hóng le.,His face became red from the sun.,孩子脸上带着开心的笑。,Háizi liǎnshàng dài zhe kāixīn de xiào.,The child had a happy smile on his face.
751,练,liàn,to practice; to train; to drill,动 v.,动 v.,verb,3,3,我每天练写汉字。,Wǒ měitiān liàn xiě hànzì.,I practice writing Chinese characters every day.,她在球场练网球。,Tā zài qiúchǎng liàn wǎngqiú.,She practices tennis on the court.,这个句子要多练几遍。,Zhège jùzi yào duō liàn jǐbiàn.,This sentence needs to be practiced several times.
752,练习,liànxí,to practice; exercise; drill,动 v.; 名 n.,动 v.,verb; noun,3,3,每天练习说中文很重要。,Měitiān liànxí shuō zhōngwén hěn zhòngyào.,It is important to practice speaking Chinese every day.,课本后面有很多练习。,Kèběn hòumiàn yǒu hěnduō liànxí.,There are many exercises at the back of the textbook.,我们两个人一起练习对话。,Wǒmen liǎnggè rén yìqǐ liànxí duìhuà.,The two of us practiced the dialogue together.
753,凉快,liángkuai,nice and cold; pleasantly cool,形 adj.,形 adj.,adjective,3,3,今天晚上很凉快。,Jīntiān wǎnshàng hěn liángkuai.,It is pleasantly cool this evening.,下过雨以后，天气凉快多了。,Xiàguò yǔ yǐhòu; tiānqì liángkuai duō le.,The weather became much cooler after the rain.,我们到树下坐坐，那里比较凉快。,Wǒmen dào shù xià zuòzuò; nàlǐ bǐjiào liángkuai.,Let us sit under the tree; it is cooler there.
754,辆,liàng,measure word for vehicles,量 m.w.,量 m.w.,measure word,3,3,门口停着一辆汽车。,Ménkǒu tíng zhe yíliàng qìchē.,A car is parked by the entrance.,我们叫了一辆出租车。,Wǒmen jiào le yíliàng chūzūchē.,We called a taxi.,这辆自行车是新的。,Zhè liàng zìxíngchē shì xīn de.,This bicycle is new.
755,聊,liáo,to chat; to depend upon; temporarily,动 v.,动 v.,verb,3,3,我和她聊得很愉快。,Wǒ hé tā liáo de hěn yúkuài.,I had a nice chat with her.,我们聊了一会儿。,Wǒmen liáo le yíhuìr.,We had a chat for a while.,我们聊到凌晨两点。,Wǒmen liáo dào língchén liǎngdiǎn.,We talked until two in the morning.
756,聊天儿,liáotiānr,to chat,动 v.,动 v.,verb,3,3,我们坐在沙发上聊天儿。,Wǒmen zuòzài shāfā shàng liáotiānr.,We sat on the sofa and chatted.,她喜欢和同事一起聊天儿。,Tā xǐhuān hé tóngshì yìqǐ liáotiānr.,She likes chatting with her coworkers.,别聊天儿了，老师要开始上课了。,Bié liáotiānr le; lǎoshī yào kāishǐ shàngkè le.,Stop chatting; the teacher is about to begin class.
757,了解,liǎojiě,to understand; to realize; to find out,动 v.,动 v.,verb,3,3,我不了解你在说什么。,Wǒ bù liǎojiě nǐ zài shuō shénme.,I don't understand what you are saying.,我能了解她在说什么。,Wǒ néng liǎojiě tā zài shuō shénme.,I can understand what she is saying.,我不了解他。,Wǒ bù liǎojiě tā.,I can't figure him out.
758,邻居,línjū,neighbor; next door,名 n.,名 n.,noun,3,3,我的邻居是一对年轻的夫妻。,Wǒ de línjū shì yíduì niánqīng de fūqī.,My neighbors are a young married couple.,他是我的一个邻居。,Tā shì wǒ de yígè línjū.,He is one of my neighbors.,我认识我所有的邻居。,Wǒ rènshí wǒ suǒyǒu de línjū.,I know all my neighbors.
759,留学,liúxué,to study abroad,动 v.,动 v.,verb,3,3,我有一位朋友在国外留学。,Wǒ yǒu yíwèi péngyǒu zài guówài liúxué.,A friend of mine is studying abroad.,我父母反对我出国留学。,Wǒ fùmǔ fǎnduì wǒ chūguó liúxué.,My parents objected to my studying abroad.,我打算明年出国留学。,Wǒ dǎsuàn míngnián chūguó liúxué.,I intend to study abroad next year.
760,留学生,liúxuéshēng,international student,名 n.,名 n.,noun,3,3,我们班有五名留学生。,Wǒmen bān yǒu wǔmíng liúxuéshēng.,There are five international students in our class.,这位留学生来自法国。,Zhèwèi liúxuéshēng láizì fǎguó.,This international student is from France.,学校为留学生安排了中文课。,Xuéxiào wèi liúxuéshēng ānpái le zhōngwén kè.,The school arranged Chinese classes for international students.
761,楼梯,lóutī,stair; staircase,名 n.,名 n.,noun,3,3,电梯坏了，我们走楼梯吧。,Diàntī huài le; wǒmen zǒu lóutī ba.,The elevator is broken; so let us take the stairs.,楼梯上不要放东西。,Lóutī shàng búyào fàng dōngxī.,Do not leave things on the stairs.,他跑上楼梯，回到了教室。,Tā pǎo shàng lóutī; huídào le jiàoshì.,He ran up the stairs and returned to the classroom.
762,路边,lùbiān,curb; roadside; wayside,名 n.,名 n.,noun,3,3,路边开着很多黄色的花。,Lùbiān kāi zhe hěnduō huángsè de huā.,Many yellow flowers are blooming by the roadside.,请不要把车停在路边。,Qǐng búyào bǎ chē tíng zài lùbiān.,Please do not park the car by the roadside.,我们在路边等出租车。,Wǒmen zài lùbiān děng chūzūchē.,We waited for a taxi by the side of the road.
763,路口,lùkǒu,crossing; intersection,名 n.,名 n.,noun,3,3,到前面的路口向右转。,Dào qiánmiàn de lùkǒu xiàngyòuzhuǎn.,Turn right at the intersection ahead.,我在学校门口的路口等你。,Wǒ zài xuéxiào ménkǒu de lùkǒu děng nǐ.,I will wait for you at the intersection by the school entrance.,这个路口没有红绿灯。,Zhège lùkǒu méiyǒu hóng-lǜdēng.,There is no traffic light at this intersection.
764,马,mǎ,horse,名 n.,名 n.,noun,3,3,这匹马跑得很快。,Zhè pǐ mǎ pǎo de hěnkuài.,This horse runs very fast.,孩子第一次骑马，有点儿害怕。,Háizi dìyīcì qímǎ; yǒudiǎnr hàipà.,The child was a little afraid while riding a horse for the first time.,马正在草地上吃草。,Mǎ zhèngzài cǎodì shàng chī cǎo.,The horse is eating grass in the meadow.
765,马路,mǎlù,street; road,名 n.,名 n.,noun,3,3,过马路时要看红绿灯。,Guò mǎlù shí yào kàn hóng-lǜdēng.,Look at the traffic light when crossing the road.,学校就在马路对面。,Xuéxiào jiù zài mǎlù duìmiàn.,The school is right across the road.,这条马路早上车很多。,Zhè tiáo mǎlù zǎoshàng chē hěnduō.,There are many cars on this road in the morning.
766,马上,mǎshàng,at once; right away; immediately,副 adv.,副 adv.,adverb,3,3,他发烧了，应该马上去医院检查。,Tā fāshāo le; yīnggāi mǎshàng qù yīyuàn jiǎnchá.,He has a fever and should go to the hospital for a checkup right away.,我认为我该马上去工作。,Wǒ rènwéi wǒ gāi mǎshàng qù gōngzuò.,I think I should get right to work.,我们马上成为了朋友。,Wǒmen mǎshàng chéngwéi le péngyǒu.,We immediately became friends.
767,满意,mǎnyì,satisfied; pleased,动 v.,动 v.,verb,3,3,我对这家宾馆的服务很满意。,Wǒ duì zhèjiā bīnguǎn de fúwù hěn mǎnyì.,I am very satisfied with the service at this hotel.,老师对我们的成绩很满意。,Lǎoshī duì wǒmen de chéngjì hěn mǎnyì.,The teacher is very pleased with our grades.,这个结果让大家都很满意。,Zhège jiéguǒ ràng dàjiā dōu hěn mǎnyì.,This result pleased everyone.
768,毛,máo,mao; one-tenth of a yuan,量 m.w.; （名 n.）,量 m.w.,measure word; noun,3,3（5）,这个糖五毛钱。,Zhège táng wǔmáoqián.,This candy costs five mao.,我口袋里只有一毛钱。,Wǒ kǒudài lǐ zhǐyǒu yìmáoqián.,I have only one mao in my pocket.,公交车票涨了两毛。,Gōngjiāochē piào zhǎng le liǎng máo.,The bus fare increased by two mao.
769,米,mǐ,rice,量 m.w.,量 m.w.,measure word,3,3,这张桌子有两米长。,Zhè zhāng zhuōzi yǒu liǎngmǐ cháng.,This table is two meters long.,我买了一袋米。,Wǒ mǎi le yídài mǐ.,I bought a bag of rice.,学校离我家三百米。,Xuéxiào lí wǒjiā sānbǎimǐ.,The school is three hundred meters from my home.
770,面前,miànqián,in front of; facing; presence,名 n.,名 n.,noun,3,3,老师站在学生面前。,Lǎoshī zhàn zài xuéshēng miànqián.,The teacher is standing in front of the students.,学校就在我们面前。,Xuéxiào jiù zài wǒmen miànqián.,The school is right in front of us.,他在大家面前介绍了自己。,Tā zài dàjiā miànqián jièshào le zìjǐ.,He introduced himself in front of everyone.
771,明白,míngbai,clear; obvious; unequivocal,形 adj.; 动 v.,形 adj.,adjective; verb,3,3,我不太明白他说什么。,Wǒ bù tài míngbai tā shuō shénme.,I don't quite understand what he says.,我不明白他想要什么。,Wǒ bù míngbai tā xiǎngyào shénme.,I can't make out what he wants.,我不明白您想说什么。,Wǒ bù míngbai nín xiǎng shuō shénme.,I don't understand what you're trying to say.
772,名单,míngdān,list of names,名 n.,名 n.,noun,3,3,请把你的名字写在名单上。,Qǐng bǎ nǐ de míngzì xiě zài míngdān shàng.,Please write your name on the list.,参加比赛的名单已经出来了。,Cānjiā bǐsài de míngdān yǐjīng chūlái le.,The list of people taking part in the competition has been released.,我在名单上没有找到他的名字。,Wǒ zài míngdān shàng méiyǒu zhǎodào tā de míngzì.,I could not find his name on the list.
773,名人,míngrén,personage; celebrity,名 n.,名 n.,noun,3,3,那位名人正在接受采访。,Nàwèi míngrén zhèngzài jiēshòu cǎifǎng.,That celebrity is being interviewed.,很多名人参加了这次活动。,Hěnduō míngrén cānjiā le zhècì huódòng.,Many celebrities took part in this event.,他虽然是名人，但是生活很简单。,Tā suīrán shì míngrén; dànshì shēnghuó hěn jiǎndān.,Although he is famous; he lives a simple life.
774,南,nán,south,名 n.,名 n.,noun,3,3,火车站在城市南边。,Huǒchēzhàn zài chéngshì nánbiān.,The train station is on the south side of the city.,我们继续向南走。,Wǒmen jìxù xiàngnánzǒu.,We continued walking south.,南边的天气比较暖和。,Nánbiān de tiānqì bǐjiào nuǎnhuo.,The weather in the south is relatively warm.
775,难,nán,disaster; distress; to scold,形 adj.; （动 v.）,形 adj.,adjective; verb,3,3（6）,这道题有点儿难。,Zhè dào tí yǒudiǎnr nán.,This question is a little difficult.,学好汉字并不容易，但是也不太难。,Xuéhǎo hànzì bìng bù róngyì; dànshì yě bù tài nán.,Learning Chinese characters well is not easy; but it is not too difficult either.,这个问题很难解决。,Zhège wèntí hěn nán jiějué.,This problem is difficult to solve.
776,南方,nánfāng,the south,名 n.,名 n.,noun,3,3,南方的夏天很热。,Nánfāng de xiàtiān hěn rè.,Summers in southern China are very hot.,她在南方生活了很多年。,Tā zài nánfāng shēnghuó le hěnduōnián.,She lived in the south for many years.,我们打算去南方旅行。,Wǒmen dǎsuàn qù nánfāng lǚxíng.,We plan to travel in southern China.
777,难过,nánguò,sad; upset,形 adj.,形 adj.,adjective,3,3,我知道你难过。,Wǒ zhīdào nǐ nánguò.,I know you're upset.,这让我难过。,Zhè ràng wǒ nánguò.,This makes me sad.,我很难过。,Wǒ hěn nánguò.,I am very sad.
778,难看,nánkàn,ugly; unsightly,形 adj.,形 adj.,adjective,3,3,这件上衣颜色太难看了。,Zhèjiàn shàngyī yánsè tài nánkàn le.,The color of this top is very unattractive.,这个字写得有点儿难看。,Zhège zì xiě de yǒudiǎnr nánkàn.,This character is written rather poorly.,照片上的天气很差，景色也很难看。,Zhàopiàn shàng de tiānqì hěn chà; jǐngsè yě hěn nánkàn.,The weather in the photo is bad; and the scenery is unattractive too.
779,男人,nánrén,a man; a male; men,名 n.,名 n.,noun,3,3,那个男人是我们的新老师。,Nàge nánrén shì wǒmen de xīn lǎoshī.,That man is our new teacher.,门口站着一个高个子男人。,Ménkǒu zhàn zhe yígè gāogèzi nánrén.,A tall man is standing at the entrance.,这个男人正在帮助老人过马路。,Zhège nánrén zhèngzài bāngzhù lǎorén guò mǎlù.,This man is helping an elderly person cross the road.
780,男生,nánshēng,schoolboy; male student; boy,名 n.,名 n.,noun,3,3,那个男生是我们班的班长。,Nàge nánshēng shì wǒmen bān de bānzhǎng.,That male student is our class monitor.,几个男生正在球场上打球。,Jǐgè nánshēng zhèngzài qiúchǎng shàng dǎqiú.,Several boys are playing ball on the court.,这位男生的中文说得很好。,Zhèwèi nánshēng de zhōngwén shuō de hěn hǎo.,This male student speaks Chinese very well.
781,难题,nántí,difficult problem,名 n.,名 n.,noun,3,3,老师给我们出了一道难题。,Lǎoshī gěi wǒmen chū le yídào nántí.,The teacher gave us a difficult problem.,大家一起想办法解决这个难题。,Dàjiā yìqǐ xiǎng bànfǎ jiějué zhège nántí.,Everyone worked together to find a way to solve this difficult problem.,这道难题我想了半天才做出来。,Zhè dào nántí wǒ xiǎng le bàntiān cái zuò chūlái.,I thought about this difficult problem for a long time before solving it.
782,难听,nántīng,unpleasant to hear; bad-sounding,形 adj.,形 adj.,adjective,3,3,这个声音太难听了。,Zhège shēngyīn tài nántīng le.,This sound is very unpleasant.,他说的话有点儿难听。,Tā shuō dehuà yǒudiǎnr nántīng.,What he said was rather unpleasant to hear.,这首歌唱得不太难听。,Zhè shǒu gēchàng de bù tài nántīng.,This song was not sung too badly.
783,年级,niánjí,grade; year,名 n.,名 n.,noun,3,3,我妹妹上小学三年级。,Wǒ mèimèi shàng xiǎoxué sān niánjí.,My younger sister is in the third grade of primary school.,不同年级的学生在不同教室上课。,Bùtóng niánjí de xuéshēng zài bùtóng jiàoshì shàngkè.,Students in different grades attend class in different classrooms.,你现在上几年级？,Nǐ xiànzài shàng jǐ niánjí?,What grade are you in now?
784,年轻,niánqīng,young,形 adj.,形 adj.,adjective,3,3,她很年轻，但是工作经验很多。,Tā hěn niánqīng; dànshì gōngzuò jīngyàn hěnduō.,She is young but has a lot of work experience.,这位年轻老师很受学生欢迎。,Zhèwèi niánqīng lǎoshī hěn shòu xuéshēng huānyíng.,This young teacher is very popular with the students.,年轻人常常对新事物感兴趣。,Niánqīngrén chángcháng duì xīn shìwù gǎnxìngqù.,Young people are often interested in new things.
785,牛,niú,cow; awesome,名 n.; （形 adj.）,名 n.,noun; adjective,3,3（5）,草地上有几头牛。,Cǎodì shàng yǒu jǐtóu niú.,There are several cows in the meadow.,这头牛正在吃草。,Zhè tóu niú zhèngzài chī cǎo.,This cow is eating grass.,他属牛。,Tā shǔ niú.,His Chinese zodiac sign is the Ox.
786,努力,nǔlì,to make an effort; to try hard; to strive,动 v.; 形 adj.,动 v.,verb; adjective,3,3,你的成绩比较好，应该继续努力。,Nǐ de chéngjì bǐjiào hǎo; yīnggāi jìxù nǔlì.,Your grades are relatively good; you should keep working hard.,我们应该工作得更努力。,Wǒmen yīnggāi gōngzuò de gèng nǔlì.,We should've worked harder.,我会努力帮你找到他们。,Wǒhuì nǔlì bāng nǐ zhǎodào tāmen.,I'll try to find them for you.
787,女人,nǚrén,woman,名 n.,名 n.,noun,3,3,那个女人是我的邻居。,Nàge nǚrén shì wǒ de línjū.,That woman is my neighbor.,一位年轻女人走进了办公室。,Yíwèi niánqīng nǚrén zǒujìn le bàngōngshì.,A young woman walked into the office.,这个女人正在照顾一个孩子。,Zhège nǚrén zhèngzài zhàogù yígè háizi.,This woman is taking care of a child.
788,女生,nǚshēng,schoolgirl; female student; girl,名 n.,名 n.,noun,3,3,那个女生是新来的留学生。,Nàge nǚshēng shì xīn lái de liúxuéshēng.,That female student is a new international student.,两个女生在图书馆复习。,Liǎnggè nǚshēng zài túshūguǎn fùxí.,Two girls are reviewing in the library.,这位女生在比赛中得分了。,Zhèwèi nǚshēng zài bǐsài zhōng défēn le.,This female student scored in the match.
789,爬,pá,to crawl; to climb; to get up or sit up,动 v.,动 v.,verb,3,3,周末我们去爬山。,Zhōumò wǒmen qù páshān.,We are going hiking this weekend.,孩子正在地上爬。,Háizi zhèngzài dìshàng pá.,The child is crawling on the floor.,他爬楼梯爬得很快。,Tā pá lóutī pá de hěnkuài.,He climbs the stairs quickly.
790,怕,pà,to be afraid; to fear; to dread,动 v.; （副 adv.）,动 v.,verb; adverb,3,3（4）,我怕坐飞机。,Wǒ pà zuòfēijī.,I am afraid of flying.,别怕，我会陪着你。,Bié pà; wǒhuì péi zhe nǐ.,Do not be afraid; I will stay with you.,她最怕一个人走夜路。,Tā zuì pà yígè rén zǒu yèlù.,She is most afraid of walking alone at night.
791,拍照,pāizhào,to take a photo,动 v.,动 v.,verb,3,3,游客到处拍照。,Yóukè dàochù pāizhào.,Tourists take photos everywhere.,我能在这里拍照吗？,Wǒ néng zài zhèlǐ pāizhào ma?,Can I take pictures here?,请让我为你拍照。,Qǐng ràng wǒ wèi nǐ pāizhào.,Please let me take your picture.
792,盘子,pánzi,plate,名 n.,名 n.,noun,3,3,桌上放着三个盘子。,Zhuōshàng fàng zhe sāngè pánzi.,There are three plates on the table.,请把水果放在盘子里。,Qǐng bǎ shuǐguǒ fàngzài pánzi lǐ.,Please put the fruit on the plate.,这个盘子已经洗干净了。,Zhège pánzi yǐjīng xǐ gānjìng le.,This plate has already been washed clean.
793,胖,pàng,fat; plump,形 adj.,形 adj.,adjective,3,3,这只猫有点儿胖。,Zhè zhī māo yǒudiǎnr pàng.,This cat is a little plump.,他最近胖了两公斤。,Tā zuìjìn pàng le liǎng gōngjīn.,He has gained two kilograms recently.,这件上衣让我看起来很胖。,Zhèjiàn shàngyī ràng wǒ kànqǐlái hěn pàng.,This top makes me look heavy.
794,啤酒,píjiǔ,beer,名 n.,名 n.,noun,3,3,我点了一碗面条儿和一瓶啤酒。,Wǒ diǎn le yìwǎn miàntiáor hé yìpíng píjiǔ.,I ordered a bowl of noodles and a bottle of beer.,那时候我不喜欢啤酒。,Nà shíhòu wǒ bù xǐhuān píjiǔ.,I didn't like beer at that time.,你想再喝些啤酒吗？,Nǐ xiǎng zài hē xiē píjiǔ ma?,Would you like some more beer?
795,平时,píngshí,usually; in everyday life,名 n.,名 n.,noun,3,3,我平时坐地铁上班。,Wǒ píngshí zuòdìtiě shàngbān.,I usually take the subway to work.,他平时很少喝酒。,Tā píngshí hěnshǎo hējiǔ.,He rarely drinks alcohol in his day-to-day life.,你平时下班以后做什么？,Nǐ píngshí xiàbān yǐhòu zuò shénme?,What do you usually do after work?
796,瓶子,píngzi,bottle,名 n.,名 n.,noun,3,3,这个瓶子装满了水。,Zhège píngzi zhuāngmǎn le shuǐ.,The bottle is filled with water.,他用水装满了瓶子。,Tā yòngshuǐ zhuāngmǎn le píngzi.,He filled the bottle with water.,请打开瓶子。,Qǐng dǎkāi píngzi.,Please open the bottle.
797,骑,qí,to ride,动 v.,动 v.,verb,3,3,我每天骑自行车上学。,Wǒ měitiān qí zìxíngchē shàngxué.,I ride a bicycle to school every day.,周末我们去公园骑马。,Zhōumò wǒmen qù gōngyuán qímǎ.,We go horseback riding in the park on weekends.,她还不会骑自行车。,Tā hái búhuì qí zìxíngchē.,She still does not know how to ride a bicycle.
798,奇怪,qíguài,strange; odd; to marvel,形 adj.,形 adj.,adjective,3,3,你注意到奇怪的地方了吗？,Nǐ zhùyì dào qíguài de dìfang le ma?,Did you notice anything strange?,他这么说很奇怪。,Tā zhème shuō hěn qíguài.,It is strange that he should say so.,我昨晚做了一个奇怪的梦。,Wǒ zuówǎn zuò le yígè qíguài de mèng.,I had a strange dream last night.
799,其实,qíshí,actually; in fact; really,副 adv.,副 adv.,adverb,3,3,其实这个问题并不难。,Qíshí zhège wèntí bìng bùnán.,Actually; this problem is not difficult.,他看起来很严肃，其实很热情。,Tā kànqǐlái hěn yánsù; qíshí hěn rèqíng.,He looks serious; but he is actually very friendly.,我其实已经知道答案了。,Wǒ qíshí yǐjīng zhīdào dáàn le.,I actually already know the answer.
800,其他,qítā,other; else; the rest,代 pron.,代 pron.,pronoun,3,3,你有任何其他的问题吗？,Nǐ yǒu rènhé qítā de wèntí ma?,Do you have any other questions?,你会去访问其他国家吗？,Nǐ huì qù fǎngwèn qítā guójiā ma?,Are you going to visit any other countries?,请给我看看其他的。,Qǐng gěi wǒ kànkàn qítā de.,Please show me another one.
801,起,qǐ,to rise; measure word for events,动 v.; （量 m.w.）,动 v.,verb; measure word,3,3（5）,请大家一起起立。,Qǐng dàjiā yìqǐ qǐlì.,Everyone; please stand up together.,太阳每天从东方升起。,Tàiyáng měitiān cóng dōngfāng shēngqǐ.,The sun rises in the east every day.,最近发生了三起交通事故。,Zuìjìn fāshēng le sānqǐ jiāotōngshìgù.,Three traffic accidents occurred recently.
802,起飞,qǐfēi,to take off,动 v.,动 v.,verb,3,3,飞机起飞的时候我很紧张。,Fēijī qǐfēi de shíhòu wǒ hěn jǐnzhāng.,I was very nervous as the plane took off.,这班飞机准时起飞。,Zhè bān fēijī zhǔnshí qǐfēi.,The airplane took off on time.,飞机十分钟后起飞。,Fēijī shífēnzhōng hòu qǐfēi.,The plane takes off in ten minutes.
803,汽车,qìchē,car; automobile; bus,名 n.,名 n.,noun,3,3,我每天开汽车上班。,Wǒ měitiān kāi qìchē shàngbān.,I drive a car to work every day.,门口停着一辆黑色汽车。,Ménkǒu tíng zhe yíliàng hēisè qìchē.,A black car is parked at the entrance.,这辆汽车已经用了十年。,Zhè liàng qìchē yǐjīng yòng le shínián.,This car has been used for ten years.
804,铅笔,qiānbǐ,pencil; 枝; 桿|杆,名 n.,名 n.,noun,3,3,请用铅笔写答案。,Qǐng yòng qiānbǐ xiě dáàn.,Please write the answer in pencil.,我的铅笔掉在地上了。,Wǒ de qiānbǐ diào zài dìshàng le.,My pencil fell on the floor.,他买了一盒新铅笔。,Tā mǎi le yìhé xīn qiānbǐ.,He bought a box of new pencils.
805,前年,qiánnián,the year before last,名 n.,名 n.,noun,3,3,我前年去过北京。,Wǒ qiánnián qùguò běijīng.,I went to Beijing the year before last.,她前年开始学习中文。,Tā qiánnián kāishǐ xuéxí zhōngwén.,She started learning Chinese the year before last.,这家店是前年开的。,Zhèjiā diàn shì qiánnián kāi de.,This shop opened the year before last.
806,前天,qiántiān,the day before yesterday,名 n.,名 n.,noun,3,3,前天我去图书馆了。,Qiántiān wǒ qù túshūguǎn le.,I went to the library the day before yesterday.,他前天刚从外地回来。,Tā qiántiān gāng cóng wàidì huílái.,He returned from out of town the day before yesterday.,前天的天气比今天凉快。,Qiántiān de tiānqì bǐ jīntiān liángkuai.,The weather the day before yesterday was cooler than today’s.
807,清楚,qīngchu,clear; distinct; to understand thoroughly,形 adj.; 动 v.,形 adj.,adjective; verb,3,3,老师讲得很清楚。,Lǎoshī jiǎng de hěn qīngchu.,The teacher explained it very clearly.,请把问题说清楚。,Qǐng bǎ wèntí shuō qīngchu.,Please explain the problem clearly.,我没听清楚你的名字。,Wǒ méi tīng qīngchu nǐ de míngzì.,I did not hear your name clearly.
808,请假,qǐngjià,to request leave of absence,动 v.,动 v.,verb,3,3,我感冒了，想向老师请假。,Wǒ gǎnmào le; xiǎng xiàng lǎoshī qǐngjià.,I have a cold and want to ask the teacher for leave.,请假以前要先告诉经理。,Qǐngjià yǐqián yào xiān gàosù jīnglǐ.,You need to tell the manager before requesting leave.,他请假三天去照顾家人。,Tā qǐngjià sāntiān qù zhàogù jiārén.,He took three days of leave to care for his family.
809,请客,qǐngkè,to treat someone; to invite to dinner,动 v.,动 v.,verb,3,3,今天我请客，你不用付钱。,Jīntiān wǒ qǐngkè; nǐ búyòng fùqián.,I am treating today; so you do not need to pay.,为了庆祝，他请客，请同事们吃饭。,Wèile qìngzhù; tā qǐngkè; qǐng tóngshì men chīfàn.,To celebrate; he treated his coworkers to a meal.,下次轮到你请客。,Xiàcì lún dào nǐ qǐngkè.,Next time it will be your turn to treat.
810,秋天,qiūtiān,autumn,名 n.,名 n.,noun,3,3,秋天的天气很凉快。,Qiūtiān de tiānqì hěn liángkuai.,The weather is pleasantly cool in autumn.,我最喜欢秋天，因为不冷也不热。,Wǒ zuì xǐhuān qiūtiān; yīnwèi bù lěng yě bù rè.,Autumn is my favorite season because it is neither cold nor hot.,秋天树叶变成了黄色。,Qiūtiān shùyè biànchéng le huángsè.,The leaves turn yellow in autumn.
811,球场,qiúchǎng,stadium; sports ground; court,名 n.,名 n.,noun,3,3,学生们正在球场上练习。,Xuéshēng men zhèngzài qiúchǎng shàng liànxí.,The students are practicing on the court.,比赛下午三点在学校球场开始。,Bǐsài xiàwǔ sāndiǎn zài xuéxiào qiúchǎng kāishǐ.,The match begins at three in the afternoon on the school court.,这个球场周末很热闹。,Zhège qiúchǎng zhōumò hěn rènào.,This sports court is lively on weekends.
812,裙子,qúnzi,skirt,名 n.,名 n.,noun,3,3,她今天穿了一条蓝裙子。,Tā jīntiān chuān le yìtiáo lán qúnzi.,She is wearing a blue skirt today.,这条裙子有点儿长。,Zhè tiáo qúnzi yǒudiǎnr cháng.,This skirt is a little long.,我想换一条大小合适的裙子。,Wǒ xiǎng huàn yìtiáo dàxiǎo héshì de qúnzi.,I want to exchange it for a skirt in the right size.
813,然后,ránhòu,then; after that; afterwards,连 conj.,连 conj.,conjunction,3,3,我先做作业，然后看电视。,Wǒ xiān zuò zuòyè; ránhòu kàndiànshì.,I will do my homework first and then watch television.,请先洗手，然后吃饭。,Qǐng xiān xǐshǒu; ránhòu chīfàn.,Please wash your hands first and then eat.,我们坐高铁到上海，然后换地铁。,Wǒmen zuò gāotiě dào shànghǎi; ránhòu huàn dìtiě.,We will take the high-speed rail to Shanghai and then transfer to the subway.
814,热情,rèqíng,cordial; enthusiastic; passion,形 adj.,形 adj.,adjective,3,3,老师热情地欢迎了新学生。,Lǎoshī rèqíng de huānyíng le xīn xuéshēng.,The teacher warmly welcomed the new students.,当地人对游客非常热情。,Dāngdìrén duì yóukè fēicháng rèqíng.,The local people are very warm toward tourists.,她对中文学习一直很有热情。,Tā duì zhōngwén xuéxí yìzhí hěn yǒu rèqíng.,She has always had great enthusiasm for learning Chinese.
815,认得,rènde,to recognize; to know,动 v.,动 v.,verb,3,3,我认得那个男生。,Wǒ rènde nàge nánshēng.,I recognize that male student.,你还认得这条街吗？,Nǐ hái rènde zhè tiáo jiē ma?,Do you still recognize this street?,虽然好久不见，我还是认得她。,Suīrán hǎojiǔ bújiàn; wǒ háishì rènde tā.,Although we had not met for a long time; I still recognized her.
816,认为,rènwéi,to believe; to think; to consider,动 v.,动 v.,verb,3,3,我不认为他是对的。,Wǒ bù rènwéi tā shì duì de.,I don't think that he's right.,我认为我们不能再等了。,Wǒ rènwéi wǒmen bùnéng zài děng le.,I don't think we can wait any longer.,我不认为他会来的。,Wǒ bù rènwéi tā huì lái de.,I don't think he'll come.
817,认真,rènzhēn,conscientious; earnest; serious,形 adj.,形 adj.,adjective,3,3,她学习的时候非常认真。,Tā xuéxí de shíhòu fēicháng rènzhēn.,She is very serious when she studies.,请认真检查你的答案。,Qǐng rènzhēn jiǎnchá nǐ de dáàn.,Please check your answers carefully.,老师认真地回答了每个问题。,Lǎoshī rènzhēn de huídá le měigè wèntí.,The teacher answered every question carefully.
818,容易,róngyì,easy; straightforward; likely,形 adj.,形 adj.,adjective,3,3,你不要担心，这次感冒很容易好。,Nǐ búyào dānxīn; zhècì gǎnmào hěn róngyì hǎo.,Don’t worry; this cold should be easy to recover from.,我知道这对于你不容易。,Wǒ zhīdào zhè duìyú nǐ bù róngyì.,I know this hasn't been easy for you.,我认为这些问题很容易。,Wǒ rènwéi zhèxiē wèntí hěn róngyì.,I thought the questions were easy.
819,如果,rúguǒ,if; in case; in the event that,连 conj.,连 conj.,conjunction,3,3,如果他不来了，我们不会去。,Rúguǒ tā bù lái le; wǒmen búhuì qù.,If he doesn't come; we won't go.,如果我们想，我们就能变。,Rúguǒ wǒmen xiǎng; wǒmen jiù néng biàn.,We can change if we want to.,如果你不去，那我也不会去。,Rúguǒ nǐ bù qù; nà wǒ yě búhuì qù.,If you don't go; I won't; either.
820,伞,sǎn,umbrella,名 n.,名 n.,noun,3,3,今天太阳很大，出门带伞吧。,Jīntiān tàiyáng hěndà; chūmén dài sǎn ba.,The sun is strong today; bring an umbrella when you go out.,我任何地方都找不到我的伞。,Wǒ rènhé dìfang dōu zhǎo búdào wǒ de sǎn.,I can't find my umbrella anywhere.,我将拿这把伞。,Wǒ jiāng ná zhè bǎ sǎn.,I'll take this umbrella.
821,扫,sǎo,to sweep,动 v.,动 v.,verb,3,3,请把地扫干净。,Qǐng bǎ dì sǎo gānjìng.,Please sweep the floor clean.,他每天早上扫院子。,Tā měitiān zǎoshàng sǎo yuànzi.,He sweeps the yard every morning.,机器人正在扫地。,Jīqìrén zhèngzài sǎodì.,The robot is sweeping the floor.
822,沙发,shāfā,sofa,名 n.,名 n.,noun,3,3,它在沙发上。,Tā zài shāfā shàng.,It's on the sofa.,请坐在沙发上放轻松。,Qǐng zuòzài shāfā shàng fàng qīngsōng.,Please sit on the sofa and relax.,猫正在沙发上睡觉。,Māo zhèngzài shāfā shàng shuìjiào.,The cat is sleeping on the sofa.
823,山,shān,mountain; hill,名 n.,名 n.,noun,3,3,我们去年爬上了这座山。,Wǒmen qùnián pá shàng le zhè zuò shān.,We climbed the mountain last year.,我弟弟很喜欢拍山的照片。,Wǒ dìdi hěn xǐhuān pāi shān de zhàopiàn.,My younger brother really likes to take photos of mountains.,我们计划去爬那座山。,Wǒmen jìhuà qù pá nà zuò shān.,We plan to climb that mountain.
824,上衣,shàngyī,jacket; upper outer garment,名 n.,名 n.,noun,3,3,这件上衣很适合你。,Zhèjiàn shàngyī hěn shìhé nǐ.,This top suits you very well.,天气冷了，多穿一件上衣吧。,Tiānqì lěng le; duō chuān yíjiàn shàngyī ba.,It is getting cold; put on another top.,我的上衣被雨淋湿了。,Wǒ de shàngyī bèi yǔlín shī le.,My top got wet in the rain.
825,勺子,sháozi,spoon,名 n.,名 n.,noun,3,3,请给我一个勺子。,Qǐng gěi wǒ yígè sháozi.,Please give me a spoon.,孩子正在用勺子吃饭。,Háizi zhèngzài yòng sháozi chīfàn.,The child is eating with a spoon.,我用勺子尝了一口汤。,Wǒ yòng sháozi cháng le yìkǒu tāng.,I tasted a spoonful of soup with a spoon.
826,身边,shēnbiān,at one's side; on hand,名 n.,名 n.,noun,3,3,我希望你在我身边。,Wǒ xīwàng nǐ zài wǒ shēnbiān.,I wish you were close to me.,列车从我们身边经过。,Lièchē cóng wǒmen shēnbiān jīngguò.,The train passed by us.,不论发生什么事，我都会在你身边。,Búlùn fāshēng shénme shì; wǒ dōu huì zài nǐ shēnbiān.,I will stand by you whatever happens.
827,身高,shēngāo,height,名 n.,名 n.,noun,3,3,请在表格里填写身高。,Qǐng zài biǎogé lǐ tiánxiě shēngāo.,Please enter your height on the form.,他的身高差不多一米八。,Tā de shēngāo chàbuduō yìmǐ bā.,He is about 1.8 meters tall.,这两个男生的身高一样。,Zhè liǎnggè nánshēng de shēngāo yíyàng.,These two boys are the same height.
828,声,shēng,sound; voice; measure word for sounds,名 n.; 量 m.w.,名 n.,noun; measure word,3,3,我听见一声很大的声音。,Wǒ tīngjiàn yìshēng hěndà de shēngyīn.,I heard a very loud sound.,她轻声回答了问题。,Tā qīngshēng huídá le wèntí.,She answered the question in a soft voice.,门外传来几声敲门声。,Ménwài chuánlái jǐshēng qiāoménshēng.,Several knocks came from outside the door.
829,生活,shēnghuó,to live; life; livelihood,名 n.; 动 v.,名 n.,noun; verb,3,3,他在北京生活了五年。,Tā zài běijīng shēnghuó le wǔnián.,He lived in Beijing for five years.,大学生活让我认识了很多朋友。,Dàxué shēnghuó ràng wǒ rènshí le hěnduō péngyǒu.,University life allowed me to meet many friends.,这里的生活很方便。,Zhèlǐ de shēnghuó hěn fāngbiàn.,Life here is very convenient.
830,生气,shēngqì,to get angry; to take offense; angry,动 v.,动 v.,verb,3,3,他什么也没说，这让她很生气。,Tā shénme yě méi shuō; zhè ràng tā hěn shēngqì.,He said nothing; which made her angry.,你知道她为什么这么生气吗？,Nǐ zhīdào tā wèishénme zhème shēngqì ma?,Do you know why she's so angry?,我对你有一点生气。,Wǒ duì nǐ yǒu yìdiǎn shēngqì.,I'm a little angry with you.
831,声音,shēngyīn,voice; sound,名 n.,名 n.,noun,3,3,我几乎听不到他的声音。,Wǒ jīhū tīng búdào tā de shēngyīn.,I could hardly hear him.,我喜欢孩子们笑的声音。,Wǒ xǐhuān háizi men xiào de shēngyīn.,I love the sound of children laughing.,我听不到你的声音。,Wǒ tīng búdào nǐ de shēngyīn.,I can't hear you.
832,市,shì,market; city,名 n.,名 n.,noun,3,3,市里新开了一家图书馆。,Shìlǐ xīn kāi le yìjiā túshūguǎn.,A new library opened in the city.,他住在市中心附近。,Tā zhù zài shìzhōngxīn fùjìn.,He lives near the city center.,这个市有很多公园。,Zhège shì yǒu hěnduō gōngyuán.,This city has many parks.
833,试,shì,to test; to try; experiment,动 v.,动 v.,verb,3,3,这件上衣你可以试一下。,Zhèjiàn shàngyī nǐ kěyǐ shì yíxià.,You can try on this top.,我想试一种新的学习方法。,Wǒ xiǎng shì yìzhǒng xīn de xuéxí fāngfǎ.,I want to try a new study method.,先试一试，不行再换。,Xiān shìyíshì; bùxíng zài huàn.,Try it first; and change it if it does not work.
834,室,shì,room; work unit; grave,名 n.,名 n.,noun,3,3,校长在会议室等我们。,Xiàozhǎng zài huìyìshì děng wǒmen.,The headmaster is waiting for us in the meeting room.,这栋楼有很多教室。,Zhèdòng lóu yǒu hěnduō jiàoshì.,This building has many classrooms.,请到办公室找老师。,Qǐng dào bàngōngshì zhǎo lǎoshī.,Please go to the office to find the teacher.
835,世界,shìjiè,world,名 n.,名 n.,noun,3,3,世界上有很多不同的语言。,Shìjiè shàng yǒu hěnduō bùtóng de yǔyán.,There are many different languages in the world.,她想去世界各地旅行。,Tā xiǎng qù shìjiègèdì lǚxíng.,She wants to travel around the world.,互联网让世界变得更小了。,Hùliánwǎng ràng shìjiè biàndé gèng xiǎo le.,The internet has made the world feel smaller.
836,收,shōu,to receive; to accept; to collect,动 v.,动 v.,verb,3,3,我刚收到你的邮件。,Wǒ gāng shōudào nǐ de yóujiàn.,I just received your email.,请把桌上的书收起来。,Qǐng bǎ zhuōshàng de shū shōu qǐlái.,Please put away the books on the table.,秋天农民开始收水果。,Qiūtiān nóngmín kāishǐ shōu shuǐguǒ.,Farmers begin harvesting fruit in autumn.
837,收到,shōudào,to receive,动 v.,动 v.,verb,3,3,她刚刚收到一封重要的邮件。,Tā gānggāng shōudào yìfēng zhòngyào de yóujiàn.,She just received an important email.,我今天收到了她的信。,Wǒ jīntiān shōudào le tā de xìn.,I got a letter from her today.,我昨天收到了你的信。,Wǒ zuótiān shōudào le nǐ de xìn.,I received your letter yesterday.
838,受,shòu,to receive; to accept; to suffer,动 v.,动 v.,verb,3,3,他受到了老师的帮助。,Tā shòudào le lǎoshī de bāngzhù.,He received help from his teacher.,他受了伤，需要休息。,Tā shòuleshāng; xūyào xiūxī.,He was injured and needs to rest.,这座城市受大风影响。,Zhè zuò chéngshì shòu dàfēng yǐngxiǎng.,This city is affected by strong winds.
839,瘦,shòu,thin,形 adj.,形 adj.,adjective,3,3,他很高，也很瘦。,Tā hěn gāo; yě hěn shòu.,He is tall and thin.,这件衣服让你看起来更瘦。,Zhèjiàn yīfú ràng nǐ kànqǐlái gèng shòu.,This outfit makes you look thinner.,她最近瘦了不少。,Tā zuìjìn shòu le bùshǎo.,She has lost quite a bit of weight recently.
840,受到,shòudào,to receive,动 v.,动 v.,verb,3,3,这位老师受到学生的欢迎。,Zhèwèi lǎoshī shòudào xuéshēng de huānyíng.,This teacher is popular with the students.,他的工作受到了经理的关注。,Tā de gōngzuò shòudào le jīnglǐ de guānzhù.,His work received the manager’s attention.,比赛受到天气的影响。,Bǐsài shòudào tiānqì de yǐngxiǎng.,The competition was affected by the weather.
841,叔叔,shūshu,uncle,名 n.,名 n.,noun,3,3,我叔叔在银行工作。,Wǒ shūshu zài yínháng gōngzuò.,My uncle works at a bank.,叔叔周末带我去动物园。,Shūshu zhōumò dàiwǒqù dòngwùyuán.,My uncle took me to the zoo over the weekend.,这位叔叔正在帮助老人过马路。,Zhèwèi shūshu zhèngzài bāngzhù lǎorén guò mǎlù.,This man is helping an elderly person cross the street.
842,树,shù,tree; to cultivate; to set up,名 n.,名 n.,noun,3,3,那辆在树下的自行车是我的。,Nà liàng zài shù xià de zìxíngchē shì wǒ de.,The bicycle under the tree is mine.,公园里有很多树吗?,Gōngyuán lǐ yǒu hěnduō shù ma?,Are there many trees in the park?,昨天的台风把树刮倒了。,Zuótiān de táifēng bǎ shù guā dào le.,The tree had been blown down by the typhoon of the day before.
843,数学,shùxué,math,名 n.,名 n.,noun,3,3,他喜欢数学，但我不喜欢。,Tā xǐhuān shùxué; dàn wǒ bù xǐhuān.,He likes mathematics; but I don't.,科学和数学我都喜欢。,Kēxué hé shùxué wǒ dōu xǐhuān.,I like both science and math.,他数学得了一个好成绩。,Tā shùxué dé le yígè hǎo chéngjì.,He got a good grade in mathematics.
844,刷,shuā,to brush; to swipe,动 v.,动 v.,verb,3,3,我每天早晚刷牙。,Wǒ měitiān zǎowǎn shuāyá.,I brush my teeth every morning and evening.,请刷一下这张信用卡。,Qǐng shuā yíxià zhè zhāng xìnyòngkǎ.,Please swipe this credit card.,她用刷子刷鞋。,Tā yòng shuāzi shuā xié.,She uses a brush to clean her shoes.
845,双,shuāng,two,量 m.w.,量 m.w.,measure word,3,3,这双鞋太大了，有没有小一点的？,Zhè shuāng xié tài dà le; yǒuméiyǒu xiǎo yìdiǎn de?,These shoes are too big; do you have a smaller pair?,我买了一双新鞋。,Wǒ mǎi le yìshuāng xīn xié.,I bought a new pair of shoes.,这双筷子很漂亮。,Zhè shuāng kuàizi hěnpiàoliàng.,This pair of chopsticks is attractive.
846,水平,shuǐpíng,level; standard; horizontal,名 n.,名 n.,noun,3,3,他的中文水平提高得很快。,Tā de zhōngwén shuǐpíng tígāo de hěnkuài.,His Chinese level is improving quickly.,这次比赛的水平很高。,Zhècì bǐsài de shuǐpíng hěn gāo.,The standard of this competition is very high.,老师根据学生的水平安排课程。,Lǎoshī gēnjù xuéshēng de shuǐpíng ānpái kèchéng.,The teacher arranged the courses according to the students’ levels.
847,司机,sījī,chauffeur; driver,名 n.,名 n.,noun,3,3,出租车司机正在等客人。,Chūzūchē sījī zhèngzài děng kèrén.,The taxi driver is waiting for a passenger.,这位司机开车很小心。,Zhèwèi sījī kāichē hěn xiǎoxīn.,This driver drives very carefully.,司机把我们的行李放进了车里。,Sījī bǎ wǒmen de xíngli fàngjìn le chēlǐ.,The driver put our luggage into the car.
848,四季,sìjì,the four seasons,名 n.,名 n.,noun,3,3,这个地方四季都很美。,Zhège dìfang sìjì dōu hěn měi.,This place is beautiful in all four seasons.,一年有春夏秋冬四季。,Yìnián yǒu chūnxiàqiūdōng sìjì.,A year has four seasons: spring; summer; autumn; and winter.,这里四季的天气都不一样。,Zhèlǐ sìjì de tiānqì dōu bù yíyàng.,The weather here is different in each of the four seasons.
849,太阳,tàiyáng,sun,名 n.,名 n.,noun,3,3,今天太阳很大，出门带伞吧。,Jīntiān tàiyáng hěndà; chūmén dài sǎn ba.,The sun is strong today; bring an umbrella when you go out.,太阳总是从东方升起。,Tàiyáng zǒngshì cóng dōngfāng shēngqǐ.,The sun always rises in the east.,太阳在晚上不亮。,Tàiyáng zài wǎnshàng bù liàng.,The sun doesn't shine at night.
850,糖,táng,sugar; sweets; candy,名 n.,名 n.,noun,3,3,我不习惯喝无糖咖啡。,Wǒ bù xíguàn hē wú táng kāfēi.,I am not used to drinking coffee without sugar.,我们想要糖。,Wǒmen xiǎngyào táng.,We want candy.,我想要一颗糖。,Wǒ xiǎngyào yìkē táng.,I want a piece of candy.
851,特别,tèbié,unusual; special; very,形 adj.; 副 adv.,形 adj.,adjective; adverb,3,3,她最近对网球特别感兴趣。,Tā zuìjìn duì wǎngqiú tèbié gǎnxìngqù.,She's been particularly interested in tennis recently.,你在做什么特别的事吗？,Nǐ zài zuò shénme tèbié de shì ma?,Are you doing anything special?,我特别不喜欢她。,Wǒ tèbié bù xǐhuān tā.,I don't particularly like her.
852,提高,tígāo,to raise; to increase; to improve,动 v.,动 v.,verb,3,3,每天练习可以提高中文水平。,Měitiān liànxí kěyǐ tígāo zhōngwén shuǐpíng.,Daily practice can improve your Chinese level.,我们需要提高服务质量。,Wǒmen xūyào tígāo fúwùzhìliàng.,We need to improve the quality of the service.,他的考试成绩提高了很多。,Tā de kǎoshì chéngjì tígāo le hěnduō.,His exam results improved greatly.
853,体育,tǐyù,sports; physical education,名 n.,名 n.,noun,3,3,体育课下午两点开始。,Tǐyùkè xiàwǔ liǎngdiǎn kāishǐ.,Physical education class begins at two in the afternoon.,他对体育很感兴趣。,Tā duì tǐyù hěn gǎnxìngqù.,He is very interested in sports.,学校很重视学生的体育锻炼。,Xuéxiào hěn zhòngshì xuéshēng de tǐyù duànliàn.,The school places great importance on students’ physical exercise.
854,体育馆,tǐyùguǎn,gym; gymnasium; stadium,名 n.,名 n.,noun,3,3,运动会在学校体育馆举行。,Yùndònghuì zài xuéxiào tǐyùguǎn jǔxíng.,The sports meet is being held in the school gymnasium.,我们每周去体育馆打羽毛球。,Wǒmen měizhōu qù tǐyùguǎn dǎ yǔmáoqiú.,We go to the gym to play badminton every week.,这个体育馆可以坐五千人。,Zhège tǐyùguǎn kěyǐ zuò wǔqiān rén.,This stadium can seat five thousand people.
855,甜,tián,sweet,形 adj.,形 adj.,adjective,3,3,这个蛋糕又甜又好吃。,Zhège dàngāo yòu tián yòu hǎochī.,This cake is both sweet and delicious.,他喜欢一切甜的东西。,Tā xǐhuān yíqiè tián de dōngxī.,He likes anything sweet.,我想吃点甜的东西。,Wǒ xiǎng chī diǎn tián de dōngxī.,I feel like eating something sweet.
856,跳,tiào,to jump; to hop; to skip over,动 v.,动 v.,verb,3,3,孩子高兴得跳了起来。,Háizi gāoxìng de tiào le qǐlái.,The child jumped up with joy.,请不要从楼梯上往下跳。,Qǐng búyào cóng lóutī shàng wǎngxiàtiào.,Please do not jump down from the stairs.,运动员跳得很高。,Yùndòngyuán tiào de hěn gāo.,The athlete jumps very high.
857,听说,tīngshuō,to hear; it is said,动 v.,动 v.,verb,3,3,你听说过这样的事吗？,Nǐ tīngshuō guò zhèyàng de shì ma?,Have you ever heard of such a thing?,我没听说她会来。,Wǒ méi tīngshuō tā huì lái.,I've not heard that she will come.,我听说过那个故事。,Wǒ tīngshuō guò nàge gùshi.,I have heard the story.
858,挺,tǐng,quite; very,副 adv.; （动 v.）,副 adv.,adverb; verb,3,3（7-9）,这家宾馆挺安静的。,Zhèjiā bīnguǎn tǐng ānjìng de.,This hotel is quite quiet.,今天的天气挺凉快。,Jīntiān de tiānqì tǐng liángkuai.,The weather is quite cool today.,他挺喜欢这份工作的。,Tā tǐng xǐhuān zhèfèn gōngzuò de.,He likes this job quite a lot.
859,同事,tóngshì,colleague; co-worker,名 n.,名 n.,noun,3,3,我和同事一起吃午饭。,Wǒ hé tóngshì yìqǐ chī wǔfàn.,I have lunch with my coworkers.,新同事今天来办公室报到。,Xīn tóngshì jīntiān lái bàngōngshì bàodào.,The new coworker came to the office today.,她的同事都很热情。,Tā de tóngshì dōu hěn rèqíng.,Her coworkers are all very friendly.
860,同意,tóngyì,to agree; to consent; to approve,动 v.,动 v.,verb,3,3,他不同意我们的建议。,Tā bù tóngyì wǒmen de jiànyì.,He would not agree to our proposal.,我不认为他会同意。,Wǒ bù rènwéi tā huì tóngyì.,I don't think he'll say yes.,我在那一点上同意他。,Wǒ zài nà yìdiǎn shàng tóngyì tā.,I agreed with him on that point.
861,头发,tóufa,hair,名 n.,名 n.,noun,3,3,我根本不喜欢我的头发。,Wǒ gēnběn bù xǐhuān wǒ de tóufa.,I don't like my hair at all.,我看见一个长头发的女生。,Wǒ kànjiàn yígè cháng tóufa de nǚshēng.,I saw a girl with long hair.,我妹妹每天早上洗头发。,Wǒ mèimèi měitiān zǎoshàng xǐ tóufa.,My sister washes her hair every morning.
862,突然,tūrán,sudden; abrupt; unexpected,形 adj.,形 adj.,adjective,3,3,天气突然变冷了。,Tiānqì tūrán biàn lěng le.,The weather suddenly became cold.,电脑突然关机了。,Diànnǎo tūrán guānjī le.,The computer suddenly shut down.,他突然想起忘了带护照。,Tā tūrán xiǎngqǐ wàng le dài hùzhào.,He suddenly remembered that he had forgotten his passport.
863,图书馆,túshūguǎn,library,名 n.,名 n.,noun,3,3,你的学校有图书馆吗？,Nǐ de xuéxiào yǒu túshūguǎn ma?,Does your school have a library?,我明天要跟你去图书馆。,Wǒ míngtiān yào gēn nǐ qù túshūguǎn.,I'll go to the library with you tomorrow.,我正在图书馆学习。,Wǒ zhèngzài túshūguǎn xuéxí.,I'm studying in the library.
864,腿,tuǐ,leg,名 n.,名 n.,noun,3,3,爬山以后，我的腿很累。,Páshān yǐhòu; wǒ de tuǐ hěn lèi.,My legs were tired after hiking.,她骑自行车时摔伤了腿。,Tā qí zìxíngchē shí shuāishāng le tuǐ.,She injured her leg while riding a bicycle.,坐久了要站起来活动一下腿。,Zuò jiǔ le yào zhàn qǐlái huódòng yíxià tuǐ.,After sitting for a long time; stand up and move your legs.
865,外地,wàidì,another place; out of town,名 n.,名 n.,noun,3,3,他从外地回来以后就生病了。,Tā cóng wàidì huílái yǐhòu jiù shēngbìng le.,He became ill after returning from out of town.,很多外地游客来这里过节。,Hěnduō wàidì yóukè lái zhèlǐ guòjié.,Many visitors from other places come here for the holiday.,我下周要去外地工作几天。,Wǒ xiàzhōu yào qù wàidì gōngzuò jǐtiān.,I will work out of town for a few days next week.
866,外卖,wàimài,takeout; food delivery,动 v.; 名 n.,动 v.,verb; noun,3,3,今天下雨，我们叫外卖吧。,Jīntiān xiàyǔ; wǒmen jiào wàimài ba.,It is raining today; so let us order takeout.,这家饭店的外卖很快。,Zhèjiā fàndiàn de wàimài hěnkuài.,This restaurant’s delivery service is fast.,外卖已经送到门口了。,Wàimài yǐjīng sòngdào ménkǒu le.,The takeout has already been delivered to the door.
867,外语,wàiyǔ,foreign language,名 n.,名 n.,noun,3,3,我喜欢学习外语。,Wǒ xǐhuān xuéxí wàiyǔ.,I like learning languages.,你们对外语感兴趣吗？,Nǐmen duì wàiyǔ gǎnxìngqù ma?,Are you interested in foreign languages?,我学两种外语。,Wǒ xué liǎngzhǒng wàiyǔ.,I am learning two foreign languages.
868,完成,wánchéng,to complete; to accomplish,动 v.,动 v.,verb,3,3,学生必须在这个学期完成作业。,Xuéshēng bìxū zài zhège xuéqī wánchéng zuòyè.,Students must finish their assignments this semester.,她完成了她的工作吗？,Tā wánchéng le tā de gōngzuò ma?,Has she finished her work yet?,我必须先完成这个工作。,Wǒ bìxū xiān wánchéng zhège gōngzuò.,I must finish this work first.
869,碗,wǎn,bowl,名 n.,名 n.,noun,3,3,桌上有三只碗。,Zhuōshàng yǒu sānzhǐ wǎn.,There are three bowls on the table.,我早上吃了一碗面条儿。,Wǒ zǎoshàng chī le yìwǎn miàntiáor.,I ate a bowl of noodles in the morning.,请把这些碗洗干净。,Qǐng bǎ zhèxiē wǎn xǐ gānjìng.,Please wash these bowls clean.
870,晚点,wǎndiǎn,late; delayed; behind schedule,动 v.,动 v.,verb,3,3,今天的高铁晚点了。,Jīntiān de gāotiě wǎndiǎn le.,Today’s high-speed train is delayed.,飞机因为大雨晚点了两个小时。,Fēijī yīnwèi dàyǔ wǎndiǎn le liǎnggè xiǎoshí.,The flight was delayed by two hours because of heavy rain.,我会晚点到，你们先吃饭吧。,Wǒhuì wǎndiǎn dào; nǐmen xiān chīfàn ba.,I will arrive a little later; so start eating without me.
871,晚会,wǎnhuì,evening party,名 n.,名 n.,noun,3,3,学校今晚要办一个晚会。,Xuéxiào jīnwǎn yào bàn yígè wǎnhuì.,The school is holding an evening party tonight.,同事们一起参加了晚会。,Tóngshì men yìqǐ cānjiā le wǎnhuì.,The coworkers attended the evening party together.,晚会上有唱歌和舞蹈表演。,Wǎnhuì shàng yǒu chànggē hé wǔdǎo biǎoyǎn.,There are singing and dance performances at the evening party.
872,网球,wǎngqiú,tennis; tennis ball,名 n.,名 n.,noun,3,3,周末我们去打网球吧。,Zhōumò wǒmen qù dǎ wǎngqiú ba.,Let us play tennis this weekend.,她最近对网球特别感兴趣。,Tā zuìjìn duì wǎngqiú tèbié gǎnxìngqù.,She has recently become especially interested in tennis.,明天有一场网球比赛。,Míngtiān yǒu yìcháng wǎngqiú bǐsài.,There is a tennis match tomorrow.
873,网站,wǎngzhàn,website; network station; node,名 n.,名 n.,noun,3,3,我在这个网站上学习中文。,Wǒ zài zhège wǎngzhàn shàng xuéxí zhōngwén.,I study Chinese on this website.,学校的网站上有课程信息。,Xuéxiào de wǎngzhàn shàng yǒu kèchéng xìnxī.,The school website has course information.,这个网站在手机上也能打开。,Zhège wǎngzhàn zài shǒujī shàng yě néng dǎkāi.,This website can also be opened on a phone.
874,忘记,wàngjì,to forget,动 v.,动 v.,verb,3,3,他总是忘记关灯。,Tā zǒngshì wàngjì guān dēng.,He always forgets to turn off the lights.,我忘记他叫什么名字了。,Wǒ wàngjì tā jiào shénme míngzì le.,I forgot what his name was.,我总是忘记别人的名字。,Wǒ zǒngshì wàngjì biérén de míngzì.,I'm always forgetting people's names.
875,为,wèi,because of; for; to,介 prep.,介 prep.,preposition,3,3,他为这次比赛准备了很久。,Tā wèi zhècì bǐsài zhǔnbèi le hěn jiǔ.,He prepared for this competition for a long time.,大家都为她感到高兴。,Dàjiā dōu wèi tā gǎndào gāoxìng.,Everyone felt happy for her.,这本书是为初学者写的。,Zhè běnshū shì wèi chūxuézhě xiě de.,This book was written for beginners.
876,为了,wèile,for; for the purpose of; in order to,介 prep.,介 prep.,preposition,3,3,为了健康，我每天锻炼。,Wèile jiànkāng; wǒ měitiān duànliàn.,For the sake of my health; I exercise every day.,他为了考试认真复习。,Tā wèile kǎoshì rènzhēn fùxí.,He is reviewing carefully for the exam.,为了不迟到，我们早点儿出发吧。,Wèile bù chídào; wǒmen zǎodiǎnr chūfā ba.,Let us leave early so that we will not be late.
877,卫生间,wèishēngjiān,bathroom; toilet; WC,名 n.,名 n.,noun,3,3,请问卫生间在哪里？,Qǐngwèn wèishēngjiān zài nǎlǐ?,Excuse me; where is the restroom?,卫生间在走廊的尽头。,Wèishēngjiān zài zǒuláng de jìntóu.,The restroom is at the end of the hallway.,我们刚把卫生间打扫干净。,Wǒmen gāng bǎ wèishēngjiān dǎsǎo gānjìng.,We just cleaned the restroom.
878,文化,wénhuà,culture; civilization; cultural,名 n.,名 n.,noun,3,3,我对中国文化很感兴趣。,Wǒ duì zhōngguó wénhuà hěn gǎnxìngqù.,I am very interested in Chinese culture.,语言和文化有很密切的关系。,Yǔyán hé wénhuà yǒu hěn mìqiè de guānxì.,Language and culture are closely related.,不同国家有不同的文化。,Bùtóng guójiā yǒu bùtóng de wénhuà.,Different countries have different cultures.
879,屋子,wūzi,house; room,名 n.,名 n.,noun,3,3,请帮助我打扫一下屋子。,Qǐng bāngzhù wǒ dǎsǎo yíxià wūzi.,Please help me clean the room.,我们在找一个漂亮的屋子住。,Wǒmen zài zhǎo yígè piàoliàng de wūzi zhù.,We are looking for a nice house to live in.,我租了一间离这里不远的屋子。,Wǒ zū le yìjiān lí zhèlǐ bùyuǎn de wūzi.,I've rented a room not far from here.
880,西,xī,west,名 n.,名 n.,noun,3,3,太阳从西边落下。,Tàiyáng cóng xībiān làxià.,The sun sets in the west.,宾馆在车站西边。,Bīnguǎn zài chēzhàn xībiān.,The hotel is west of the station.,我们向西走了十分钟。,Wǒmen xiàng xī zǒu le shífēnzhōng.,We walked west for ten minutes.
881,西北,xīběi,Northwest China,名 n.,名 n.,noun,3,3,中国西北有很多山。,Zhōngguó xīběi yǒu hěnduō shān.,There are many mountains in Northwest China.,他来自西北地区。,Tā láizì xīběidìqū.,He comes from the northwest region.,西北方向的天空很暗。,Xīběi fāngxiàng de tiānkōng hěnàn.,The sky to the northwest is dark.
882,西方,xīfāng,the West; Western,名 n.,名 n.,noun,3,3,西方有不同的节日习惯。,Xīfāng yǒu bùtóng de jiérì xíguàn.,The West has different holiday customs.,他对西方文化很感兴趣。,Tā duì xīfāng wénhuà hěn gǎnxìngqù.,He is very interested in Western culture.,这本书介绍了西方历史。,Zhè běnshū jièshào le xīfāng lìshǐ.,This book introduces Western history.
883,西瓜,xīguā,watermelon; 個|个,名 n.,名 n.,noun,3,3,夏天吃西瓜很舒服。,Xiàtiān chī xīguā hěn shūfú.,Eating watermelon in summer is refreshing.,这个西瓜又甜又新鲜。,Zhège xīguā yòu tián yòu xīnxiān.,This watermelon is sweet and fresh.,请把西瓜切成小块。,Qǐng bǎ xīguā qièchéng xiǎo kuài.,Please cut the watermelon into small pieces.
884,西南,xīnán,southwest,名 n.,名 n.,noun,3,3,学校在城市的西南方向。,Xuéxiào zài chéngshì de xīnán fāngxiàng.,The school is southwest of the city.,我们准备去中国西南旅行。,Wǒmen zhǔnbèi qù zhōngguó xīnán lǚxíng.,We are preparing to travel in southwestern China.,风从西南方向吹来。,Fēng cóng xīnán fāngxiàng chuī lái.,The wind is blowing from the southwest.
885,习惯,xíguàn,habit; custom; usual practice,动 v.; 名 n.,动 v.,verb; noun,3,3,我习惯一边听音乐一边做作业。,Wǒ xíguàn yìbiān tīng yīnyuè yìbiān zuò zuòyè.,I'm used to listening to music while doing homework.,我现在已经习惯它了。,Wǒ xiànzài yǐjīng xíguàn tā le.,I'm used to it by now.,我不习惯走很长的路。,Wǒ bù xíguàn zǒu hěn cháng de lù.,I'm not used to walking long distances.
886,喜爱,xǐ’ài,to like; to love; favorite,动 v.,动 v.,verb,3,3,她从小就喜爱音乐。,Tā cóngxiǎo jiù xǐ'ài yīnyuè.,She has loved music since childhood.,很多游客喜爱这里的自然环境。,Hěnduō yóukè xǐ'ài zhèlǐ de zìránhuánjìng.,Many tourists love the natural environment here.,孩子们都很喜爱这位老师。,Háizi men dōu hěn xǐ'ài zhèwèi lǎoshī.,The children all like this teacher very much.
887,洗衣机,xǐyījī,washing machine; washer,名 n.,名 n.,noun,3,3,洗衣机正在洗衣服。,Xǐyījī zhèngzài xǐyīfú.,The washing machine is washing the clothes.,这台洗衣机声音有点儿大。,Zhè tái xǐyījī shēngyīn yǒudiǎnr dà.,This washing machine is a little noisy.,洗衣机坏了，我要找人来修。,Xǐyījī huài le; wǒ yào zhǎo rén lái xiū.,The washing machine is broken; so I need to find someone to repair it.
888,洗澡,xǐzǎo,to bathe; to take a shower,动 v.,动 v.,verb,3,3,你应该先洗澡，然后再睡觉。,Nǐ yīnggāi xiān xǐzǎo; ránhòu zài shuìjiào.,You should take a shower first; then go to bed.,我现在想洗澡。,Wǒ xiànzài xiǎng xǐzǎo.,I feel like taking a bath now.,我要洗澡。,Wǒ yào xǐzǎo.,I want to take a bath.
889,夏天,xiàtiān,summer,名 n.,名 n.,noun,3,3,夏天太热了，我需要开空调。,Xiàtiān tài rè le; wǒ xūyào kāi kōngtiáo.,Summer is too hot; I need to turn on the AC.,你夏天去了任何地方吗？,Nǐ xiàtiān qù le rènhé dìfang ma?,Did you go anywhere for the summer?,我不喜欢夏天。,Wǒ bù xǐhuān xiàtiān.,I don't like summer.
890,先,xiān,early; prior; former,副 adv.,副 adv.,adverb,3,3,你先坐，我去倒茶。,Nǐ xiān zuò; wǒ qù dào chá.,Sit down first; I will pour the tea.,请先检查护照，再收拾行李。,Qǐng xiān jiǎnchá hùzhào; zài shōushí xíngli.,Please check your passport first and then pack your luggage.,我想先完成作业，然后出去玩。,Wǒ xiǎng xiān wánchéng zuòyè; ránhòu chūqùwán.,I want to finish my homework first and then go out to play.
891,香蕉,xiāngjiāo,banana,名 n.,名 n.,noun,3,3,我每天早上吃一根香蕉。,Wǒ měitiān zǎoshàng chī yìgēn xiāngjiāo.,I eat a banana every morning.,这些香蕉还不太熟。,Zhèxiē xiāngjiāo hái bù tài shú.,These bananas are not quite ripe yet.,请把香蕉放在盘子里。,Qǐng bǎ xiāngjiāo fàngzài pánzi lǐ.,Please put the bananas on the plate.
892,相信,xiāngxìn,to believe,动 v.,动 v.,verb,3,3,我相信他会做得很好。,Wǒ xiāngxìn tā huì zuò de hěn hǎo.,I believe that he'll do fine.,我相信你说的是真的。,Wǒ xiāngxìn nǐ shuō de shì zhēnde.,I think what you say is true.,你真的相信那发生了吗？,Nǐ zhēnde xiāngxìn nà fāshēng le ma?,Do you really believe that's what happened?
893,箱子,xiāngzi,suitcase; chest; box,名 n.,名 n.,noun,3,3,我需要个更大的箱子。,Wǒ xūyào gè gèng dà de xiāngzi.,I need a bigger box.,我的文件在那个箱子里。,Wǒ de wénjiàn zài nàge xiāngzi lǐ.,My papers were in that box.,箱子里有任何东西吗?,Xiāngzi lǐ yǒu rènhé dōngxī ma?,Is there anything in the box?
894,向,xiàng,toward; to,动 v.; 介 prep.,动 v.,verb; preposition,3,3,他向老师请假。,Tā xiàng lǎoshī qǐngjià.,He asked the teacher for leave.,请向前走，然后右转。,Qǐng xiàngqiánzǒu; ránhòu yòuzhuǎn.,Please walk forward and then turn right.,她向我笑了笑。,Tā xiàng wǒ xiàolexiào.,She smiled at me.
895,像,xiàng,to resemble; to be like; to look as if,动 v.; （副 adv.）; （名 n.）,动 v.,verb; adverb; noun,3,3（4）（7-9）,她长得像妈妈。,Tā zhǎngde xiàng māmā.,She looks like her mother.,月亮像一个圆盘子。,Yuèliang xiàng yígè yuán pánzi.,The moon looks like a round plate.,这件事不像你想的那么简单。,Zhèjiàn shì bù xiàng nǐ xiǎng de nàme jiǎndān.,This matter is not as simple as you think.
896,相机,xiàngjī,camera,名 n.,名 n.,noun,3,3,我带了相机，想多拍几张照片。,Wǒ dài le xiàngjī; xiǎng duō pāi jǐzhāng zhàopiàn.,I brought a camera and want to take several photos.,这台相机很轻，旅行时很方便。,Zhè tái xiàngjī hěn qīng; lǚxíng shí hěn fāngbiàn.,This camera is light and convenient for traveling.,他的相机放在桌子上。,Tā de xiàngjī fàngzài zhuōzi shàng.,His camera is on the table.
897,小区,xiǎoqū,residential community,名 n.,名 n.,noun,3,3,我们小区附近有一个公园。,Wǒmen xiǎoqū fùjìn yǒu yígè gōngyuán.,There is a park near our residential community.,这个小区的环境很安静。,Zhège xiǎoqū de huánjìng hěn ānjìng.,The environment in this residential community is very quiet.,小区门口有一家便利店。,Xiǎoqū ménkǒu yǒu yìjiā biànlìdiàn.,There is a convenience store at the entrance to the residential community.
898,小心,xiǎoxīn,to be careful; to take care,动 v.; 形 adj.,动 v.,verb; adjective,3,3,过马路时要小心。,Guò mǎlù shí yào xiǎoxīn.,Be careful when crossing the road.,小心，地上有水。,Xiǎoxīn; dìshàng yǒu shuǐ.,Be careful; there is water on the floor.,请小心保管你的护照。,Qǐng xiǎoxīn bǎoguǎn nǐ de hùzhào.,Please take good care of your passport.
899,校园,xiàoyuán,campus,名 n.,名 n.,noun,3,3,春天的校园很漂亮。,Chūntiān de xiàoyuán hěnpiàoliàng.,The campus is beautiful in spring.,校园里有一个大体育馆。,Xiàoyuán lǐ yǒu yígè dà tǐyùguǎn.,There is a large gymnasium on campus.,学生们正在校园里拍照。,Xuéshēng men zhèngzài xiàoyuán lǐ pāizhào.,The students are taking photos on campus.
900,校长,xiàozhǎng,president; headmaster,名 n.,名 n.,noun,3,3,他一定是校长。,Tā yídìng shì xiàozhǎng.,He must be the principal.,他刚成为一名校长。,Tā gāng chéngwéi yìmíng xiàozhǎng.,He has just become a principal.,校长想跟你谈话。,Xiàozhǎng xiǎng gēn nǐ tánhuà.,The principal wants to talk to you.
901,鞋,xié,shoe,名 n.,名 n.,noun,3,3,这双鞋太大了，有没有小一点的？,Zhè shuāng xié tài dà le; yǒuméiyǒu xiǎo yìdiǎn de?,These shoes are too big; do you have a smaller pair?,我的鞋比你的大。,Wǒ de xié bǐ nǐ de dà.,My shoes are bigger than yours.,这双鞋对我来说太大了。,Zhè shuāng xié duì wǒ láishuō tài dà le.,These shoes are too big for me.
902,心里,xīnlǐ,chest; heart; mind,名 n.,名 n.,noun,3,3,听到这个消息，我心里很高兴。,Tīngdào zhège xiāoxī; wǒ xīnlǐ hěn gāoxìng.,I felt very happy when I heard this news.,他心里有点儿担心。,Tā xīnlǐ yǒudiǎnr dānxīn.,He feels a little worried inside.,这件事我一直记在心里。,Zhèjiàn shì wǒ yìzhí jì zài xīnlǐ.,I have always kept this matter in my heart.
903,新年,xīnnián,New Year,名 n.,名 n.,noun,3,3,新年快到了。,Xīnnián kuài dào le.,The New Year is approaching.,祝大家新年快乐。,Zhù dàjiā xīnnián kuàilè.,Happy New Year to everyone.,新年我们打算一起旅行。,Xīnnián wǒmen dǎsuàn yìqǐ lǚxíng.,We plan to travel together during the New Year.
904,新闻,xīnwén,news,名 n.,名 n.,noun,3,3,我每天早上看新闻。,Wǒ měitiān zǎoshàng kàn xīnwén.,I watch the news every morning.,这条新闻很重要。,Zhè tiáo xīnwén hěn zhòngyào.,This news item is very important.,我刚在网站上看到这个新闻。,Wǒ gāng zài wǎngzhàn shàng kàndào zhège xīnwén.,I just saw this news on a website.
905,新鲜,xīnxiān,fresh; freshness; novel,形 adj.,形 adj.,adjective,3,3,超市里的水果很新鲜。,Chāoshì lǐ de shuǐguǒ hěn xīnxiān.,The fruit at the supermarket is very fresh.,我想呼吸一下新鲜空气。,Wǒ xiǎng hūxī yíxià xīnxiān kōngqì.,I want to breathe some fresh air.,我想要一些新鲜的鸡蛋。,Wǒ xiǎngyào yìxiē xīnxiān de jīdàn.,I want some fresh eggs.
906,信,xìn,letter; mail; to trust,动 v.; 名 n.,动 v.,verb; noun,3,3,我收到了一封信。,Wǒ shōudào le yìfēngxìn.,I received a letter.,请相信我说的话。,Qǐng xiāngxìn wǒ shuō dehuà.,Please believe what I said.,他不信这个故事是真的。,Tā bù xìn zhège gùshi shì zhēnde.,He does not believe this story is true.
907,信用卡,xìnyòngkǎ,credit card,名 n.,名 n.,noun,3,3,你可以用信用卡或者银行卡。,Nǐ kěyǐ yòng xìnyòngkǎ huòzhě yínhángkǎ.,You can use a credit card or a bank card.,我们接受所有主要的信用卡。,Wǒmen jiēshòu suǒyǒu zhǔyào de xìnyòngkǎ.,We accept all major credit cards.,我想用信用卡支付。,Wǒ xiǎng yòng xìnyòngkǎ zhīfù.,I'd like to pay by credit card.
908,行,xíng,to walk; to go; to travel,动 v.; 形 adj.,动 v.,verb; adjective,3,3,这个办法行，我们就这样做。,Zhège bànfǎ xíng; wǒmen jiù zhèyàng zuò.,This method will work; so let us do it this way.,我今天身体不行，想休息。,Wǒ jīntiān shēntǐ bùxíng; xiǎng xiūxī.,I do not feel well today and want to rest.,步行十分钟就到了。,Bùxíng shífēnzhōng jiù dào le.,It is only a ten-minute walk away.
909,行李,xíngli,luggage,名 n.,名 n.,noun,3,3,他把他的行李留在车站。,Tā bǎ tā de xíngli liúzài chēzhàn.,He left his luggage at the station.,我们往车里装了很多行李。,Wǒmen wǎng chēlǐ zhuāng le hěnduō xíngli.,We loaded a lot of luggage into the car.,我的行李丢了。,Wǒ de xíngli diū le.,My baggage is missing.
910,兴趣,xìngqù,interest; hobby,名 n.,名 n.,noun,3,3,我对中国历史很有兴趣。,Wǒ duì zhōngguó lìshǐ hěn yǒu xìngqù.,I am very interested in Chinese history.,她最大的兴趣是学习语言。,Tā zuìdà de xìngqù shì xuéxí yǔyán.,Her greatest interest is learning languages.,孩子们对这个游戏失去了兴趣。,Háizi men duì zhège yóuxì shīqù le xìngqù.,The children lost interest in this game.
911,休假,xiūjià,to take a vacation; to be on leave,动 v.,动 v.,verb,3,3,经理下周要休假。,Jīnglǐ xiàzhōu yào xiūjià.,The manager will be on vacation next week.,我想休假几天陪家人。,Wǒ xiǎng xiūjià jǐtiān péi jiārén.,I want to take a few days off to spend time with my family.,休假回来以后，他开始了新的工作。,Xiūjià huílái yǐhòu; tā kāishǐ le xīn de gōngzuò.,After returning from vacation; he began a new job.
912,需要,xūyào,to need; to want; to demand,动 v.; 名 n.,动 v.,verb; noun,3,3,我需要你的帮助。,Wǒ xūyào nǐ de bāngzhù.,I need your help.,夏天太热，我们需要开空调。,Xiàtiān tài rè; wǒmen xūyào kāi kōngtiáo.,It is too hot in summer; so we need to turn on the air conditioner.,学习中文需要时间和练习。,Xuéxí zhōngwén xūyào shíjiān hé liànxí.,Learning Chinese requires time and practice.
913,选,xuǎn,to choose; to pick; to select,动 v.,动 v.,verb,3,3,请从这三本书里选一本。,Qǐng cóng zhè sān běnshū lǐ xuǎn yìběn.,Please choose one of these three books.,我还没选好要穿哪件上衣。,Wǒ hái méi xuǎn hǎo yào chuān nǎ jiàn shàngyī.,I have not yet chosen which top to wear.,你可以自己选座位。,Nǐ kěyǐ zìjǐ xuǎn zuòwèi.,You may choose your own seat.
914,选择,xuǎnzé,to select; to pick; choice; option,动 v.,动 v.,verb,3,3,你有两个选择。,Nǐ yǒu liǎnggè xuǎnzé.,You have two choices.,我选择坐高铁，因为更方便。,Wǒ xuǎnzé zuò gāotiě; yīnwèi gèng fāngbiàn.,I chose to take the high-speed rail because it is more convenient.,选择合适的学习方法很重要。,Xuǎnzé héshì de xuéxí fāngfǎ hěn zhòngyào.,Choosing a suitable study method is important.
915,学期,xuéqī,term; semester,名 n.,名 n.,noun,3,3,这个学期我们有四门课。,Zhège xuéqī wǒmen yǒu sìmén kè.,We have four courses this semester.,新学期下周一开始。,Xīn xuéqī xiàzhōuyī kāishǐ.,The new semester begins next Monday.,她这个学期的成绩提高了。,Tā zhège xuéqī de chéngjì tígāo le.,Her grades improved this semester.
916,牙,yá,tooth; ivory,名 n.,名 n.,noun,3,3,他知道怎么刷牙。,Tā zhīdào zěnme shuāyá.,He knows how to brush his teeth.,你正确地刷牙吗？,Nǐ zhèngquè de shuāyá ma?,Are you brushing your teeth properly?,我一天刷两次牙。,Wǒ yìtiān shuā liǎngcì yá.,I brush my teeth twice a day.
917,牙刷,yáshuā,toothbrush,名 n.,名 n.,noun,3,3,我每天早晚都用牙刷刷牙。,Wǒ měitiān zǎowǎn dōu yòng yáshuā shuāyá.,I use a toothbrush every morning and evening.,这支牙刷该换了。,Zhè zhī yáshuā gāi huàn le.,This toothbrush needs to be replaced.,旅行时别忘了带牙刷。,Lǚxíng shí biéwàngle dài yáshuā.,Do not forget to bring a toothbrush when traveling.
918,羊,yáng,sheep; goat,名 n.,名 n.,noun,3,3,山上有一群羊。,Shānshàng yǒu yìqún yáng.,There is a flock of sheep on the mountain.,那只羊正在吃草。,Nà zhī yáng zhèngzài chī cǎo.,That sheep is eating grass.,农场里养了很多羊。,Nóngchǎng lǐ yǎng le hěnduō yáng.,Many sheep are raised on the farm.
919,养,yǎng,to raise; to keep,动 v.,动 v.,verb,3,3,我家养了一只猫。,Wǒjiā yǎng le yìzhī māo.,My family keeps a cat.,她在花园里养花。,Tā zài huāyuánlǐ yǎng huā.,She grows flowers in the garden.,父母把孩子养大不容易。,Fùmǔ bǎ háizi yǎng dà bù róngyì.,It is not easy for parents to raise a child.
920,要求,yāoqiú,to request; to require; requirement,动 v.; 名 n.,动 v.,verb; noun,3,3,我要求他明天去那里。,Wǒ yāoqiú tā míngtiān qù nàlǐ.,I asked him to go there tomorrow.,我们被要求不再这么做。,Wǒmen bèi yāoqiú búzài zhème zuò.,We've been asked to not do this anymore.,我被要求在这里等。,Wǒ bèi yāoqiú zài zhèlǐ děng.,I was asked to wait here.
921,页,yè,page,量 m.w.,量 m.w.,measure word,3,3,请打开课本第十页。,Qǐng dǎkāi kèběn dìshí yè.,Please open the textbook to page ten.,这本书有三百页。,Zhè běnshū yǒu sānbǎi yè.,This book has three hundred pages.,我每天读十页书。,Wǒ měitiān dú shí yè shū.,I read ten pages every day.
922,一定,yídìng,surely; certainly; necessarily,形 adj.; 副 adv.,形 adj.,adjective; adverb,3,3,他一定会来参加会议。,Tā yídìng huì lái cānjiā huìyì.,He will certainly come to the meeting.,出门以前一定要带护照。,Chūmén yǐqián yídìng yào dài hùzhào.,Be sure to bring your passport before going out.,只要坚持练习，你的中文一定会提高。,Zhǐyào jiānchí liànxí; nǐ de zhōngwén yídìng huì tígāo.,As long as you keep practicing; your Chinese will certainly improve.
923,一共,yígòng,altogether,副 adv.,副 adv.,adverb,3,3,我们一共买了五张票。,Wǒmen yígòng mǎi le wǔzhāng piào.,We bought five tickets altogether.,班里一共有二十个学生。,Bānlǐ yígòng yǒu èrshígè xuéshēng.,There are twenty students in the class altogether.,这些东西一共多少钱？,Zhèxiē dōngxī yígòng duōshǎoqián?,How much do these things cost altogether?
924,一块儿,yíkuàir,together; in the same place,名 n.; 副 adv.,名 n.,noun; adverb,3,3,咱们一块儿去公园吧。,Zánmen yíkuàir qù gōngyuán ba.,Let us go to the park together.,他们常常一块儿吃饭。,Tāmen chángcháng yíkuàir chīfàn.,They often eat together.,下课以后我们一块儿复习。,Xiàkè yǐhòu wǒmen yíkuàir fùxí.,We review together after class.
925,一样,yíyàng,same; like; equal to,形 adj.,形 adj.,adjective,3,3,你的问题和我的一样。,Nǐ de wèntí hé wǒ de yíyàng.,We have the same problem.,他们都是一样的吗？,Tāmen dōu shì yíyàng de ma?,Are they both the same?,他跟我想的不一样。,Tā gēn wǒ xiǎng de bù yíyàng.,He wasn't the same as I thought he'd be.
926,以后,yǐhòu,after; later; afterwards,名 n.,名 n.,noun,3,3,她结婚以后搬家了。,Tā jiéhūn yǐhòu bānjiā le.,She moved after getting married.,以后请注意点。,Yǐhòu qǐng zhùyì diǎn.,Please take more care in the future.,九点以后打电话比较便宜吗？,Jiǔdiǎn yǐhòu dǎdiànhuà bǐjiào piányi ma?,Is it cheaper to call after 9:00?
927,以前,yǐqián,before; formerly; previous,名 n.,名 n.,noun,3,3,出发以前你必须带护照。,Chūfā yǐqián nǐ bìxū dài hùzhào.,Before departing you must bring your passport.,我想你以前做过这个。,Wǒ xiǎng nǐ yǐqián zuò guò zhège.,I think you've done this before.,我以前在这里没见过你。,Wǒ yǐqián zài zhèlǐ méi jiàn guò nǐ.,I haven't seen you around here before.
928,以上,yǐshàng,above; more than,名 n.,名 n.,noun,3,3,十二岁以上的孩子可以买成人票。,Shíèrsuì yǐshàng de háizi kěyǐ mǎi chéngrén piào.,Children aged twelve and above can buy adult tickets.,报名人数已经达到一百人以上。,Bàomíng rénshù yǐjīng dádào yìbǎi rén yǐshàng.,The number of registrants has already reached more than one hundred.,以上内容请大家认真阅读。,Yǐshàng nèiróng qǐng dàjiā rènzhēn yuèdú.,Please read the information above carefully.
929,以外,yǐwài,outside; besides; except for,名 n.,名 n.,noun,3,3,除了中文以外，她还会说英语。,Chúle zhōngwén yǐwài; tā hái huì shuō yīngyǔ.,Besides Chinese; she can also speak English.,教室以外的地方不能大声说话。,Jiàoshì yǐwài de dìfang bùnéng dàshēng shuōhuà.,You may not speak loudly outside the classroom.,这个价格不包括饮料以外的东西。,Zhège jiàgé bù bāokuò yǐnliào yǐwài de dōngxī.,This price does not include anything other than drinks.
930,以为,yǐwéi,to think; to believe mistakenly,动 v.,动 v.,verb,3,3,我以为你已经回家了。,Wǒ yǐwéi nǐ yǐjīng huíjiā le.,I thought you had already gone home.,她以为今天是周末。,Tā yǐwéi jīntiān shì zhōumò.,She mistakenly thought today was the weekend.,我以为这道题很简单，其实很难。,Wǒ yǐwéi zhè dào tí hěn jiǎndān; qíshí hěn nán.,I thought this question was simple; but it was actually difficult.
931,以下,yǐxià,below; less than,名 n.,名 n.,noun,3,3,十八岁以下的学生可以免费参加。,Shíbāsuì yǐxià de xuéshēng kěyǐ miǎnfèi cānjiā.,Students under eighteen can participate for free.,气温已经降到零度以下。,Qìwēn yǐjīng jiàngdào língdùyǐxià.,The temperature has fallen below zero.,以下问题请用中文回答。,Yǐxià wèntí qǐng yòng zhōngwén huídá.,Please answer the questions below in Chinese.
932,一般,yìbān,ordinary; generally; so-so,形 adj.,形 adj.,adjective,3,3,这个问题一般不难。,Zhège wèntí yìbān bùnán.,This question is generally not difficult.,他一般七点起床。,Tā yìbān qīdiǎn qǐchuáng.,He generally gets up at seven.,这是一家很一般的宾馆。,Zhè shì yìjiā hěn yìbān de bīnguǎn.,This is a very ordinary hotel.
933,一边,yìbiān,at the same time; one side,副 adv.,副 adv.,adverb,3,3,她一边听音乐，一边做作业。,Tā yìbiān tīng yīnyuè; yìbiān zuò zuòyè.,She listens to music while doing her homework.,我一边走路，一边聊天儿。,Wǒ yìbiān zǒulù; yìbiān liáotiānr.,I chat while walking.,他一边吃饭，一边看新闻。,Tā yìbiān chīfàn; yìbiān kàn xīnwén.,He watches the news while eating.
934,一直,yìzhí,all the time; continuously,副 adv.,副 adv.,adverb,3,3,我一直住在这个城市。,Wǒ yìzhí zhù zài zhège chéngshì.,I have always lived in this city.,雨一直下到晚上。,Yǔ yìzhí xià dào wǎnshàng.,The rain continued until evening.,她一直在努力学习。,Tā yìzhí zài nǔlì xuéxí.,She has been studying hard continuously.
935,音乐,yīnyuè,music,名 n.,名 n.,noun,3,3,我喜欢一边听音乐一边做作业。,Wǒ xǐhuān yìbiān tīng yīnyuè yìbiān zuò zuòyè.,I like listening to music while doing homework.,这家咖啡馆放的音乐很安静。,Zhèjiā kāfēiguǎn fàng de yīnyuè hěn ānjìng.,The music played in this café is very calm.,她从小就对音乐感兴趣。,Tā cóngxiǎo jiù duì yīnyuè gǎnxìngqù.,She has been interested in music since childhood.
936,银行,yínháng,bank,名 n.,名 n.,noun,3,3,银行在红绿灯旁边。,Yínháng zài hóng-lǜdēng pángbiān.,The bank is beside the traffic light.,我明天要去银行办一张卡。,Wǒ míngtiān yào qù yínháng bàn yìzhāng kǎ.,I am going to the bank tomorrow to get a card.,这家银行周末不开门。,Zhèjiā yínháng zhōumò bù kāimén.,This bank is closed on weekends.
937,银行卡,yínhángkǎ,bank card; ATM card,名 n.,名 n.,noun,3,3,我用银行卡付了钱。,Wǒ yòng yínhángkǎ fù le qián.,I paid with a bank card.,这张银行卡不能用了。,Zhè zhāng yínhángkǎ bùnéng yòng le.,This bank card no longer works.,出门以前别忘了带银行卡。,Chūmén yǐqián biéwàngle dài yínhángkǎ.,Do not forget to bring your bank card before going out.
938,饮料,yǐnliào,drink; beverage,名 n.,名 n.,noun,3,3,我现在想点饮料。,Wǒ xiànzài xiǎng diǎn yǐnliào.,I would like to order drinks now.,我想喝点热的饮料。,Wǒ xiǎng hē diǎn rè de yǐnliào.,I want something hot to drink.,我去弄饮料给你。,Wǒ qù nòng yǐnliào gěi nǐ.,I'm going to make you a drink.
939,应该,yīnggāi,ought to; should; must,动 v.,动 v.,verb,3,3,你应该先洗澡，然后再睡觉。,Nǐ yīnggāi xiān xǐzǎo; ránhòu zài shuìjiào.,You should take a shower first; then go to bed.,他发烧了，应该马上去医院检查。,Tā fāshāo le; yīnggāi mǎshàng qù yīyuàn jiǎnchá.,He has a fever and should go to the hospital for a checkup right away.,现在他应该已经到了。,Xiànzài tā yīnggāi yǐjīng dào le.,He should have arrived by now.
940,影响,yǐngxiǎng,influence; effect; to influence,动 v.; 名 n.,动 v.,verb; noun,3,3,下雨影响了我们的旅行计划。,Xiàyǔ yǐngxiǎng le wǒmen de lǚxíng jìhuà.,The rain affected our travel plans.,睡眠不足会影响健康。,Shuìmiánbùzú huì yǐngxiǎng jiànkāng.,Insufficient sleep can affect your health.,老师对我的学习产生了很大影响。,Lǎoshī duì wǒ de xuéxí chǎnshēng le hěndà yǐngxiǎng.,The teacher had a major influence on my studies.
941,用,yòng,to use; to employ; to have to,动 v.,动 v.,verb,3,3,你可以用信用卡或者银行卡。,Nǐ kěyǐ yòng xìnyòngkǎ huòzhě yínhángkǎ.,You can use a credit card or a bank card.,请用筷子，不要用勺子。,Qǐng yòng kuàizi; búyào yòng sháozi.,Please use chopsticks; not a spoon.,能让我用这个吗？,Néng ràng wǒ yòng zhège ma?,Am I allowed to use this?
942,邮件,yóujiàn,mail; post; email,名 n.,名 n.,noun,3,3,我刚收到你的邮件。,Wǒ gāng shōudào nǐ de yóujiàn.,I just received your email.,请把照片通过邮件发给我。,Qǐng bǎ zhàopiàn tōngguò yóujiàn fāgěi wǒ.,Please send me the photos by email.,这封邮件里有重要信息。,Zhè fēng yóujiàn lǐ yǒu zhòngyào xìnxī.,This email contains important information.
943,游客,yóukè,traveler; tourist; guest player,名 n.,名 n.,noun,3,3,春天有很多游客来这里。,Chūntiān yǒu hěnduō yóukè lái zhèlǐ.,Many tourists come here in spring.,游客正在花园里拍照。,Yóukè zhèngzài huāyuánlǐ pāizhào.,The tourists are taking photos in the garden.,这家宾馆为游客提供地图。,Zhèjiā bīnguǎn wèi yóukè tígōng dìtú.,This hotel provides maps for tourists.
944,游戏,yóuxì,game; to play,名 n.,名 n.,noun,3,3,我觉得我不太喜欢这游戏。,Wǒ juéde wǒ bù tài xǐhuān zhè yóuxì.,I don't think I like this game very much.,我没时间跟你玩游戏。,Wǒ méi shíjiān gēn nǐ wán yóuxì.,I don't have time to play games with you.,请让我试试这个游戏吧。,Qǐng ràng wǒ shìshì zhège yóuxì ba.,Please let me try the game.
945,邮箱,yóuxiāng,mailbox; post office box; email,名 n.,名 n.,noun,3,3,请把文件发到我的邮箱。,Qǐng bǎ wénjiàn fā dào wǒ de yóuxiāng.,Please send the file to my email address.,我每天早上检查邮箱。,Wǒ měitiān zǎoshàng jiǎnchá yóuxiāng.,I check my email every morning.,这个邮箱已经收到了你的邮件。,Zhège yóuxiāng yǐjīng shōudào le nǐ de yóujiàn.,This mailbox has already received your email.
946,有关,yǒuguān,to relate to; related to,动 v.; 介 prep.,动 v.,verb; preposition,3,3,这个问题跟健康有关。,Zhège wèntí gēn jiànkāng yǒuguān.,This question is related to health.,我正在找有关中国文化的书。,Wǒ zhèngzài zhǎo yǒuguān zhōngguó wénhuà de shū.,I am looking for books related to Chinese culture.,有关考试的消息已经发给大家了。,Yǒuguān kǎoshì de xiāoxī yǐjīng fāgěi dàjiā le.,Information about the exam has already been sent to everyone.
947,有名,yǒumíng,famous; well-known,形 adj.,形 adj.,adjective,3,3,这座城市因美食而有名。,Zhè zuò chéngshì yīn měishí ér yǒumíng.,This city is famous for its food.,那位画家在当地很有名。,Nàwèi huàjiā zài dāngdì hěn yǒumíng.,That painter is very famous locally.,这是一家很有名的饭店。,Zhè shì yìjiā hěn yǒumíng de fàndiàn.,This is a very famous restaurant.
948,有用,yǒuyòng,useful,形 adj.,形 adj.,adjective,3,3,这本词典对我很有用。,Zhèběn cídiǎn duì wǒ hěn yǒuyòng.,This dictionary is very useful to me.,老师教了我们几个有用的句子。,Lǎoshī jiāo le wǒmen jǐgè yǒuyòng de jùzi.,The teacher taught us several useful sentences.,这张地图旅行时很有用。,Zhè zhāng dìtú lǚxíng shí hěn yǒuyòng.,This map is useful while traveling.
949,又,yòu,again; also; both... and...,副 adv.,副 adv.,adverb,3,3,这个蛋糕又甜又好吃。,Zhège dàngāo yòu tián yòu hǎochī.,This cake is both sweet and delicious.,真高兴你又跟我们在一起了。,Zhēn gāoxìng nǐ yòu gēn wǒmen zài yìqǐ le.,It's a pleasure to have you with us again.,我又失去了一次机会。,Wǒ yòu shīqù le yícì jīhuì.,I've missed another chance.
950,羽毛球,yǔmáoqiú,badminton; shuttlecock,名 n.,名 n.,noun,3,3,周末我们一起打羽毛球。,Zhōumò wǒmen yìqǐ dǎ yǔmáoqiú.,We play badminton together on weekends.,她对羽毛球很感兴趣。,Tā duì yǔmáoqiú hěn gǎnxìngqù.,She is very interested in badminton.,体育馆里正在举行羽毛球比赛。,Tǐyùguǎn lǐ zhèngzài jǔxíng yǔmáoqiú bǐsài.,A badminton match is taking place in the gymnasium.
951,语言,yǔyán,language,名 n.,名 n.,noun,3,3,他不会说我们的语言。,Tā búhuì shuō wǒmen de yǔyán.,He doesn't speak our language.,我们说的是同样的语言，不是吗？,Wǒmen shuō de shì tóngyàng de yǔyán; búshì ma?,We speak the same language; don't we?,学生们在探讨语言和文化。,Xuéshēng men zài tàntǎo yǔyán hé wénhuà.,The students are talking about language and culture.
952,雨衣,yǔyī,raincoat,名 n.,名 n.,noun,3,3,外面下雨，记得穿雨衣。,Wàimiàn xiàyǔ; jìde chuān yǔyī.,It is raining outside; so remember to wear a raincoat.,这件雨衣太大了。,Zhèjiàn yǔyī tài dà le.,This raincoat is too large.,我把雨衣放在自行车上了。,Wǒ bǎ yǔyī fàngzài zìxíngchē shàng le.,I put the raincoat on the bicycle.
953,遇到,yùdào,to meet; to run into,动 v.,动 v.,verb,3,3,我在回家的路上遇到了他。,Wǒ zài huíjiā de lùshàng yùdào le tā.,I met him on my way home.,我昨天在校园里遇到了她。,Wǒ zuótiān zài xiàoyuán lǐ yùdào le tā.,I met her on campus yesterday.,你认为我们会遇到好天气吗？,Nǐ rènwéi wǒmen huì yùdào hǎo tiānqì ma?,Do you think we'll have good weather?
954,遇见,yùjiàn,to meet,动 v.,动 v.,verb,3,3,我曾希望在那里遇见你。,Wǒ céng xīwàng zài nàlǐ yùjiàn nǐ.,I had hoped to meet you there.,当我回家时，我遇见了他。,Dāng wǒ huíjiā shí; wǒ yùjiàn le tā.,I met him while I was coming home.,我在那里没遇见任何人。,Wǒ zài nàlǐ méi yùjiàn rènhérén.,I didn't meet anyone there.
955,园,yuán,garden; park,名 n.,名 n.,noun,3,3,公园里有很多树。,Gōngyuán lǐ yǒu hěnduō shù.,There are many trees in the park.,动物园里有两只大熊猫。,Dòngwùyuán lǐ yǒu liǎngzhǐ dàxióngmāo.,There are two giant pandas in the zoo.,花园里的花都开了。,Huāyuánlǐ de huādōu kāi le.,The flowers in the garden have all bloomed.
956,员,yuán,person; employee; member,后缀 suff.,后缀 suff.,suffix,3,3,他是一名运动员。,Tā shì yìmíng yùndòngyuán.,He is an athlete.,服务员把菜单拿来了。,Fúwùyuán bǎ càidān nálái le.,The server brought the menu.,每个队员都要参加比赛。,Měigè duìyuán dōu yào cānjiā bǐsài.,Every team member must participate in the competition.
957,愿意,yuànyì,to wish; to want; ready,动 v.,动 v.,verb,3,3,你愿意让我送你回家吗？,Nǐ yuànyì ràng wǒ sòng nǐ huíjiā ma?,Would you like me to see you home?,如果你愿意，你可以用我的车。,Rúguǒ nǐ yuànyì; nǐ kěyǐ yòng wǒ de chē.,If you want to; you can use my car.,我更愿意自己做。,Wǒ gèng yuànyì zìjǐ zuò.,I'd rather do it by myself.
958,越,yuè,to exceed; to climb over; to surpass,副 adv.,副 adv.,adverb,3,3,天气越来越冷了。,Tiānqì yuèláiyuè lěng le.,The weather is getting colder and colder.,她中文说得越来越好。,Tā zhōngwén shuō de yuèláiyuè hǎo.,Her spoken Chinese is getting better and better.,你越努力，进步越快。,Nǐ yuè nǔlì; jìnbù yuè kuài.,The harder you work; the faster you improve.
959,月亮,yuèliang,the moon,名 n.,名 n.,noun,3,3,今晚的月亮很圆。,Jīnwǎn de yuèliang hěn yuán.,The moon is very round tonight.,我们坐在草地上看月亮。,Wǒmen zuòzài cǎodì shàng kàn yuèliang.,We sat on the grass and watched the moon.,月亮从山后面升起来了。,Yuèliang cóng shān hòumiàn shēng qǐlái le.,The moon rose from behind the mountain.
960,运动会,yùndònghuì,sports competition,名 n.,名 n.,noun,3,3,学校下周要举行运动会。,Xuéxiào xiàzhōu yào jǔxíng yùndònghuì.,The school will hold a sports meet next week.,很多学生参加了这次运动会。,Hěnduō xuéshēng cānjiā le zhècì yùndònghuì.,Many students took part in this sports meet.,因为下雨，运动会推迟了。,Yīnwèi xiàyǔ; yùndònghuì tuīchí le.,The sports meet was postponed because of the rain.
961,运动员,yùndòngyuán,athlete; 個|个,名 n.,名 n.,noun,3,3,这位运动员每天坚持锻炼。,Zhèwèi yùndòngyuán měitiān jiānchí duànliàn.,This athlete trains every day.,运动员正在准备明天的比赛。,Yùndòngyuán zhèngzài zhǔnbèi míngtiān de bǐsài.,The athlete is preparing for tomorrow’s competition.,那名运动员在比赛中得了第一名。,Nà míng yùndòngyuán zài bǐsài zhōng dé le dìyìmíng.,That athlete finished first in the competition.
962,咱们,zánmen,we; us,代 pron.,代 pron.,pronoun,3,3,咱们一起去吃饭吧。,Zánmen yìqǐ qù chīfàn ba.,Let us go eat together.,咱们明天几点出发？,Zánmen míngtiān jǐdiǎn chūfā?,What time are we leaving tomorrow?,这件事咱们以后再谈。,Zhèjiàn shì zánmen yǐhòu zài tán.,Let us discuss this matter later.
963,脏,zāng,dirty; filthy; to get dirty,形 adj.,形 adj.,adjective,3,3,你的鞋脏了。,Nǐ de xié zāng le.,Your shoes are dirty.,请把脏衣服放进洗衣机。,Qǐng bǎ zāng yīfú fàngjìn xǐyījī.,Please put the dirty clothes into the washing machine.,下雨以后，路上又湿又脏。,Xiàyǔ yǐhòu; lùshàng yòu shī yòu zāng.,After the rain; the road became wet and dirty.
964,怎么办,zěnmebàn,what to do,代 pron.,代 pron.,pronoun,3,3,我忘了带护照，怎么办？,Wǒ wàng le dài hùzhào; zěnmebàn?,I forgot to bring my passport; what should I do?,电脑不能开机，怎么办？,Diànnǎo bùnéng kāijī; zěnmebàn?,The computer will not turn on; what should I do?,外面下大雨，我们怎么办？,Wàimiàn xià dàyǔ; wǒmen zěnmebàn?,It is raining heavily outside; what should we do?
965,怎样,zěnyàng,how; what kind,代 pron.,代 pron.,pronoun,3,3,你觉得这个办法怎样？,Nǐ juéde zhège bànfǎ zěnyàng?,What do you think of this method?,我们怎样去火车站？,Wǒmen zěnyàng qù huǒchēzhàn?,How do we get to the train station?,她是一个怎样的人？,Tā shì yígè zěnyàng de rén?,What kind of person is she?
966,站,zhàn,to stand,动 v.,动 v.,verb,3,3,请站在门口等我。,Qǐng zhàn zài ménkǒu děng wǒ.,Please stand by the door and wait for me.,他站起来回答问题。,Tā zhàn qǐlái huídá wèntí.,He stood up to answer the question.,大家站成一排。,Dàjiā zhàn chéng yìpái.,Everyone stood in a line.
967,张,zhāng,measure word for flat things; to open,动 v.; 量 m.w.,动 v.,verb; measure word,3,3,桌上有一张地图。,Zhuōshàng yǒu yìzhāng dìtú.,There is a map on the table.,我买了两张火车票。,Wǒ mǎi le liǎngzhāng huǒchēpiào.,I bought two train tickets.,请张开嘴。,Qǐng zhāngkāizuǐ.,Please open your mouth.
968,长,zhǎng,chief; head; elder,动 v.; 后缀 suff.,动 v.,verb; suffix,3,3,孩子们长得很快。,Háizi men zhǎngde hěnkuài.,Children grow very quickly.,他是这所学校的校长。,Tā shì zhè suǒ xuéxiào de xiàozhǎng.,He is the headmaster of this school.,春天草和树都开始长了。,Chūntiān cǎo hé shù dōu kāishǐ zhǎng le.,Grass and trees begin to grow in spring.
969,着急,zháojí,worried; anxious,形 adj.,形 adj.,adjective,3,3,别着急，我们还有时间。,Bié zháojí; wǒmen háiyǒu shíjiān.,Do not worry; we still have time.,找不到护照时，他非常着急。,Zhǎo búdào hùzhào shí; tā fēicháng zháojí.,He became very anxious when he could not find his passport.,孩子还没回家，妈妈有点儿着急。,Háizi hái méi huíjiā; māmā yǒudiǎnr zháojí.,The mother is a little worried because her child has not come home yet.
970,照,zhào,according to; to take a photo,动 v.,动 v.,verb,3,3,请照一张照片。,Qǐng zhào yìzhāng zhàopiàn.,Please take a photograph.,阳光照进了屋子。,Yángguāng zhào jìn le wūzi.,Sunlight shone into the room.,请照老师说的做。,Qǐng zhào lǎoshī shuō de zuò.,Please do as the teacher says.
971,照顾,zhàogù,to take care of,动 v.,动 v.,verb,3,3,我们要照顾我们的父母。,Wǒmen yào zhàogù wǒmen de fùmǔ.,We have to look after our parents.,我可以照顾自己。,Wǒ kěyǐ zhàogù zìjǐ.,I can take care of myself.,你可以照顾一下孩子们吗?,Nǐ kěyǐ zhàogù yíxià háizi men ma?,Would you please look after the children?
972,照片,zhàopiàn,photograph; picture,名 n.,名 n.,noun,3,3,他给我看了她的照片。,Tā gěi wǒ kàn le tā de zhàopiàn.,He showed me her picture.,我有一些照片给你看。,Wǒ yǒu yìxiē zhàopiàn gěi nǐ kàn.,I have some pictures to show you.,我为我的家人拍了照片。,Wǒ wèi wǒ de jiārén pāi le zhàopiàn.,I took a picture of my family.
973,照相,zhàoxiàng,to take a photograph,动 v.,动 v.,verb,3,3,游客们在花园里照相。,Yóukè men zài huāyuánlǐ zhàoxiàng.,The tourists are taking photographs in the garden.,这里不能照相。,Zhèlǐ bùnéng zhàoxiàng.,Photography is not allowed here.,我们在学校门口一起照相吧。,Wǒmen zài xuéxiào ménkǒu yìqǐ zhàoxiàng ba.,Let us take a photograph together at the school entrance.
974,直到,zhídào,until,动 v.,动 v.,verb,3,3,我一直等，直到晚上十点。,Wǒ yìzhí děng; zhídào wǎnshàng shídiǎn.,I waited until ten in the evening.,直到老师解释以后，我才明白。,Zhídào lǎoshī jiěshì yǐhòu; wǒ cái míngbai.,I did not understand until the teacher explained it.,请在这里等，直到我回来。,Qǐng zài zhèlǐ děng; zhídào wǒ huílái.,Please wait here until I return.
975,只,zhǐ,only; just,副 adv.,副 adv.,adverb,3,3,我只喝了一杯水。,Wǒ zhǐ hē le yìbēi shuǐ.,I only drank one glass of water.,今天只有他迟到。,Jīntiān zhǐyǒu tā chídào.,Only he was late today.,这件事我只告诉你。,Zhèjiàn shì wǒ zhǐ gàosù nǐ.,I am telling only you about this matter.
976,纸,zhǐ,paper,名 n.,名 n.,noun,3,3,请在纸上写下你的名字。,Qǐng zài zhǐ shàng xiěxià nǐ de míngzì.,Please write your name on the paper.,我需要一张纸和一支铅笔。,Wǒ xūyào yìzhāng zhǐ hé yìzhī qiānbǐ.,I need a sheet of paper and a pencil.,这本书用的纸很好。,Zhè běnshū yòng de zhǐ hěn hǎo.,The paper used in this book is very good.
977,只能,zhǐnéng,can only,副 adv.,副 adv.,adverb,3,3,今天太晚了，我们只能明天去。,Jīntiān tàiwǎn le; wǒmen zhǐnéng míngtiān qù.,It is too late today; so we can only go tomorrow.,没有地图，我只能问路。,Méiyǒu dìtú; wǒ zhǐnéng wènlù.,Without a map; I can only ask for directions.,她感冒了，只能在家休息。,Tā gǎnmào le; zhǐnéng zàijiā xiūxī.,She has a cold and can only rest at home.
978,只是,zhǐshì,merely; only; just,副 adv.; 连 conj.,副 adv.,adverb; conjunction,3,3,我只是想帮你。,Wǒ zhǐshì xiǎng bāng nǐ.,I merely wanted to help you.,这只是一个简单的问题。,Zhè zhǐshì yígè jiǎndān de wèntí.,This is only a simple question.,他看起来生气，其实只是累了。,Tā kànqǐlái shēngqì; qíshí zhǐshì lèi le.,He looks angry; but he is merely tired.
979,只要,zhǐyào,if only; so long as,连 conj.,连 conj.,conjunction,3,3,只要努力，就会进步。,Zhǐyào nǔlì; jiù huì jìnbù.,As long as you work hard; you will improve.,只要不下雨，我们就去公园。,Zhǐyào búxiàyǔ; wǒmen jiù qù gōngyuán.,As long as it does not rain; we will go to the park.,只要你愿意，我就帮助你。,Zhǐyào nǐ yuànyì; wǒ jiù bāngzhù nǐ.,As long as you are willing; I will help you.
980,只有,zhǐyǒu,only; only if,连 conj.,连 conj.,conjunction,3,3,只有老师知道答案。,Zhǐyǒu lǎoshī zhīdào dáàn.,Only the teacher knows the answer.,这里晚上只有一家店开门。,Zhèlǐ wǎnshàng zhǐyǒu yìjiā diàn kāimén.,Only one shop is open here at night.,只有完成作业，才能出去玩。,Zhǐyǒu wánchéng zuòyè; cáinéng chūqùwán.,Only after finishing your homework can you go out and play.
981,中,zhōng,within; among; in,名 n.,名 n.,noun,3,3,这三个人中，他最高。,Zhè sāngè rén zhōng; tā zuìgāo.,Among these three people; he is the tallest.,工作中要注意安全。,Gōngzuò zhōng yào zhùyì ānquán.,You need to pay attention to safety at work.,这本书中有很多有用的句子。,Zhè běnshū zhōng yǒu hěnduō yǒuyòng de jùzi.,There are many useful sentences in this book.
982,中间,zhōngjiān,middle; between,名 n.,名 n.,noun,3,3,桌子在房间中间。,Zhuōzi zài fángjiān zhōngjiān.,The table is in the middle of the room.,学校在银行和公园中间。,Xuéxiào zài yínháng hé gōngyuán zhōngjiān.,The school is between the bank and the park.,请在名字中间加一个空格。,Qǐng zài míngzì zhōngjiān jiā yígè kònggé.,Please add a space in the middle of the name.
983,终于,zhōngyú,at last; in the end; finally,副 adv.,副 adv.,adverb,3,3,我们终于到家了。,Wǒmen zhōngyú dào jiā le.,We finally arrived home.,他终于解决了这个难题。,Tā zhōngyú jiějué le zhège nántí.,He finally solved this difficult problem.,等了半天，公交车终于来了。,Děng le bàntiān; gōngjiāochē zhōngyú lái le.,After a long wait; the bus finally arrived.
984,种,zhǒng,measure word for types/kinds/sorts,量 m.w.,量 m.w.,measure word,3,3,菜单上有三种饮料。,Càidān shàng yǒu sānzhǒng yǐnliào.,There are three kinds of drinks on the menu.,我试了几种学习方法。,Wǒ shì le jǐzhǒng xuéxí fāngfǎ.,I tried several kinds of study methods.,这种水果很甜。,Zhèzhǒng shuǐguǒ hěn tián.,This kind of fruit is very sweet.
985,重要,zhòngyào,important; significant; major,形 adj.,形 adj.,adjective,3,3,她刚刚收到一封重要的邮件。,Tā gānggāng shōudào yìfēng zhòngyào de yóujiàn.,She just received an important email.,他有了一个重要的发现。,Tā yǒu le yígè zhòngyào de fāxiàn.,He made an important discovery.,这些信息对我们非常重要。,Zhèxiē xìnxī duì wǒmen fēicháng zhòngyào.,The information is very important to us.
986,周末,zhōumò,weekend,名 n.,名 n.,noun,3,3,周末我们去球场打羽毛球吧。,Zhōumò wǒmen qù qiúchǎng dǎ yǔmáoqiú ba.,Let's go to the court and play badminton this weekend.,这个周末你有时间吗？,Zhège zhōumò nǐ yǒu shíjiān ma?,Do you have any free time this weekend?,我爸爸会在这周末回家。,Wǒ bàbà huì zài zhè zhōumò huíjiā.,My father will come home at the end of this week.
987,主要,zhǔyào,main; principal; major,形 adj.,形 adj.,adjective,3,3,这篇课文的主要内容是什么？,Zhè piān kèwén de zhǔyào nèiróng shì shénme?,What is the main content of this text?,学习语言的主要方法是多练习。,Xuéxí yǔyán de zhǔyào fāngfǎ shì duō liànxí.,The main way to learn a language is to practice often.,这座城市的主要交通工具是地铁。,Zhè zuò chéngshì de zhǔyào jiāotōnggōngjù shì dìtiě.,The main form of transportation in this city is the subway.
988,注意,zhùyì,to take note of; to pay attention to,动 v.,动 v.,verb,3,3,请注意安全。,Qǐng zhùyì ānquán.,Please pay attention to safety.,上课时要注意听老师讲。,Shàngkèshí yào zhùyì tīng lǎoshī jiǎng.,Pay attention to the teacher during class.,我没有注意到红绿灯变了。,Wǒ méiyǒu zhùyì dào hóng-lǜdēng biàn le.,I did not notice that the traffic light had changed.
989,住院,zhùyuàn,to be in hospital; to be hospitalized,动 v.,动 v.,verb,3,3,他生病以后住院了。,Tā shēngbìng yǐhòu zhùyuàn le.,He was hospitalized after becoming ill.,医生说她需要住院检查。,Yīshēng shuō tā xūyào zhùyuàn jiǎnchá.,The doctor said she needed to be hospitalized for examination.,住院期间，家人每天来看他。,Zhùyuàn qījiān; jiārén měitiān láikàn tā.,His family visited him every day while he was in the hospital.
990,字典,zìdiǎn,dictionary,名 n.,名 n.,noun,3,3,我能用一下你的字典吗？,Wǒ néng yòng yíxià nǐ de zìdiǎn ma?,Can I use your dictionary for a minute?,这是我的字典。,Zhè shì wǒ de zìdiǎn.,This is my dictionary.,这是我每天都用的字典。,Zhè shì wǒ měitiān dōu yòng de zìdiǎn.,This is the dictionary I use every day.
991,自行车,zìxíngchē,bicycle; bike,名 n.,名 n.,noun,3,3,我每天骑自行车上班。,Wǒ měitiān qí zìxíngchē shàngbān.,I ride a bicycle to work every day.,这辆自行车是新的。,Zhè liàng zìxíngchē shì xīn de.,This bicycle is new.,请把自行车停在门口。,Qǐng bǎ zìxíngchē tíng zài ménkǒu.,Please park the bicycle at the entrance.
992,子,zi,suffix; -zi,后缀 suff.,后缀 suff.,suffix,3,3,桌子是常见的名词。,Zhuōzi shì chángjiàn de míngcí.,The word for table is a common noun.,房子旁边有一个小花园。,Fángzi pángbiān yǒu yígè xiǎo huāyuán.,There is a small garden beside the house.,句子里有三个生词。,Jùzi lǐ yǒu sāngè shēngcí.,There are three new words in the sentence.
993,总,zǒng,general; overall; to sum up,副 adv.; （动 v.; 形 adj.）,副 adv.,adverb; verb; adjective,3,3（5）,他总忘记关灯。,Tā zǒng wàngjì guān dēng.,He is always forgetting to turn off the light.,总的来说，这个办法不错。,Zǒngdeláishuō; zhège bànfǎ búcuò.,Overall; this method is good.,我们总要找到解决问题的办法。,Wǒmen zǒng yào zhǎodào jiějué wèntí de bànfǎ.,We will ultimately have to find a way to solve the problem.
994,总是,zǒngshì,always,副 adv.,副 adv.,adverb,3,3,他总是忘记关灯。,Tā zǒngshì wàngjì guān dēng.,He always forgets to turn off the lights.,他总是跟她站在同一边。,Tā zǒngshì gēn tā zhàn zài tóng yìbiān.,He always takes sides with her.,我总是忘记别人的名字。,Wǒ zǒngshì wàngjì biérén de míngzì.,I'm always forgetting people's names.
995,嘴,zuǐ,mouth; beak; nozzle,名 n.,名 n.,noun,3,3,请张开嘴。,Qǐng zhāngkāizuǐ.,Please open your mouth.,这个孩子嘴里还有糖。,Zhège háizi zuǐlǐ háiyǒu táng.,This child still has candy in his mouth.,他说了半天，嘴都干了。,Tā shuōlebàntiān; zuǐ dōu gàn le.,He talked for a long time until his mouth became dry.
996,最好,zuìhǎo,best; had better,副 adv.,副 adv.,adverb,3,3,你最好早点儿出发。,Nǐ zuìhǎo zǎodiǎnr chūfā.,You had better leave early.,这是我读过的最好的一本书。,Zhè shì wǒ dú guò de zuìhǎo de yī běnshū.,This is the best book I have read.,感冒了最好在家休息。,Gǎnmào le zuìhǎo zàijiā xiūxī.,If you have a cold; it is best to rest at home.
997,最后,zuìhòu,final; last; finally,名 n.,名 n.,noun,3,3,我们让他做最后的决定。,Wǒmen ràng tā zuò zuìhòu de juédìng.,We left the final decision to him.,最后，她解决了这个问题。,Zuìhòu; tā jiějué le zhège wèntí.,At last; she solved the problem.,我希望最后一切都好。,Wǒ xīwàng zuìhòu yíqiè dōu hǎo.,I hope everything will be fine in the end.
998,最近,zuìjìn,recently; soon; nearest,名 n.,名 n.,noun,3,3,她最近对网球特别感兴趣。,Tā zuìjìn duì wǎngqiú tèbié gǎnxìngqù.,She's been particularly interested in tennis recently.,我最近有很多事情要做。,Wǒ zuìjìn yǒu hěnduō shìqíng yào zuò.,I've had a lot of work to do lately.,你最近有他的消息吗？,Nǐ zuìjìn yǒu tā de xiāoxī ma?,Have you heard from him recently?
999,做客,zuòkè,to be a guest or visitor,动 v.,动 v.,verb,3,3,周末欢迎你来我家做客。,Zhōumò huānyíng nǐ lái wǒjiā zuòkè.,You are welcome to visit my home this weekend.,我们去老师家做客了。,Wǒmen qù lǎoshī jiā zuòkè le.,We visited the teacher’s home as guests.,第一次去别人家做客，要带一点礼物。,Dìyīcì qù biérén jiā zuòkè; yào dài yìdiǎn lǐwù.,When visiting someone’s home for the first time; you should bring a small gift.
1000,作业,zuòyè,school assignment; homework; work,名 n.,名 n.,noun,3,3,我习惯一边听音乐一边做作业。,Wǒ xíguàn yìbiān tīng yīnyuè yìbiān zuò zuòyè.,I'm used to listening to music while doing homework.,学生必须在这个学期完成作业。,Xuéshēng bìxū zài zhège xuéqī wánchéng zuòyè.,Students must finish their assignments this semester.,我帮他做他的家庭作业。,Wǒ bāng tā zuò tā de jiātíng zuòyè.,I helped him with his homework.
1001,啊,ā,sentence particle; used for emphasis or confirmation,叹,叹 interj.,interjection,4,4,啊，原来是你！,Ā; yuánlái shì nǐ!,Ah; so it was you!,好啊，我们一起去。,Hǎo a; wǒmen yìqǐ qù.,Sure; let’s go together.,你也来了啊！,Nǐ yě lái le a!,Oh; you came too!
1002,爱情,àiqíng,romance; love (romantic),名,名 n.,noun,4,4,他们的友情酝酿成了爱情。,Tāmen de yǒuqíng yùnniàng chéng le àiqíng.,Their friendship ripened into a deep love.,没有爱情的生活毫无意义。,Méiyǒu àiqíng de shēnghuó háowúyìyì.,Life without love is just totally pointless.,从来就没有徒劳的爱情。,Cónglái jiù méiyǒu túláo de àiqíng.,Love is never wasted.
1003,爱心,àixīn,compassion; kindness,名,名 n.,noun,4,4,他是一个很有爱心的人。,Tā shì yígè hěn yǒu àixīn de rén.,He is a very loving person.,我被她对别人的爱心所感动。,Wǒ bèi tā duì biérén de àixīn suǒ gǎndòng.,I was moved by her love for other people.,同情心和爱心绝不可混为一谈。,Tóngqíngxīn hé àixīn juébù kě hùnwéiyìtán.,Never confuse pity with love.
1004,安检,ānjiǎn,security check,动,动 v.,verb,4,4,坐飞机前要先过安检。,Zuòfēijī qián yào xiān guò ānjiǎn.,You need to go through security before flying.,安检人员检查了我的背包。,Ānjiǎn rényuán jiǎnchá le wǒ de bēibāo.,Security staff checked my backpack.,通过安检以后，我们去登机口。,Tōngguò ānjiǎn yǐhòu; wǒmen qù dēngjīkǒu.,After security; we went to the boarding gate.
1005,安排,ānpái,to arrange; to plan,动,动 v.,verb,4,4,你明天的行程安排是什么？,Nǐ míngtiān de xíngchéng ānpái shì shénme?,What's your schedule for tomorrow?,你下个周末有什么安排吗？,Nǐ xià gè zhōumò yǒu shénme ānpái ma?,Have you got anything planned for next weekend?,我们很快就可以安排您入座。,Wǒmen hěnkuài jiù kěyǐ ānpái nín rùzuò.,We can seat you soon.
1006,按,àn,to press; to push,动、介,动 v.,verb; preposition,4,4,万一发生火灾，按下按钮。,Wànyì fāshēng huǒzāi; àn xià ànniǔ.,In case of fire; push the button.,您只要按下按钮就行了。,Nín zhǐyào àn xià ànniǔ jiùxíngle.,You have only to push the button.,他按下按钮然后等待著。,Tā àn xià ànniǔ ránhòu děngdài zhù.,He pressed the button and waited.
1007,按时,ànshí,on time; before deadline,副,副 adv.,adverb,4,4,有时候火车没能按时到达。,Yǒushíhòu huǒchē méi néng ànshí dàodá.,At times the train doesn't arrive on time.,她会尽量按时赶来的。,Tā huì jǐnliàng ànshí gǎnlái de.,She will do her best to be here on time.,我按时到了学校。,Wǒ ànshí dào le xuéxiào.,I arrived at school on time.
1008,按照,ànzhào,according to; in accordance with,介,介 prep.,preposition,4,4,你必须按照你的计划行事。,Nǐ bìxū ànzhào nǐ de jìhuà xíngshì.,You must go through with your plan.,我觉得我是按照你说的做的。,Wǒ juéde wǒ shì ànzhào nǐ shuō de zuò de.,I thought I was doing it your way.,我们按照预定计划研读。,Wǒmen ànzhào yùdìng jìhuà yándú.,We study according to the schedule.
1009,白酒,báijiǔ,baijiu; Chinese liquor,名,名 n.,noun,4,4,你比较喜欢红酒还是白酒？,Nǐ bǐjiào xǐhuān hóngjiǔ háishì báijiǔ?,Do you prefer red or white wine?,我想喝著你最好的白酒吃这肉。,Wǒ xiǎng hē zhù nǐ zuìhǎo de báijiǔ chī zhè ròu.,I'd like to have this meat dish with your best white wine.,有人喜欢红酒，有人喜欢白酒。,Yǒurén xǐhuān hóngjiǔ; yǒurén xǐhuān báijiǔ.,Some people like red wine and some people like white wine.
1010,办公,bàngōng,to handle official business; to work (esp. in an office),动,动 v.,verb,4,4,我们每天九点开始办公。,Wǒmen měitiān jiǔdiǎn kāishǐ bàngōng.,We begin office work at nine every day.,经理今天在家办公。,Jīnglǐ jīntiān zàijiā bàngōng.,The manager is working from home today.,这栋楼的五层是办公区。,Zhèdòng lóu de wǔcéng shì bàngōngqū.,The fifth floor of this building is an office area.
1011,办理,bànlǐ,to handle; to transact,动,动 v.,verb,4,4,我明天去银行办理手续。,Wǒ míngtiān qù yínháng bànlǐshǒuxù.,I will go to the bank tomorrow to handle the formalities.,入住前需要办理登记。,Rùzhù qián xūyào bànlǐ dēngjì.,You need to register before checking in.,这项业务可以在网上办理。,Zhèxiàng yèwù kěyǐ zài wǎngshàng bànlǐ.,This service can be handled online.
1012,办事,bànshì,to work; to handle (affairs),动,动 v.,verb,4,4,他办事认真，也很有经验。,Tā bànshì rènzhēn; yě hěn yǒu jīngyàn.,He handles matters carefully and has a lot of experience.,我下午要去市中心办事。,Wǒ xiàwǔ yào qù shìzhōngxīn bànshì.,I need to run an errand downtown this afternoon.,按规定办事会更顺利。,Ànguīdìng bànshì huì gèng shùnlì.,Following the rules when handling matters makes things go more smoothly.
1013,棒,bàng,capable; stick,形、（名）,形 adj.,adjective; noun,4,4（5）,这是我参加过最棒的派对。,Zhè shì wǒ cānjiā guò zuì bàng de pàiduì.,It was the best party ever.,这是一种好棒的治疗方法。,Zhè shì yìzhǒng hǎo bàng de zhìliáo fāngfǎ.,This is a great type of cure.,我的孩子们喜欢甘草棒。,Wǒ de háizi men xǐhuān gāncǎo bàng.,My children like saccharum.
1014,保护,bǎohù,to protect; to defend,动,动 v.,verb,4,4,堤坝保护了城市免受洪灾。,Dībà bǎohù le chéngshì miǎnshòu hóngzāi.,The bank secured the city from a flood.,他当时是可以保护她的。,Tā dāngshí shì kěyǐ bǎohù tā de.,He could've protected her.,你不要担心，我会保护你的。,Nǐ búyào dānxīn; wǒhuì bǎohù nǐ de.,Don't worry. I'll protect you.
1015,保证,bǎozhèng,guarantee; to ensure,动、名,动 v.,verb; noun,4,4,没有甚么是真正有保证的。,Méiyǒu shénme shì zhēnzhèng yǒu bǎozhèng de.,Nothing is really guaranteed.,我们保证我们的产品一年。,Wǒmen bǎozhèng wǒmen de chǎnpǐn yìnián.,We guarantee our products for one year.,我保证我会把你送进牢里。,Wǒ bǎozhèng wǒhuì bǎ nǐ sòng jìn láo lǐ.,I promise that I will send you to prison.
1016,抱,bào,to hold; to hug,动,动 v.,verb,4,4,他用双手抱著一个大箱子。,Tā yòng shuāngshǒu bào zhù yígè dàxiāngzi.,He was holding a large box in his arms.,那个年轻女人手抱著婴儿。,Nàge niánqīng nǚrén shǒu bào zhù yīngér.,The young woman was carrying an infant in her arms.,她所抱着的希望完全消失了。,Tā suǒ bào zhe de xīwàng wánquán xiāoshī le.,All her hopes have vanished.
1017,报考,bàokǎo,to enter oneself for an examination,动,动 v.,verb,4,4,他准备报考北京的一所大学。,Tā zhǔnbèi bàokǎo běijīng de yìsuǒ dàxué.,He plans to apply to a university in Beijing.,报考这个专业需要参加面试。,Bàokǎo zhège zhuānyè xūyào cānjiā miànshì.,Applying for this major requires an interview.,我已经完成了网上报考。,Wǒ yǐjīng wánchéng le wǎngshàng bàokǎo.,I have completed the online exam registration.
1018,报名,bàomíng,to sign up; to enter name,动,动 v.,verb,4,4,我怎样报名参加呢？,Wǒ zěnyàng bàomíng cānjiā ne?,How do I sign up?,报名时间已经过了。,Bàomíng shíjiān yǐjīng guò le.,The registration period is already over.,比尔报名考试了。,Bǐěr bàomíng kǎoshì le.,Bill signed up for the exam.
1019,抱歉,bàoqiàn,to be sorry; to feel apologetic,形,形 adj.,adjective,4,4,史密斯回答说，他很抱歉。,Shǐmìsī huídá shuō; tā hěn bàoqiàn.,Smith replied that he was sorry.,我对你姐姐感到非常抱歉。,Wǒ duì nǐ jiějiě gǎndào fēicháng bàoqiàn.,I feel very sorry for your sister.,我很抱歉伤害了你的感情。,Wǒ hěn bàoqiàn shānghài le nǐ de gǎnqíng.,I'm so sorry I hurt your feelings.
1020,背,bēi,to be burdened; to turn back,动,动 v.,verb,4,4,如水流过鸭背般毫无反应。,Rú shuǐliú guò yā bèi bān háowú fǎnyìng.,Like water off a duck's back.,我昨天整天都在背英文字。,Wǒ zuótiān zhěngtiān dōu zài bèi yīngwénzì.,I learned English words by heart all day yesterday.,他背周期表只是为了好玩。,Tā bèi zhōuqībiǎo zhǐshì wèile hǎowán.,He learnt the periodic table by heart just for fun.
1021,背包,bēibāo,knapsack; rucksack,名,名 n.,noun,4,4,出门前别忘了带背包。,Chū ménqián biéwàngle dài bēibāo.,Do not forget your backpack before leaving.,我的电脑放在背包里。,Wǒ de diànnǎo fàngzài bēibāo lǐ.,My computer is in my backpack.,这个背包很轻，也很结实。,Zhège bēibāo hěn qīng; yě hěn jiēshí.,This backpack is light and sturdy.
1022,北部,běibù,northern part,名,名 n.,noun,4,4,冬天，中国北部比较冷。,Dōngtiān; zhōngguó běibù bǐjiào lěng.,Northern China is relatively cold in winter.,这座城市位于该省北部。,Zhè zuò chéngshì wèiyú gāishěng běibù.,This city is in the northern part of the province.,北部的降雪比南部多。,Běibù de jiàngxuě bǐ nánbù duō.,The north receives more snow than the south.
1023,倍,bèi,double; to increase or multiply,量,量 m.w.,measure word,4,4,中国的人口比日本8倍多。,Zhōngguó de rénkǒu bǐ rìběn 8 bèi duō.,The population of China is 8 times that of Japan.,中国是日本的20倍大。,Zhōngguó shì rìběn de 20 bèi dà.,China is twenty times as large as Japan.,价钱是10年前的2倍。,Jiàqián shì 10 niánqián de 2 bèi.,Prices are double what they were ten years ago.
1024,本科,běnkē,undergraduate course; undergraduate (attributive),名,名 n.,noun,4,4,他在北京读本科。,Tā zài běijīng dú běnkē.,He is completing his undergraduate studies in Beijing.,完成本科以后，她想读研究生。,Wánchéng běnkē yǐhòu; tā xiǎng dú yánjiūshēng.,After finishing her undergraduate degree; she wants to attend graduate school.,这所大学的本科课程很丰富。,Zhè suǒ dàxué de běnkēkèchéng hěn fēngfù.,This university offers a wide range of undergraduate courses.
1025,本来,běnlái,originally; at first,形、副,形 adj.,adjective; adverb,4,4,我们本来应该留在家里的。,Wǒmen běnlái yīnggāi liúzài jiālǐ de.,We should've stayed at home.,我本来应该读一下这本书。,Wǒ běnlái yīnggāi dú yíxià zhè běnshū.,Of course I should read this book.,本来这间房间里没有家具。,Běnlái zhè jiān fángjiān lǐ méiyǒu jiājù.,The room originally had no furniture.
1026,笨,bèn,stupid; foolish,形,形 adj.,adjective,4,4,换句话说，你很笨。,Huànjùhuàshuō; nǐ hěn bèn.,In other words; you're stupid.,你这个人真是傻瓜一个，这么笨！,Nǐ zhège rén zhēnshì shǎguā yígè; zhème bèn!,You really are an idiot. You're so stupid!,汤姆绝不是笨。他只是懒而已。,Tāngmǔ juébú shì bèn. tā zhǐshì lǎn éryǐ.,Tom's definitely not stupid. He's just lazy.
1027,鼻子,bízi,nose,名,名 n.,noun,4,4,她大惊小怪地皱了皱鼻子。,Tā dàjīngxiǎoguài dì zhòu le zhòu bízi.,She squeamishly wrinkled her nose.,他的鼻子看起来像土豆。,Tā de bízi kànqǐlái xiàng tǔdòu.,His nose looks like a potato.,他的鼻子上长了一个小疙瘩。,Tā de bízi shàng zhǎng le yígè xiǎo gēda.,On his nose grew a small pimple.
1028,笔试,bǐshì,written examination; paper test (for an applicant),动,动 v.,verb,4,4,这次考试包括笔试和口试。,Zhècì kǎoshì bāokuò bǐshì hé kǒushì.,This exam includes a written test and an oral test.,笔试结束后还要参加面试。,Bǐshì jiéshù hòu háiyào cānjiā miànshì.,After the written exam; there is still an interview.,他在笔试中取得了好成绩。,Tā zài bǐshì zhōng qǔdé le hǎo chéngjì.,He earned a good score on the written test.
1029,毕业,bìyè,graduation; to graduate,动,动 v.,verb,4,4,我爸爸是哈佛大学毕业的。,Wǒ bàbà shì hāfúdàxué bìyè de.,My father graduated from Harvard University.,您是从哪个学校毕业的？,Nín shìcóng nǎge xuéxiào bìyè de?,From what school did you graduate?,你哪一年从学校毕业的？,Nǐ nǎyìnián cóng xuéxiào bìyè de?,What year did you finish from school?
1030,毕业生,bìyèshēng,graduate,名,名 n.,noun,4,4,很多毕业生正在找工作。,Hěnduō bìyèshēng zhèngzài zhǎo gōngzuò.,Many graduates are looking for work.,学校为毕业生举行了典礼。,Xuéxiào wèi bìyèshēng jǔxíng le diǎnlǐ.,The school held a ceremony for the graduates.,她是今年最优秀的毕业生之一。,Tā shì jīnnián zuì yōuxiù de bìyèshēng zhīyī.,She is one of this year’s most outstanding graduates.
1031,便于,biànyú,easy to; convenient for,动,动 v.,verb,4,4,这个表格便于大家填写。,Zhège biǎogé biànyú dàjiā tiánxiě.,This form is easy for everyone to complete.,说明写得很清楚，便于理解。,Shuōmíng xiě dé hěn qīngchǔ; biànyú lǐjiě.,The instructions are clearly written and easy to understand.,小包装便于旅行时携带。,Xiǎobāozhuāng biànyú lǚxíng shí xiédài.,Small packages are convenient to carry while traveling.
1032,标准,biāozhǔn,standard; norm,名、形,名 n.,noun; adjective,4,4,这不是标准的英式读法。,Zhè búshì biāozhǔn de yīngshì dúfǎ.,That's not standard English pronunciation.,我的丹麦语发音不是很标准。,Wǒ de dānmàiyǔ fāyīn búshì hěn biāozhǔn.,My Danish pronunciation is not very accurate.,你必须得学标准英语。,Nǐ bìxū dé xué biāozhǔn yīngyǔ.,You have to learn standard English.
1033,表,biǎo,exterior surface; a model,名、（动）,名 n.,noun; verb,4,4（7-9）,我把爸爸给我的表弄丢了。,Wǒ bǎ bàbà gěi wǒ de biǎo nòng diū le.,I lost the watch dad gave me.,我叔叔给了我这支表。,Wǒ shūshū gěi le wǒ zhè zhī biǎo.,My uncle gave me the watch.,让我们校对一下表吧。,Ràng wǒmen jiàoduì yíxià biǎo ba.,Let's synchronize our watches.
1034,表格,biǎogé,form; table,名,名 n.,noun,4,4,你能教我怎么填这份表格吗？,Nǐ néng jiào wǒ zěnme tián zhèfèn biǎogé ma?,Can you tell me how to fill in this form?,确保亲自填写注册表格。,Quèbǎo qīnzì tiánxiě zhùcè biǎogé.,Be sure to fill out the registration form in person.,您只需填写这个表格就可以了。,Nín zhǐ xū tiánxiě zhège biǎogé jiù kěyǐ le.,All you have to do is fill in this form.
1035,表示,biǎoshì,to express; to show,动,动 v.,verb,4,4,他对这个计划表示了兴趣。,Tā duì zhège jìhuà biǎoshì le xìngqù.,He showed interest in the plan.,居民们对噪音表示了不满。,Jūmín men duì zàoyīn biǎoshì le bùmǎn.,The residents expressed their dissatisfaction at the noise.,微笑并不一定表示高兴。,Wēixiào bìngbùyídìng biǎoshì gāoxìng.,Smiles do not always indicate pleasure.
1036,表现,biǎoxiàn,to show off; to display,动,动 v.,verb,4,4,他的工作表现得很不细心。,Tā de gōngzuò biǎoxiàn dé hěn bú xìxīn.,His work showed carelessness.,我想你表现我怎么做那个。,Wǒ xiǎng nǐ biǎoxiàn wǒ zěnme zuò nàge.,I want you to show me how to do that.,有时候成人表现得像儿童。,Yǒushíhòu chéngrén biǎoxiàn dé xiàng értóng.,Sometimes adults behave like children.
1037,表扬,biǎoyáng,to praise; to commend,动,动 v.,verb,4,4,老师表扬了进步最快的学生。,Lǎoshī biǎoyáng le jìnbù zuìkuài de xuéshēng.,The teacher praised the student who improved the fastest.,她因为工作认真受到表扬。,Tā yīnwèi gōngzuò rènzhēn shòudào biǎoyáng.,She was praised for working carefully.,孩子做得好时应该及时表扬。,Háizi zuòdéhǎo shí yīnggāi jíshí biǎoyáng.,Children should be praised promptly when they do well.
1038,饼干,bǐnggān,biscuit; cracker,名,名 n.,noun,4,4,我觉得我们需要更多饼干。,Wǒ juéde wǒmen xūyào gèng duō bǐnggān.,I think we need more biscuits.,你不可能吃完所有的饼干。,Nǐ bù kěnéng chī wán suǒyǒu de bǐnggān.,You cannot eat all the cookies.,所有饼干都是星星的形状。,Suǒyǒu bǐnggān dōu shì xīngxīng de xíngzhuàng.,All of the cookies are in the shape of stars.
1039,并,bìng,and; furthermore,动、副、连,动 v.,verb; adverb; conjunction,4,4,生活并不都是轻松愉快的。,Shēnghuó bìng bù dōu shì qīngsōngyúkuài de.,Life is not all fun and games.,我的新鞋子并不是很合脚。,Wǒ de xīn xiézi bìng búshì hěn héjiǎo.,My new shoes don't fit very well.,你的理论并没有科学根据。,Nǐ de lǐlùn bìng méiyǒu kēxué gēnjù.,Your theory has no scientific basis.
1040,并且,bìngqiě,and; besides,连,连 conj.,conjunction,4,4,我很惊讶，并且感到难过。,Wǒ hěn jīngyà; bìngqiě gǎndào nánguò.,I was surprised and became sad.,我一直这么认为并且坚持。,Wǒ yìzhí zhème rènwéi bìngqiě jiānchí.,I've always believed in and insisted on this.,他卖掉了他的事业并且退休。,Tā màidiào le tā de shìyè bìngqiě tuìxiū.,He sold his business and retired.
1041,播放,bōfàng,to broadcast; to transmit (by radio or TV),动,动 v.,verb,4,4,电视台正在播放新闻。,Diànshìtái zhèngzài bōfàng xīnwén.,The television station is broadcasting the news.,请播放下一段录音。,Qǐng bōfàng xià yíduàn lùyīn.,Please play the next recording.,这首歌已经播放了三次。,Zhè shǒugē yǐjīng bōfàng le sāncì.,This song has already been played three times.
1042,博士,bóshì,doctorate; PhD,名,名 n.,noun,4,4,预定在一点半与博士见面。,Yùdìng zài yìdiǎnbàn yǔ bóshì jiànmiàn.,I planned to meet the professor at 1:30.,我正在在波士顿读博士。,Wǒ zhèngzài zài bōshìdùn dú bóshì.,I'm in Boston going for my Ph.D. right now.,我可以把你介绍给强森博士吗?,Wǒ kěyǐ bǎ nǐ jièshào gěi qiáng sēn bóshì ma?,May I introduce you to Dr. Johnson?
1043,不必,búbì,need not; not necessarily,副,副 adv.,adverb,4,4,您现在不必购买任何东西。,Nín xiànzài búbì gòumǎi rènhé dōngxī.,You don't have to buy anything right now.,你不必什么都非得自己来。,Nǐ búbì shénme dōu fēiděi zìjǐ lái.,You shouldn't try to do everything by yourself.,蜡烛出去，而不必被扑灭。,Làzhú chūqù; ér búbì bèi pūmiè.,The candle went out instead of having been put out.
1044,不便,búbiàn,inconvenient; inappropriate,形、动,形 adj.,adjective; verb,4,4,现在说话不便，我晚点儿回你。,Xiànzài shuōhuà búbiàn; wǒ wǎn diǎnér huí nǐ.,It is not convenient to talk now; I will reply later.,腿受伤后，他行动不便。,Tuǐ shòushāng hòu; tā xíngdòngbúbiàn.,After injuring his leg; he had difficulty moving around.,如有不便，请提前告诉我们。,Rú yǒu búbiàn; qǐng tíqián gàosù wǒmen.,Please tell us in advance if this causes any inconvenience.
1045,不断,búduàn,unceasing; uninterrupted,动、副,动 v.,verb; adverb,4,4,她不断在房间里走来走去。,Tā búduàn zài fángjiān lǐ zǒuláizǒuqù.,She kept walking about the room.,不断前进，不断向上。,Búduànqiánjìn; búduàn xiàngshàng.,Onwards and upwards.,请不断给我们更新。,Qǐng búduàn gěi wǒmen gēngxīn.,Keep us updated.
1046,不够,búgòu,not enough; insufficient,动、副,动 v.,verb; adverb,4,4,绳子不够牢固，撑不住他。,Shéngzi búgòu láogù; chēngbúzhù tā.,The rope wasn't strong enough to support him.,死一千次也不够他应受的。,Sǐ yìqiāncì yě búgòu tā yīng shòu de.,A thousand deaths will still be less than he deserves.,一种语言是永远不够的。,Yìzhǒng yǔyán shì yǒngyuǎn búgòu de.,One language is never enough.
1047,不过,búguò,only; merely,连、（副）,连 conj.,conjunction; adverb,4,4（5）,不过是一个文字游戏罢了。,Búguò shì yígè wénzìyóuxì bàle.,It's just a pun.,他不过是个无名小卒而已。,Tā búguò shì gè wúmíngxiǎozú éryǐ.,He is just a Mr Nobody.,有是有的，不过远了一点。,Yǒu shì yǒu de; búguò yuǎn le yìdiǎn.,There is one; but it's a little far.
1048,不论,búlùn,whatever; no matter what,连,连 conj.,conjunction,4,4,不论他来或不来，我都会去。,Búlùn tā lái huò bù lái; wǒ dū huì qù.,Whether he comes or not; I'll go.,不论去哪，我都会迷路。,Búlùn qù nǎ; wǒ dū huì mílù.,Wherever I may go; I will get lost.,不论怎么样，雨一停我就走。,Búlùn zěnmeyàng; yǔ yì tíng wǒ jiù zǒu.,No matter what; I'm leaving when the rain stops.
1049,步,bù,a step; a pace,名,名 n.,noun,4,4,我们在公园里跑了步。,Wǒmen zài gōngyuán lǐ pǎo le bù.,We ran in the park.,我去公园散了步。,Wǒ qù gōngyuán sàn le bù.,I went for a walk in the park.,从出生的一刻开始，我们就在步向死亡。,Cóng chūshēng de yíkè kāishǐ; wǒmen jiù zài bù xiàng sǐwáng.,As soon as man is born; he begins to die.
1050,部,bù,ministry; department,名、量,名 n.,noun; measure word,4,4,他买了部不错的相机给我。,Tā mǎi le bù búcuò de xiàngjī gěi wǒ.,He bought me a nice camera.,你从来没看过那部电影吗？,Nǐ cónglái méi kànguò nà bù diànyǐng ma?,Have you never seen that movie?,我昨天看了部很棒的电影。,Wǒ zuótiān kàn le bù hěnbàng de diànyǐng.,I watched a great movie yesterday.
1051,不得不,bùdébù,cannot but; have to,副,副 adv.,adverb,4,4,他不得不打扫了他的房间。,Tā bùdébù dǎsǎo le tā de fángjiān.,He had to clean his room.,这些都是你不得不做的吗？,Zhèxiē dōu shì nǐ bùdébú zuò de ma?,Is that all you have to do?,衰老不得，智慧不得不得。,Shuāilǎo bùdé; zhìhuì bùdébù dé.,Don't get older; get wiser.
1052,部分,bùfen,part; share,名,名 n.,noun,4,4,他没说到关于他的那部分。,Tā méishuōdào guānyú tā de nà bùfèn.,He kept back the part about himself.,你来自加拿大哪个部分？,Nǐ láizì jiānádà nǎge bùfèn?,What part of Canada are you from?,他把苹果分成两部分。,Tā bǎ píngguǒ fēnchéng liǎng bùfèn.,He cut the apple in half.
1053,不管,bùguǎn,regardless of; no matter,连,连 conj.,conjunction,4,4,不管结果如何，他想要做。,Bùguǎn jiéguǒ rúhé; tā xiǎngyào zuò.,He wanted to do it; whatever the consequences.,我不管你说， 我恨你！,Wǒ bùguǎn nǐ shuō; wǒ hèn nǐ!,I don't care what you say; I hate you!,不管你做什么都要尽全力。,Bùguǎn nǐ zuò shénme dōu yào jìnquánlì.,No matter what you do you must always do it to the best of your ability.
1054,不光,bùguāng,not only; not the only one,副、连,副 adv.,adverb; conjunction,4,4,她不光会说中文，还会说日语。,Tā bùguānghuì shuō zhōngwén; hái huì shuō rìyǔ.,She not only speaks Chinese; but also Japanese.,这份工作不光需要经验，也需要耐心。,Zhèfèn gōngzuò bùguāng xūyào jīngyàn; yě xūyào nàixīn.,This job requires not only experience but also patience.,不光学生喜欢这门课，老师也喜欢。,Bùguāng xuéshēng xǐhuān zhè mén kè; lǎoshī yě xǐhuān.,Not only the students but also the teachers like this course.
1055,不仅,bùjǐn,not just; not limited to,连,连 conj.,conjunction,4,4,他不仅有学识还有经验。,Tā bùjǐn yǒu xuéshí háiyǒu jīngyàn.,He has not only learning but experience.,不仅他们，连我也被老师罚了。,Bùjǐn tāmen; lián wǒ yě bèi lǎoshī fá le.,Not only they but also I was scolded by the teacher.,她不仅擅长跑步，也擅长唱歌。,Tā bùjǐn shàncháng pǎobù; yě shàncháng chànggē.,She is not only good at running; she is also good at singing.
1056,不满,bùmǎn,resentful; discontented,形,形 adj.,adjective,4,4,居民们对噪音表示了不满。,Jūmín men duì zàoyīn biǎoshì le bùmǎn.,The residents expressed their dissatisfaction at the noise.,民间运动表达了民间的不满。,Mínjiān yùndòng biǎodá le mínjiān de bùmǎn.,Popular movements express popular displeasure.,她的言论引起了舆论的不满。,Tā de yánlùn yǐnqǐ le yúlùn de bùmǎn.,Her remarks caused dissatisfaction in the public.
1057,部门,bùmén,department; branch,名,名 n.,noun,4,4,在我的部门里有七男四女。,Zài wǒ de bùmén lǐ yǒu qī nán sì nǚ.,There are seven men and four women in my section.,那两个部门有时候意见相左。,Nà liǎnggè bùmén yǒushíhòu yìjiàn xiāngzuǒ.,Those two departments are sometimes at odds with each other.,他是我部门的主管。,Tā shì wǒ bùmén de zhǔguǎn.,He is the chief of my department.
1058,不如,bùrú,not equal to; inferior to,动,动 v.,verb,4,4,金窝银窝不如自己的狗窝。,Jīnwōyín wō bùrú zìjǐ de gǒuwō.,There is no place like home.,对我来说，质量不如数量。,Duì wǒ láishuō; zhìliàng bùrú shùliàng.,I put quantity after quality.,我们不如唱那首英语歌吧！,Wǒmen bùrú chàng nà shǒu yīngyǔgē ba!,I think we'd better sing that English song!
1059,擦,cā,to rub; to scratch,动,动 v.,verb,4,4,把架子上的灰尘擦一下。,Bǎ jiàzi shàng de huīchén cā yíxià.,Clean the dust off the shelf.,他擦去了脸上的汗水。,Tā cā qù le liǎnshàng de hànshuǐ.,He wiped the sweat from his face.,我在擦鞋垫下面发现了这把钥匙。,Wǒ zài cā xiédiàn xiàmiàn fāxiàn le zhè bǎ yàoshi.,I found the key underneath the mat.
1060,猜,cāi,to guess,动,动 v.,verb,4,4,没有人能猜得准她的年龄。,Méiyǒu rén néng cāi dé zhǔn tā de niánlíng.,Nobody can guess her age.,你们能猜到我有什么吗？,Nǐmen néng cāi dào wǒ yǒu shénme ma?,Can you guess what I have?,我猜这是我们的运气坏。,Wǒ cāi zhè shì wǒmen de yùnqì huài.,I guess it was our bad luck.
1061,材料,cáiliào,data; (raw) material,名,名 n.,noun,4,4,我们从马来西亚得到材料。,Wǒmen cóng mǎláixīyà dédào cáiliào.,We get the materials from Malaysia.,这外套是什么材料作的？,Zhè wàitào shì shénme cáiliào zuò de?,What stuff is this jacket made of?,我们把所有的材料放在一起。,Wǒmen bǎ suǒyǒu de cáiliào fàngzài yìqǐ.,We got all the materials together.
1062,参观,cānguān,to look around; to tour,动,动 v.,verb,4,4,卡罗上个月参观了波士顿。,Kǎluó shànggèyuè cānguān le bōshìdùn.,Carol visited Boston last month.,让我们明天参观一些寺庙。,Ràng wǒmen míngtiān cānguān yìxiē sìmiào.,Let's visit some temples tomorrow.,卡罗下个月将参观迈阿密。,Kǎluó xiàgèyuè jiāng cānguān màiāmì.,Carol will visit Miami next month.
1063,参赛,cānsài,to compete; to take part in a competition,动,动 v.,verb,4,4,共有二十支队伍参赛。,Gòngyǒu èrshízhī duìwǔ cānsài.,Twenty teams are taking part in the competition.,他第一次参赛就获得了第二名。,Tā dìyīcì cānsài jiù huòdé le dìèrmíng.,He won second place the first time he competed.,所有参赛选手必须按时报到。,Suǒyǒu cānsàixuǎnshǒu bìxū àn shíbào dào.,All contestants must check in on time.
1064,餐厅,cāntīng,dining hall; dining room,名,名 n.,noun,4,4,我们去了一家餐厅吃晚饭。,Wǒmen qù le yìjiā cāntīng chīwǎnfàn.,We went to a restaurant for dinner.,它一定是一家很贵的餐厅。,Tā yídìng shì yìjiā hěn guì de cāntīng.,It must be a very expensive restaurant!,这家餐厅提供纯素食菜吗？,Zhèjiā cāntīng tígōng chún sùshí cài ma?,Does this restaurant serve vegan dishes?
1065,操场,cāochǎng,playground; sports field,名,名 n.,noun,4,4,学生们正在操场上跑步。,Xuéshēng men zhèngzài cāochǎngshàng pǎobù.,The students are running on the sports field.,下课后我们去操场打球。,Xiàkèhòu wǒmen qù cāochǎng dǎqiú.,After class; we will go play ball on the sports field.,学校新建了一个很大的操场。,Xuéxiào xīnjiàn le yígè hěndà de cāochǎng.,The school built a large new sports field.
1066,厕所,cèsuǒ,toilet; lavatory,名,名 n.,noun,4,4,我能用一下你们的厕所吗？,Wǒ néng yòng yíxià nǐmen de cèsuǒ ma?,May I use your toilet?,请问这儿附近有没有厕所？,Qǐngwèn zhèér fùjìn yǒuméiyǒu cèsuǒ?,Excuse me; is there a toilet nearby?,梅纳德不能自己去上厕所。,Méinàdé bùnéngzìjǐ qù shàng cèsuǒ.,Mennad couldn't go to the toilet by himself.
1067,查看,chákàn,to look over; to examine,动,动 v.,verb,4,4,人们必须查看硬币的正反面。,Rénmen bìxū chákàn yìngbì de zhèngfǎnmiàn.,People must examine the front and back of a coin.,我可能会线上查看优惠与折扣。,Wǒ kěnéng huì xiàn shàng chákàn yōuhuì yǔ zhékòu.,I might check for sales or discounts online.,萨米查看了地方。,Sàmǐ chákàn le dìfāng.,Sami checked the place.
1068,茶叶,cháyè,tea; tea leaves,名,名 n.,noun,4,4,我们从印度进口茶叶。,Wǒmen cóng yìndù jìnkǒu cháyè.,We import tea from India.,茶叶是从中国传入的。,Cháyè shìcóng zhōngguó chuánrù de.,Tea was introduced from China.,这是一种再加工茶叶。,Zhè shì yìzhǒng zài jiāgōng cháyè.,This is a type of reprocessed tea.
1069,查找,cházhǎo,to search for; to look up,动,动 v.,verb,4,4,我正在网上查找资料。,Wǒ zhèngzài wǎngshàng cházhǎo zīliào.,I am searching for information online.,请帮我查找这个文件。,Qǐng bāng wǒ cházhǎo zhège wénjiàn.,Please help me find this file.,遇到生词时可以查找词典。,Yùdào shēngcí shí kěyǐ cházhǎo cídiǎn.,You can consult a dictionary when you encounter a new word.
1070,差点儿,chàdiǎnr,almost; nearly,形、副,形 adj.,adjective; adverb,4,4,我差点儿忘了带护照。,Wǒ chàdiǎnr wàng le dài hùzhào.,I almost forgot to bring my passport.,路上堵车，我们差点儿迟到。,Lùshang dǔchē; wǒmen chàdiǎnr chídào.,Traffic was heavy; and we were almost late.,他差点儿把杯子打破。,Tā chàdiǎnr bǎ bēizi dǎpò.,He almost broke the cup.
1071,产生,chǎnshēng,to arise; to come about,动,动 v.,verb,4,4,事故由一个简单的错误产生。,Shìgù yóu yígè jiǎndān de cuòwù chǎnshēng.,The accident arose from a simple mistake.,有些药品会对身体产生危害。,Yǒuxiē yàopǐn huì duì shēntǐ chǎnshēng wēihài.,Some medicines can be harmful to the body.,攀比心理会让人产生负面情绪。,Pānbǐ xīnlǐ huì ràng rén chǎnshēng fùmiàn qíngxù.,Having a competitive mentality can give rise to negative emotions.
1072,厂,chǎng,occurring in 原; factory,名,名 n.,noun,4,4,他在一家汽车厂工作。,Tā zài yìjiā qìchēchǎng gōngzuò.,He works at a car factory.,这座厂有很多工人。,Zhè zuò chǎng yǒu hěnduō gōngrén.,This factory has many workers.,工厂离市中心很远。,Gōngchǎng lí shìzhōngxīn hěn yuǎn.,The factory is far from the city center.
1073,场,chǎng,threshing floor; stage,量,量 m.w.,measure word,4,4,人生只不过是场梦罢了。,Rénshēng zhǐbúguò shì chǎng mèng bàle.,Life is only a dream.,你我之间需要来场谈话。,Nǐ wǒ zhījiān xūyào lái chǎng tánhuà.,You and I need to have a talk.,让我们中途下车看场电影吧。,Ràng wǒmen zhōngtúxiàchē kàn chǎng diànyǐngba.,Let's stop off and see a movie.
1074,超过,chāoguò,to surpass; to exceed,动,动 v.,verb,4,4,超过二十个男孩去了那里。,Chāoguò èrshígè nánhái qù le nàlǐ.,More than twenty boys went there.,它没有超过十二个孩子少。,Tā méiyǒu chāoguò shíèrgè háizi shǎo.,She has no more than twelve puppies.,我已经走了超过四个小时。,Wǒ yǐjīng zǒu le chāoguò sìgè xiǎoshí.,I have been walking for over four hours.
1075,车速,chēsù,vehicle speed,名,名 n.,noun,4,4,雨天开车要降低车速。,Yǔtiān kāichē yào jiàngdī chēsù.,You should reduce your driving speed on rainy days.,这条路的最高车速是每小时八十公里。,Zhè tiáo lù de zuìgāo chēsù shì měi xiǎoshí bāshí gōnglǐ.,The maximum speed on this road is eighty kilometers per hour.,交警提醒司机注意车速。,Jiāojǐng tíxǐng sījī zhùyì chēsù.,The traffic police reminded drivers to watch their speed.
1076,车位,chēwèi,parking spot; unloading point,名,名 n.,noun,4,4,这附近很难找到车位。,Zhè fùjìn hěn nán zhǎodào chēwèi.,It is difficult to find a parking space nearby.,这个车位是给客人用的。,Zhège chēwèi shì gěi kèrén yòng de.,This parking space is for guests.,请不要把车停在我的车位上。,Qǐng búyào bǎ chē tíng zài wǒ de chēwèi shàng.,Please do not park in my space.
1077,城,chéng,city walls; city,名,名 n.,noun,4,4,这座城犹太教堂不怎么多。,Zhè zuò chéng yóutàijiào táng bùzěnme duō.,There aren't that many synagogues in this city.,凤凰城是亚利桑那州的首府。,Fènghuáng chéng shì yàlìsāngnàzhōu de shǒufǔ.,Phoenix is the capital of Arizona.,我住在格罗宁根城。,Wǒ zhù zài géluónínggēn chéng.,I live in Groningen city.
1078,乘,chéng,to ride; take (a vehicle),动,动 v.,verb,4,4,我们乘地铁去市中心。,Wǒmen chéng dìtiě qù shìzhōngxīn.,We took the subway to the city center.,明天我想乘高铁去上海。,Míngtiān wǒ xiǎng chéng gāotiě qù shànghǎi.,Tomorrow I want to take the high-speed train to Shanghai.,乘公交车比打车便宜。,Chéng gōngjiāochē bǐ dǎchē piányi.,Taking the bus is cheaper than taking a taxi.
1079,成功,chénggōng,southeast Taiwan; success,动、形,动 v.,verb; adjective,4,4,我成功地得到了我想要的。,Wǒ chénggōng dì dédào le wǒ xiǎngyào de.,I succeeded in getting what I wanted.,他把他的成功归功于好运。,Tā bǎ tā de chénggōng guīgōngyú hǎoyùn.,He attributed his success to good luck.,他将他的成功归功于好运。,Tā jiāng tā de chénggōng guīgōngyú hǎoyùn.,He attributes his success to good luck.
1080,乘客,chéngkè,passenger,名,名 n.,noun,4,4,这辆计程车载了两名乘客。,Zhèliàng jìchéngchē zài le liǎngmíng chéngkè.,The taxi picked up two passengers.,98名乘客只有3人生还。,98 Míng chéngkè zhǐyǒu 3 rénshēng huán.,Only 3 out of the 98 passengers survived.,并非所有的乘客都免于受伤。,Bìngfēi suǒyǒu de chéngkè dōu miǎnyú shòushāng.,Not all of the passengers escaped injury.
1081,诚实,chéngshí,honest,形,形 adj.,adjective,4,4,诚实是他成功的主要原因。,Chéngshí shì tā chénggōng de zhǔyào yuányīn.,Honesty is the primary reason for his success.,我认为她是一个诚实的女人。,Wǒ rènwéi tā shì yígè chéngshí de nǚrén.,I think she's an honest woman.,据我所知，他是个诚实的人。,Jùwǒsuǒzhī; tā shì gè chéngshí de rén.,As far as I know; he is honest.
1082,成为,chéngwéi,to become; to turn into,动,动 v.,verb,4,4,爱你自己，成为纯素食者！,Ài nǐ zìjǐ; chéngwéi chún sùshízhě!,Love yourself. Go vegan!,我会使你成为一个男子汉。,Wǒhuì shǐ nǐ chéngwéi yígè nánzihàn.,I will make a man of you.,他会成为一个好的医生的。,Tā huì chéngwéi yígè hǎo de yīshēng de.,He will be a good doctor.
1083,乘坐,chéngzuò,to ride (in a vehicle),动,动 v.,verb,4,4,在9号站台乘坐快车。,Zài 9 hào zhàntái chéngzuò kuàichē.,Take the express train from platform 9.,我喜欢乘坐火车。,Wǒ xǐhuān chéngzuò huǒchē.,I like to ride on trains.,我从来没乘坐船。,Wǒ cónglái méi chéngzuò chuán.,I've never been on a ship.
1084,吃惊,chījīng,to be startled; to be shocked,动,动 v.,verb,4,4,你流利的英语让我很吃惊。,Nǐ liúlì de yīngyǔ ràng wǒ hěn chījīng.,I'm amazed at your fluency in English.,我听到这个消息很吃惊。,Wǒ tīngdào zhège xiāoxī hěn chījīng.,I was surprised at the news.,他的记忆力总让我吃惊。,Tā de jìyìlì zǒng ràng wǒ chījīng.,His memory never ceases to astonish me.
1085,迟,chí,late; delayed,形,形 adj.,adjective,4,4,跟往常一样，他来迟了。,Gēn wǎngcháng yíyàng; tā lái chí le.,He was late as usual.,你的租金迟交了一个月。,Nǐ de zūjīn chí jiāo le yígèyuè.,You're a month behind in your rent.,我很抱歉这么迟才回复。,Wǒ hěn bàoqiàn zhème chí cái huífù.,I'm sorry for the delay in responding.
1086,重,chóng,to repeat; repetition,副、（动）,副 adv.,adverb; verb,4,4（5）,这封信有错误，请重写一遍。,Zhè fēng xìn yǒu cuòwù; qǐng chóngxiě yí biàn.,This letter has errors; please rewrite it.,老师让他重读这段课文。,Lǎoshī ràng tā chóngdú zhè duàn kèwén.,The teacher asked him to reread this passage.,这个问题需要重新考虑。,Zhège wèntí xūyào chóngxīn kǎolǜ.,This issue needs to be reconsidered.
1087,重新,chóngxīn,again; once more,副,副 adv.,adverb,4,4,您可以给我重新做一遍吗？,Nín kěyǐ gěi wǒ chóngxīn zuò yíbiàn ma?,Can you re-do it for me?,窗帘和地毯都重新换过了。,Chuānglián hé dìtǎn dōu chóngxīn huàn guò le.,Curtains and carpets were renewed.,裁缝师要帮我重新修裤脚。,Cáiféngshī yào bāng wǒ chóngxīn xiū kùjiǎo.,The tailor is going to redo the hem of my pants.
1088,出差,chūchāi,to go on an official or business trip,动,动 v.,verb,4,4,你去国外是玩儿还是出差？,Nǐ qù guówài shì wánér háishì chūchāi?,Did you go abroad for pleasure or on business?,我爸爸经常去美国出差。,Wǒ bàbà jīngcháng qù měiguó chūchāi.,My father often goes to America on business.,他因公出差到名古屋。,Tā yīngōng chūchāi dào mínggǔwū.,He's gone to Nagoya on business.
1089,出口,chūkǒu,an exit; to speak,名、（动）,名 n.,noun; verb,4,4（5）,台湾是出口导向的经济体。,Táiwān shì chūkǒu dǎoxiàng de jīngjìtǐ.,Taiwan is an export-oriented economy.,魏公村地铁站有3个出口。,Wèigōngcūn dìtiězhàn yǒu 3 gè chūkǒu.,Weigongcun subway station has three exits.,告示牌上写著「出口」。,Gàoshìpái shàng xiě zhù 「 chūkǒu 」.,"The sign says ""Exit."""
1090,出现,chūxiàn,to appear; to arise,动,动 v.,verb,4,4,一个男的突然出现在门口。,Yígè nán de tūrán chūxiàn zài ménkǒu.,A man suddenly appeared in the doorway.,街角出现了一辆大面包车。,Jiējiǎo chūxiàn le yíliàng dà miànbāochē.,A big van appeared on the street corner.,比尔没有在派对上出现。,Bǐěr méiyǒu zài pàiduì shàng chūxiàn.,Bill didn't turn up at the party.
1091,出行,chūxíng,to go out somewhere (relatively short trip); to set off on a journey (longer trip),动,动 v.,verb,4,4,我天天坐地铁出行。,Wǒ tiāntiān zuòdìtiě chūxíng.,I travel on the subway every day.,他喜欢骑马出行。,Tā xǐhuān qímǎ chūxíng.,He likes to get on the horse and go out.,伦敦是个大城市，游客必须乘公交或地铁才能出行。,Lúndūn shì gè dàchéngshì; yóukè bìxū chéng gōngjiāo huò dìtiě cáinéng chūxíng.,London is such a large city that visitors must use buses and the underground railway to get about.
1092,出租,chūzū,to rent,动,动 v.,verb,4,4,我在找一间出租的房间。,Wǒ zài zhǎo yìjiān chūzū de fángjiān.,I'm looking for a room for rent.,他把他的房子出租二十年了。,Tā bǎ tā de fángzi chūzū èrshínián le.,He rented his house for 20 years.,这是一栋只出租不出售的房子。,Zhè shì yídòng zhǐ chūzū bù chūshòu de fángzi.,This is a house to let; not to be sold.
1093,厨房,chúfáng,kitchen,名,名 n.,noun,4,4,我的母亲在厨房里正忙著。,Wǒ de mǔqīn zài chúfáng lǐ zhèng máng zhù.,My mother is busy in the kitchen.,厨房里缺少一台洗碗机。,Chúfáng lǐ quēshǎo yìtái xǐwǎnjī.,The kitchen lacks a dishwasher.,凯特在厨房里做的作业。,Kǎitè zài chúfáng lǐ zuò de zuòyè.,Kate did her homework in the kitchen.
1094,厨师,chúshī,cook; chef,名,名 n.,noun,4,4,我们有一位非常好的厨师。,Wǒmen yǒu yíwèi fēicháng hǎo de chúshī.,We have a really good cook.,我妈妈是一个很棒的厨师。,Wǒ māmā shì yígè hěnbàng de chúshī.,My mother is a very good cook.,伍德太太是个非常棒的厨师。,Wǔ dé tàitài shì gè fēicháng bàng de chúshī.,Mrs. Wood was a very good cook.
1095,窗,chuāng,window,名,名 n.,noun,4,4,可以麻烦你把窗关了吗？,Kěyǐ máfán nǐ bǎ chuāng guān le ma?,May I trouble you to shut the window?,我把六扇窗都关上了。,Wǒ bǎ liùshàn chuāng dōu guānshàng le.,I've shut all six windows.,能不能请你把窗关了?,Néng bùnéng qǐng nǐ bǎ chuāng guān le?,Would you please shut the window?
1096,窗户,chuānghu,window,名,名 n.,noun,4,4,我的房间里只有一个窗户。,Wǒ de fángjiān lǐ zhǐyǒu yígè chuānghù.,There's only one window in my room.,他就是昨天打破窗户的人。,Tā jiùshì zuótiān dǎpò chuānghù de rén.,He was the man that broke the window yesterday.,请您把窗户关起来好吗？,Qǐng nín bǎ chuānghù guān qǐlái hǎo ma?,Would you close the window?
1097,吹,chuī,to blow; to blast,动,动 v.,verb,4,4,有一阵从北边吹来的冷风。,Yǒu yízhèn cóng běibiān chuī lái de lěngfēng.,There was a cold wind blowing from the north.,是什么风把你吹来了啊？,Shì shénme fēng bǎ nǐ chuī lái le a?,What has brought you here?,爸爸可以吹出很多烟圈。,Bàbà kěyǐ chuī chū hěnduō yānquān.,Dad can blow many smoke rings.
1098,词语,cíyǔ,term; expression,名,名 n.,noun,4,4,只可惜那些美妙的词语并非出于我手。,Zhǐ kěxī nàxiē měimiào de cíyǔ bìngfēi chūyú wǒ shǒu.,Unfortunately those beautiful words are not my own.,“旗袍”这个词语在中国北方广为使用。,“Qípáo” zhège cíyǔ zài zhōngguó běifāng guǎngwèi shǐyòng.,"The term ""qipao"" is widely used in Northern China.",用疑问代词表任指格式改写下面的句子，根据需要可以增加或者减少一些词语。,Yòng yíwèn dàicí biǎo rèn zhǐ géshì gǎixiě xiàmiàn de jùzi; gēnjù xūyào kěyǐ zēngjiā huòzhě jiǎnshǎo yìxiē cíyǔ.,Use interrogative pronouns to rewrite the sentences below; if you need to; you can add or remove a few words.
1099,此,cǐ,this; these,代,代 pron.,pronoun,4,4,此提议好得令人难以拒绝。,Cǐ tíyì hǎo dé lìngrén nányǐ jùjué.,The offer is too good to be turned down.,我们没有人满意此系统。,Wǒmen méiyǒu rén mǎnyì cǐ xìtǒng.,Not all of us were satisfied with the system.,此输入法也适用于这个版本。,Cǐ shūrùfǎ yě shìyòng yú zhège bǎnběn.,The input method also works with this version.
1100,此次,cǐcì,this time,代,代 pron.,pronoun,4,4,此次活动共有一百人参加。,Cǐcì huódòng gòngyǒu yìbǎi rén shēnjiā.,One hundred people took part in this event.,感谢大家对此次比赛的支持。,Gǎnxiè dàjiā duì cǐcì bǐsài de zhīchí.,Thank you all for supporting this competition.,此次旅行给我留下了深刻印象。,Cǐcì lǚxíng gěi wǒ liúxià le shēnkèyìnxiàng.,This trip left a deep impression on me.
1101,此外,cǐwài,besides; in addition,连,连 conj.,conjunction,4,4,此外，中国人喜欢睡午觉。,Cǐwài; zhōngguó rén xǐhuān shuìwǔjiào.,What's more; Chinese people like taking naps.,此外，她有艺术家天赋。,Cǐwài; tā yǒu yìshùjiā tiānfù.,In addition; she has an artistic flair.,此外，我能飞。,Cǐwài; wǒ néng fēi.,Moreover; I can fly.
1102,从此,cóngcǐ,from now on; since then,副,副 adv.,adverb,4,4,从此，咖啡的价格翻倍。,Cóngcǐ; kāfēi de jiàgé fānbèi.,The price of coffee has doubled since then.,从此起我们为您的安全负责。,Cóngcǐ qǐ wǒmen wèi nín de ānquán fùzé.,We are responsible for your protection from now on.,她从此就留在国外了。,Tā cóngcǐ jiù liúzài guówài le.,She has remained abroad ever since.
1103,从来,cónglái,always; at all times,副,副 adv.,adverb,4,4,我母亲从来没有惩罚过我。,Wǒ mǔqīn cónglái méiyǒu chéngfá guò wǒ.,My mother never punishes me.,我从来没有亲自去过那里。,Wǒ cónglái méiyǒu qīnzì qùguò nàlǐ.,I have never been there myself.,你从来没看过那部电影吗？,Nǐ cónglái méi kànguò nà bù diànyǐng ma?,Have you never seen that movie?
1104,从中,cóngzhōng,from within; therefrom,副,副 adv.,adverb,4,4,从中选择一人。,Cóngzhōng xuǎnzé yì rén.,Choose one person.,不要沉迷于过去，而是要从中吸取教训。,Búyào chénmíyú guòqù; érshì yào cóngzhōng xīqǔjiàoxùn.,Never live in the past but always learn from it.,这本书不管读多少次，我都能从中有新发现。,Zhè běnshū bùguǎn dú duōshǎo cì; wǒ dōu néng cóngzhōng yǒu xīn fāxiàn.,No matter how many times I read this book I discover something new.
1105,粗,cū,coarse; rough,形,形 adj.,adjective,4,4,这条绳子太粗了。,Zhè tiáo shéngzi tàicū le.,This rope is too thick.,这种纸的表面比较粗。,Zhèzhǒng zhǐ de biǎomiàn bǐjiào cū.,The surface of this paper is rather rough.,他把木头粗粗地切成了几段。,Tā bǎ mùtou cūcū dì qièchéng le jǐduàn.,He cut the wood roughly into several sections.
1106,粗心,cūxīn,careless; thoughtless,形,形 adj.,adjective,4,4,那事故是他的粗心导致的。,Nà shìgù shì tā de cūxīn dǎozhì de.,That accident was due to his carelessness.,她犯这样的错真的很粗心。,Tā fàn zhèyàng de cuò zhēnde hěn cūxīn.,It is careless of her to make such a mistake.,她为自己的粗心感到羞耻。,Tā wèi zìjǐ de cūxīn gǎndào xiūchǐ.,She was ashamed of herself for her carelessness.
1107,村,cūn,village,名,名 n.,noun,4,4,让我介绍你认识村田先生。,Ràng wǒ jièshào nǐ rènshí cūn tián xiānshēng.,Let me introduce you to Mr. Murata.,这座村没有空气污染。,Zhè zuò cūn méiyǒu kòngqìwūrǎn.,This village is free from air pollution.,藤村和白秋这样的诗人太少了。,Téng cūn hé bái qiū zhèyàng de shīrén tài shǎo le.,Such poets as Toson and Hakushu are rare.
1108,存,cún,to exist; to deposit,动,动 v.,verb,4,4,他把赚到的钱都存了起来。,Tā bǎ zhuàn dào de qián dōu cún le qǐlái.,He saves what he earns.,先生，我要存钱，怎么存？,Xiānshēng; wǒ yào cúnqián; zěnme cún?,Sir; I would like to deposit my money. How do I do that?,有些人不喜欢把钱存银行。,Yǒuxiē rén bù xǐhuān bǎ qián cún yínháng.,Some people do not like to deposit their money in banks.
1109,错过,cuòguò,to miss,动,动 v.,verb,4,4,他错过了7点30分的车。,Tā cuòguò le 7 diǎn 30 fēn de chē.,He was late for the 7:30 bus.,我今天早上错过了公交车。,Wǒ jīntiān zǎoshàng cuòguò le gōngjiāochē.,I missed my bus this morning.,他一定是错过了这班火车。,Tā yídìng shì cuòguò le zhè bān huǒchē.,He must have missed the train.
1110,错误,cuòwù,mistaken; false,形、名,形 adj.,adjective; noun,4,4,我为自己的错误自怨自艾。,Wǒ wèi zìjǐ de cuòwù zìyuànzìyì.,I hate myself for my mistakes.,不要把这个错误归咎于她。,Búyào bǎ zhège cuòwù guījiùyú tā.,Don't blame the mistake on her.,他必定会觉察到你的错误。,Tā bìdìnghuì juéchádào nǐ de cuòwù.,He's bound to notice your mistake.
1111,答应,dāying,to answer positively; to respond,动,动 v.,verb,4,4,你答应过，会照顾他们的。,Nǐ dāyìng guò; huì zhàogù tāmen de.,You promised to take care of them.,我答应了弟弟教他做功课。,Wǒ dāyìng le dìdi jiào tā zuò gōngkè.,I promised to help my brother with his homework.,他答应会来，但并没有。,Tā dāyìng huì lái; dàn bìng méiyǒu.,He promised to come; and didn't.
1112,答,dá,used in 答应; to answer,动,动 v.,verb,4,4,你本来能答上那个问题。,Nǐ běnlái néng dá shàng nàge wèntí.,You could've answered that question.,我不知道该怎么答他。,Wǒ bù zhīdào gāi zěnme dá tā.,I didn't know how to answer his question.,汤姆考试时没时间答完所有题。,Tāngmǔ kǎoshì shí méi shíjiān dá wán suǒyǒu tí.,Tom didn't have enough time to answer all the questions on the test.
1113,答案,dá’àn,answer; solution,名,名 n.,noun,4,4,我只想要一个明确的答案。,Wǒ zhǐ xiǎngyào yígè míngquè de dáàn.,I just want a clear answer.,看看我的答案是不是对的。,Kànkàn wǒ de dáàn shìbúshì duì de.,See if my answer is correct.,他的答案取决于他的心情。,Tā de dáàn qǔjuéyú tā de xīnqíng.,His answer depends on his mood.
1114,达到,dádào,to reach; to achieve,动,动 v.,verb,4,4,他终于达到了自己的目标。,Tā zhōngyú dádào le zìjǐ de mùbiāo.,Finally; he attained his goal.,你达到 60 公斤重了吗？,Nǐ dádào 60 gōngjīn zhòng le ma?,Are you over 60 kilograms?,总金额达到了两万日元。,Zǒngjīné dádào le liǎng wànrìyuán.,The sum came to over 20;000 yen.
1115,打招呼,dǎzhāohu,to give prior notice; to greet someone by word or action,动,动 v.,verb,4,4,她面带微笑向我们打招呼。,Tā miàndàiwēixiào xiàng wǒmen dǎzhāohū.,She greeted us with a smile.,他们面带微笑向我打招呼。,Tāmen miàndàiwēixiào xiàng wǒ dǎzhāohū.,They greeted me with a smile.,那女孩跟我微笑打招呼。,Nà nǚhái gēn wǒ wēixiào dǎzhāohū.,That girl smiled and waved to me.
1116,打败,dǎbài,to defeat; to overpower,动,动 v.,verb,4,4,他永远不会打败我的。,Tā yǒngyuǎn búhuì dǎbài wǒ de.,He'll never beat me.,侵略者注定要被打败。,Qīnlüèzhě zhùdìng yào bèi dǎbài.,The aggressors are bound to be defeated.,每个队都无一例外地被打败了。,Měigè duì dōu wúyílìwài dìbèi dǎbài le.,Every team; without exception; was defeated.
1117,打工,dǎgōng,to work; do temporary work,动,动 v.,verb,4,4,大学期间，他周末在餐厅打工。,Dàxué qījiān; tā zhōumò zài cāntīng dǎgōng.,During university; he worked part-time at a restaurant on weekends.,我想暑假打工赚点儿钱。,Wǒ xiǎng shǔjià dǎgōng zhuàn diǎnér qián.,I want to work during summer vacation to earn some money.,她一边上学，一边打工。,Tā yìbiān shàngxué; yìbiān dǎgōng.,She studies while also working part-time.
1118,打扰,dǎrǎo,to disturb; to bother,动,动 v.,verb,4,4,我学习的时候不要打扰我。,Wǒ xuéxí de shíhòu búyào dǎrǎo wǒ.,Don't disturb me while I'm studying.,很抱歉在这个时间打扰您。,Hěn bàoqiàn zài zhège shíjiān dǎrǎo nín.,I am sorry to bother you at this time.,加布里埃尔打扰了莉玛。,Jiābùlǐāiěr dǎrǎo le lì mǎ.,Gabriel disturbed Rima.
1119,打印,dǎyìn,to stamp; to affix a seal,动,动 v.,verb,4,4,请把这份合同打印两份。,Qǐng bǎ zhèfèn hétóng dǎyìn liǎngfèn.,Please print two copies of this contract.,打印机坏了，暂时不能打印。,Dǎyìnjī huài le; zànshí bùnéng dǎyìn.,The printer is broken; so we cannot print for now.,我已经把机票打印出来了。,Wǒ yǐjīng bǎ jīpiào dǎyìn chūlái le.,I have already printed the plane ticket.
1120,打印机,dǎyìnjī,printer,名,名 n.,noun,4,4,我昨天买了这个打印机。,Wǒ zuótiān mǎi le zhège dǎyìnjī.,I bought this printer yesterday.,你有打印机吗？,Nǐ yǒu dǎyìnjī ma?,Do you have a printer?,请把打印机里面的空的墨粉鼓换掉。,Qǐng bǎ dǎyìnjī lǐmiàn de kōng de mòfěn gǔ huàndiào.,Please replace the empty ink cartridge in the printer.
1121,打折,dǎzhé,to give a discount,动,动 v.,verb,4,4,你能不能给我打折？,Nǐ néng bùnéng gěi wǒ dǎzhé?,Can you give me a discount?,毛皮大衣在打折。,Máo pídàyī zài dǎzhé.,Fur coats are on sale.,价钱可以打折吗？,Jiàqián kěyǐ dǎzhé ma?,Can the price be discounted?
1122,打针,dǎzhēn,to give or have an injection,动,动 v.,verb,4,4,孩子有点儿害怕打针。,Háizi yǒudiǎnér hàipà dǎzhēn.,The child is a little afraid of injections.,护士正在给病人打针。,Hùshì zhèngzài gěi bìngrén dǎzhēn.,The nurse is giving the patient an injection.,打针以后，胳膊有点儿痛。,Dǎzhēn yǐhòu; gēbó yǒudiǎnér tòng.,My arm hurt a little after the injection.
1123,大巴,dàbā,coach; (coll.) large bus,名,名 n.,noun,4,4,乘机场大巴去机场要多久？,Chéng jīchǎng dàbā qù jīchǎng yào duōjiǔ?,How long does the airport bus take to the airport?,机场大巴从哪里出发？,Jīchǎng dàbā cóng nǎlǐ chūfā?,Where do the airport buses leave from?,我上了大巴。,Wǒ shàng le dàbā.,I boarded the bus.
1124,大大,dàdà,greatly; enormously,副,副 adv.,adverb,4,4,新方法大大提高了效率。,Xīn fāngfǎ dàdàtígāo le xiàolǜ.,The new method greatly improved efficiency.,这条公路让旅行时间大大减少。,Zhè tiáo gōnglù ràng lǚxíng shíjiān dàdàjiǎnshǎo.,This highway greatly reduced travel time.,他的中文水平大大进步了。,Tā de zhōngwén shuǐpíng dàdà jìnbù le.,His Chinese improved greatly.
1125,大夫,dàifu,doctor; physician,名,名 n.,noun,4,4,大夫建议我多休息。,Dàifu jiànyì wǒ duō xiūxi.,The doctor advised me to rest more.,那位大夫正在给病人检查。,Nà wèi dàifu zhèngzài gěi bìngrén jiǎnchá.,That doctor is examining a patient.,我明天去医院看大夫。,Wǒ míngtiān qù yīyuàn kàn dàifu.,I am going to see a doctor tomorrow.
1126,大量,dàliàng,great amount; large quantity,形,形 adj.,adjective,4,4,你读那本书需要大量词汇。,Nǐ dú nàběnshū xūyào dàliàng cíhuì.,You need a large vocabulary to read that book.,孩子们需要大量的睡眠。,Háizi men xūyào dàliàng de shuìmián.,Children need a lot of sleep.,他在银行里有大量钱财。,Tā zài yínháng lǐ yǒu dàliàng qiáncái.,He has plenty of money in the bank.
1127,大赛,dàsài,grand contest,名,名 n.,noun,4,4,她报名参加了汉语大赛。,Tā bàomíng cānjiā le hànyǔ dàsài.,She registered for a Chinese-language competition.,这场大赛吸引了很多观众。,Zhèchǎng dàsài xīyǐn le hěnduō guānzhòng.,This major competition attracted many spectators.,大赛的决赛将在北京举行。,Dàsài de juésài jiāng zài běijīng jǔxíng.,The competition final will be held in Beijing.
1128,大厅,dàtīng,hall; lounge,名,名 n.,noun,4,4,在大厅里有一支电话。,Zài dàtīng lǐ yǒu yìzhī diànhuà.,There's a telephone in the hall.,大厅里有八十张椅子。,Dàtīng lǐ yǒu bāshí zhāng yǐzi.,The number of the chairs in the hall is 80.,市政大厅前有一群人。,Shìzhèng dàtīng qián yǒu yìqún rén.,There is a crowd of people in front of the town hall.
1129,大约,dàyuē,approximately; probably,副,副 adv.,adverb,4,4,一英里大约是1600米。,Yìyīnglǐ dàyuē shì 1600 mǐ.,A mile is about 1;600 meters.,我每天读书大约两个小时。,Wǒ měitiān dúshū dàyuē liǎnggè xiǎoshí.,I study about two hours every day.,一碗饭大约重一百八十克。,Yìwǎn fàn dàyuē zhòng yìbǎibāshí kè.,A bowl of rice is about 180 grams.
1130,大自然,dàzìrán,nature (the natural world),名,名 n.,noun,4,4,我喜欢在大自然中散步。,Wǒ xǐhuān zài dàzìrán zhōng sànbù.,I like taking walks in nature.,大自然已充满了谜团。,Dàzìrán yǐ chōngmǎn le mítuán.,Nature is full of mystery.,大自然很慷慨。,Dàzìrán hěn kāngkǎi.,Mother Nature is generous.
1131,待,dāi,to stay; to wait,动,动 v.,verb,4,4,待在原地，直到我找到你。,Dài zài yuándì; zhídào wǒ zhǎodào nǐ.,Stay put till I get to you.,你可以待在这里一会儿吗？,Nǐ kěyǐ dài zài zhèlǐ yíhuìer ma?,Will you stay here a moment?,我们将在这里待到星期天。,Wǒmen jiāng zài zhèlǐ dài dào xīngqītiān.,We will stay here until Sunday.
1132,戴,dài,to respect; to bear,动,动 v.,verb,4,4,戴蒙给我看了他的邮票册。,Dài méng gěi wǒ kàn le tā de yóupiào cè.,Damon showed me his stamp album.,他马上戴上了他的帽子。,Tā mǎshàng dài shàng le tā de màozi.,He put on his hat at once.,他重新戴上了他的头盔。,Tā chóngxīn dài shàng le tā de tóukuī.,He put his helmet back on.
1133,袋子,dàizi,bag; sack,名,名 n.,noun,4,4,你可以帮我提我的袋子吗?,Nǐ kěyǐ bāng wǒ tí wǒ de dàizi ma?,Could you carry my bags for me?,这个袋子里的柳橙都烂了。,Zhège dàizi lǐ de liǔchéng dōu làn le.,The oranges in this bag are rotten.,我们让他帮我们拿袋子。,Wǒmen ràng tā bāng wǒmen ná dàizi.,We got him to carry our bag.
1134,单位,dānwèi,unit; work unit,名,名 n.,noun,4,4,米以公斤为单位来出售。,Mǐ yǐ gōngjīn wèi dānwèi lái chūshòu.,Rice is sold by the kilogram.,在我的单位，我是最年轻的。,Zài wǒ de dānwèi; wǒ shì zuì niánqīng de.,I'm the youngest in my department.,鱼在这里是以磅为单位来出售。,Yú zài zhèlǐ shì yǐ bàng wèi dānwèi lái chūshòu.,Fish is sold by the pound here.
1135,当,dāng,right; to be,动、介,动 v.,verb; preposition,4,4,我们选出了詹姆斯当主席。,Wǒmen xuǎnchū le zhānmǔsī dāng zhǔxí.,We elected James chairman.,当我醒来时，天正下著雪。,Dāng wǒ xǐngláishí; tiānzhèng xià zhù xuě.,When I awoke; it was snowing.,当我到达时，天正下著雨。,Dāng wǒ dàodá shí; tiānzhèng xià zhù yǔ.,When I arrived; it was raining.
1136,当时,dāngshí,at that time; right away,名,名 n.,noun,4,4,我们当时必须得做个决定。,Wǒmen dāngshí bìxū dé zuò gè juédìng.,We had to make a decision.,他当时是可以保护她的。,Tā dāngshí shì kěyǐ bǎohù tā de.,He could've protected her.,大家当时的心情都很差。,Dàjiā dāngshí de xīnqíng dōu hěn chà.,Everyone was in a bad mood.
1137,刀,dāo,knife; blade,名,名 n.,noun,4,4,它可以被当成一把刀来用。,Tā kěyǐ bèi dàngchéng yìbǎ dāo lái yòng.,It can be used as a knife.,请给我们两把刀和四把叉。,Qǐng gěi wǒmen liǎngbǎ dāo hé sì bǎ chā.,Give us two knives and four forks; please.,这把刀对我来说很实用。,Zhè bǎ dāo duì wǒ láishuō hěn shíyòng.,This knife was very useful to me.
1138,导游,dǎoyóu,tour guide; guidebook,动、名,动 v.,verb; noun,4,4,我在东京做导游。,Wǒ zài dōngjīng zuò dǎoyóu.,I'm a tour guide in Tokyo.,我为你充当导游。,Wǒ wèi nǐ chōngdāng dǎoyóu.,I'll act as a guide for you.,不要怪导游。,Búyào guài dǎoyóu.,Don't blame the tour guide.
1139,倒,dào,to fall; to collapse,动、（副）,动 v.,verb; adverb,4,4（6）,请把水倒进杯子里。,Qǐng bǎ shuǐ dào jìn bēizi lǐ.,Please pour the water into the cup.,他给客人倒了一杯茶。,Tā gěi kèrén dào le yìbēi chá.,He poured a cup of tea for the guest.,你把地图拿倒了。,Nǐ bǎ dìtú ná dào le.,You are holding the map upside down.
1140,道,dào,road; path,名、量,名 n.,noun; measure word,4,4,花道是日本文化的一部分。,Huā dào shì rìběn wénhuà de yíbùfèn.,Ikebana is part of Japanese culture.,这道沙拉有柠檬的味道。,Zhè dào shālā yǒu níngméng de wèidào.,This salad tastes of lemon.,我用五分钟就算好了那道题。,Wǒ yòng wǔfēnzhōng jiùsuàn hǎo le nà dào tí.,It took me five minutes to solve the problem.
1141,到底,dàodǐ,finally; in the end,副,副 adv.,adverb,4,4,你跟摩托车到底怎么回事？,Nǐ gēn mótuōchē dàodǐ zěnmehuíshì?,What is it with you and motorbikes?,你到底有没有听我说的话？,Nǐ dàodǐ yǒuméiyǒu tīng wǒ shuō dehuà?,Did you listen at all to what I said?,你到底在我房间里干什么？,Nǐ dàodǐ zài wǒ fángjiān lǐ gànshénme?,What on earth are you doing in my room?
1142,到来,dàolái,to arrive; arrival,动,动 v.,verb,4,4,一位王子骑着白马到来了。,Yíwèi wángzǐ qí zhe báimǎ dàolái le.,A prince arrived; riding a white horse.,他又在期待着冬天到来了。,Tā yòu zài qīdài zhe dōngtiān dàolái le.,He was again looking forward to the start of winter.,我们的到来引起了注意。,Wǒmen de dàolái yǐnqǐ le zhùyì.,Our arrival drew attention.
1143,道路,dàolù,road; path,名,名 n.,noun,4,4,她告诉我们道路被封闭了。,Tā gàosù wǒmen dàolù bèi fēngbì le.,She told us the road was closed.,他在一条狭窄的道路上走。,Tā zài yìtiáo xiázhǎi de dàolù shàng zǒu.,The man is hiking on a narrow path.,道路从这里开始陡然上升。,Dàolù cóng zhèlǐ kāishǐ dǒurán shàngshēng.,The road starts to suddenly rise from here.
1144,道歉,dàoqiàn,to apologize,动,动 v.,verb,4,4,我为昨天发生的事道歉。,Wǒ wèi zuótiān fāshēng de shì dàoqiàn.,I apologize for yesterday.,我就是不道歉，你奈我何？,Wǒ jiùshì bú dàoqiàn; nǐ nài wǒ hé?,I'm not going to apologize. What are you going to do about it?,关于那件事你欠我一个道歉。,Guānyú nàjiànshì nǐ qiàn wǒ yígè dàoqiàn.,You owe me an apology for that.
1145,得意,déyì,proud of oneself; pleased with oneself,形,形 adj.,adjective,4,4,他考了第一名，显得很得意。,Tā kǎo le dìyìmíng; xiǎnde hěn déyì.,He placed first and looked very pleased with himself.,别因为一次成功就太得意。,Bié yīnwèi yícì chénggōng jiù tài déyì.,Do not become too self-satisfied because of one success.,她得意地向大家展示了奖杯。,Tā déyì dì xiàng dàjiā zhǎnshì le jiǎngbēi.,She proudly showed everyone the trophy.
1146,登机,dēngjī,to board a plane,动,动 v.,verb,4,4,请让我看看您的登机证好吗?,Qǐng ràng wǒ kànkàn nín de dēngjī zhèng hǎo ma?,May I see your boarding pass; please?,什么时候开始登机？,Shénme shíhòu kāishǐ dēngjī?,What time does boarding begin?,你要通过了机场的安全检查才能登机。,Nǐ yào tōngguò le jīchǎng de ānquánjiǎnchá cáinéng dēngjī.,Before you can board the plane; you'll have to go through airport security checks.
1147,等,děng,etc.; and so on,助、（名、量）,助 part.,particle,4,4（5）,我买了苹果、香蕉等水果。,Wǒ mǎi le píngguǒ; xiāngjiāo děng shuǐguǒ.,I bought apples; bananas; and other fruit.,北京、上海等城市都有地铁。,Běijīng; shànghǎi děng chéngshì dōu yǒu dìtiě.,Cities such as Beijing and Shanghai have subway systems.,桌上有书、笔记本等学习用品。,Zhuōshàng yǒu shū; bǐjìběn děng xuéxíyòngpǐn.,There are books; notebooks; and other study supplies on the table.
1148,等到,děngdào,to wait until; by the time when,介,介 prep.,preposition,4,4,我一直等到了最后一分钟。,Wǒ yìzhí děngdào le zuìhòu yìfēnzhōng.,I waited until the last minute.,他一直等到她来了为止。,Tā yìzhí děngdào tā lái le wéizhǐ.,He waited until she came.,在这儿等到他回来为止。,Zài zhèér děngdào tā huílái wéizhǐ.,Wait here till he comes back.
1149,低,dī,low; beneath,形、动,形 adj.,adjective; verb,4,4,这个淋浴的莲蓬头太低了。,Zhège línyù de liánpéngtóu tài dī le.,The shower head in this shower is too low.,他的低薪水让他买不了房。,Tā de dī xīnshuǐ ràng tā mǎi bùliǎo fáng.,His low salary prevents him from buying the house.,迪拜是一个低税收的经济体。,Díbài shì yígè dī shuìshōu de jīngjìtǐ.,Dubai is a low-tax economy.
1150,低价,dījià,low price,名,名 n.,noun,4,4,这家商店正在低价出售旧家具。,Zhèjiā shāngdiàn zhèngzài dījià chūshòu jiùjiājù.,This store is selling used furniture at low prices.,我们用低价买到了机票。,Wǒmen yòng dījià mǎi dào le jīpiào.,We bought the plane tickets at a low price.,低价不一定代表质量差。,Dījià bù yídìng dàibiǎo zhìliàng chà.,A low price does not necessarily mean poor quality.
1151,低温,dīwēn,low temperature,名,名 n.,noun,4,4,今天早上出现了低温。,Jīntiān zǎoshàng chūxiàn le dīwēn.,There were low temperatures this morning.,低温会影响电池的使用。,Dīwēn huì yǐngxiǎng diànchí de shǐyòng.,Low temperatures affect battery performance.,这种植物不适合低温环境。,Zhèzhòng zhíwù bú shìhé dīwēn huánjìng.,This plant is not suited to low-temperature environments.
1152,低于,dīyú,to be lower than,动,动 v.,verb,4,4,你的工作表现低于平均水平。,Nǐ de gōngzuò biǎoxiàn dīyú píngjūnshuǐpíng.,Your work is below average.,我有不低于一千片光盘。,Wǒ yǒu bù dīyú yìqiān piàn guāngpán.,I have no less than one thousand records.,温度计往往低于零度。,Wēndùjì wǎngwǎng dīyú língdù.,Thermometers often go below zero.
1153,底,dǐ,background; bottom,名,名 n.,noun,4,4,箱子底有一个小洞。,Xiāngzi dǐ yǒu yígè xiǎo dòng.,There is a small hole in the bottom of the box.,请把杯子放到桌子底下。,Qǐng bǎ bēizi fàngdào zhuōzi dǐxià.,Please put the cup under the table.,我们终于在年底完成了任务。,Wǒmen zhōngyú zài niándǐ wánchéng le rènwù.,We finally completed the task at the end of the year.
1154,底下,dǐxia,afterwards; the location below something,名,名 n.,noun,4,4,写字台底下有没有任何书？,Xiězìtái dǐxià yǒuméiyǒu rènhé shū?,Are there any books under the desk?,她发现她的钱包在桌子底下。,Tā fāxiàn tā de qiánbāo zài zhuōzi dǐxià.,She found her purse under the desk.,他从车子底下出来了。,Tā cóng chēzi dǐxià chūlái le.,He got out from under the car.
1155,地球,dìqiú,the earth,名,名 n.,noun,4,4,地球像一块大吸铁石一样。,Dìqiú xiàng yíkuài dà xītiěshí yíyàng.,Earth is like a big magnet.,我已经厌倦地球的生活了。,Wǒ yǐjīng yànjuàn dìqiú de shēnghuó le.,I am already hating life on Earth.,地球、火星和木星是行星。,Dìqiú; huǒxīng hé mùxīng shì xíngxīng.,Earth; Mars; and Jupiter are planets.
1156,地址,dìzhǐ,address,名,名 n.,noun,4,4,你的电子邮件地址是什么？,Nǐ de diànziyóujiàn dìzhǐ shì shénme?,What is your email address?,请把他确实的地址告诉我。,Qǐng bǎ tā quèshí de dìzhǐ gàosù wǒ.,Tell me exactly where he lives.,我记下了他的名字和地址。,Wǒ jìxià le tā de míngzì hé dìzhǐ.,I memorized his name and address.
1157,点名,diǎnmíng,roll call; to mention someone by name,动,动 v.,verb,4,4,老师上课前先点名。,Lǎoshīshàngkè qián xiān diǎnmíng.,The teacher takes attendance before class.,经理在会上点名表扬了她。,Jīnglǐ zài huìshàng diǎnmíng biǎoyáng le tā.,The manager praised her by name at the meeting.,今天点名时有两个人没来。,Jīntiān diǎnmíng shí yǒu liǎnggè rén méi lái.,Two people were absent during roll call today.
1158,点头,diǎntóu,to nod,动,动 v.,verb,4,4,祖父常常边看报纸边点头。,Zǔfù chángcháng biān kàn bàozhǐ biān diǎntóu.,My grandfather often nods over his newspaper.,玛丽友好地向我点了点头。,Mǎlì yǒuhǎo dì xiàng wǒ diǎn le diǎntóu.,Mary gave me a friendly nod.,我点头以示鼓励。,Wǒ diǎntóu yǐshì gǔlì.,I nodded encouragingly.
1159,电动车,diàndòngchē,Electric vehicle,名,名 n.,noun,4,4,他每天骑电动车上班。,Tā měitiān qí diàndòngchē shàngbān.,He rides an electric bike to work every day.,这辆电动车一次可以跑很远。,Zhèliàng diàndòngchē yícì kěyǐ pǎo hěn yuǎn.,This electric vehicle can travel far on one charge.,请把电动车停在规定的位置。,Qǐng bǎ diàndòngchē tíng zài guīdìng de wèizhì.,Please park the electric bike in the designated area.
1160,电视剧,diànshìjù,TV series; TV drama,名,名 n.,noun,4,4,我很喜欢看韩国的电视剧。,Wǒ hěn xǐhuān kàn hánguó de diànshìjù.,I like watching Korean soap operas.,你最喜欢什么电视剧？,Nǐ zuì xǐhuān shénme diànshìjù?,Which drama series do you like best?,你看韩国电视剧吗？,Nǐ kàn hánguó diànshìjù ma?,Do you watch Korean dramas?
1161,掉,diào,to fall; to drop,动,动 v.,verb,4,4,杰克逊从马背上掉了下来。,Jiékèxùn cóng mǎbèishàng diào le xiàlái.,Jackson fell from his horse.,有些苹果从树上掉了下来。,Yǒuxiē píngguǒ cóng shùshàng diào le xiàlái.,Some apples fell down from the tree.,我无法不去想被偷掉的钱。,Wǒ wúfǎ bú qù xiǎng bèi tōu diào de qián.,I cannot stop thinking of the stolen money.
1162,调查,diàochá,investigation; inquiry,动,动 v.,verb,4,4,警方正在调查那起谋杀案。,Jǐngfāng zhèngzài diàochá nà qǐ móushāàn.,The police are investigating the murder.,我们调查了他的犯规记录。,Wǒmen diàochá le tā de fànguī jìlù.,We have investigated his criminal record.,调查的结果十分令人满意。,Diàochá de jiéguǒ shífēn lìngrénmǎnyì.,The results of the research were quite satisfactory.
1163,订,dìng,to agree; to conclude,动,动 v.,verb,4,4,艾米自己订了一套新衣服。,Ài mǐ zìjǐ dìng le yítào xīn yīfú.,Emi ordered herself a new dress.,下个月开始我不订报纸了。,Xiàgèyuè kāishǐ wǒ bú dìng bàozhǐ le.,Starting next month; I'm not subscribing to a newspaper.,她和一个有钱人订了婚。,Tā hé yígè yǒuqiánrén dìng le hūn.,She is engaged to a rich man.
1164,定,dìng,to set; to fix,动,动 v.,verb,4,4,我想这要看天气情况而定。,Wǒ xiǎng zhè yào kàn tiānqìqíngkuàng ér dìng.,I guess it depends on the weather.,他的答案要看他的心情而定。,Tā de dáàn yào kàn tā de xīnqíng ér dìng.,His answer depends on his mood.,闹钟定在了早上5点。,Nàozhōng dìng zài le zǎoshàng 5 diǎn.,The alarm clock is set for 5 a.m.
1165,东部,dōngbù,the east; eastern part,名,名 n.,noun,4,4,火灾把位于市区东部的四栋房屋全烧光了。,Huǒzāi bǎ wèiyú shìqū dōngbù de sìdòng fángwū quán shāoguāng le.,The fire burnt down four houses in the east of the city.,中国，全名中华人民共和国，位于亚洲东部，太平洋西岸。,Zhōngguó; quánmíng zhōnghuárénmíngònghéguó; wèiyú yàzhōu dōngbù; tàipíngyáng xīàn.,China; otherwise known as the People's Republic of China; is located in east Asia; on the western coast of the Pacific ocean.,联盟号宇宙飞船于美国东部时间晚上9点53分脱离国际空间站，携带3人返回地球。,Liánméng hào yǔzhòufēichuán yú měiguó dōngbù shíjiān wǎnshàng 9 diǎn 53 fēn tuōlí guójì kōngjiānzhàn; xiédài 3 rén fǎnhuí dìqiú.,The Soyuz spacecraft undocked from the International Space Station at 9:53 p.m. EDT; carrying three people back to Earth.
1166,动车,dòngchē,high-speed train; bullet train,名,名 n.,noun,4,4,我明天坐动车去南京。,Wǒ míngtiān zuò dòngchē qù nánjīng.,I am taking a high-speed train to Nanjing tomorrow.,这趟动车八点出发。,Zhè tàng dòngchē bādiǎn chūfā.,This high-speed train leaves at eight.,动车比普通火车快。,Dòngchē bǐ pǔtōng huǒchē kuài.,High-speed trains are faster than regular trains.
1167,动作,dòngzuò,movement; motion,名,名 n.,noun,4,4,要想赶上火车就动作快点。,Yào xiǎng gǎnshàng huǒchē jiù dòngzuò kuàidiǎn.,You'll have to get a move on if you want to catch the train.,你动作快点就能赶上他。,Nǐ dòngzuò kuàidiǎn jiù néng gǎnshàng tā.,If you hurry; you'll catch up with him.,这舞者的每一个动作都是完美的。,Zhè wǔzhě de měi yígè dòngzuò dōu shì wánměi de.,The dancer's every move was perfect.
1168,读者,dúzhě,reader,名,名 n.,noun,4,4,这本书不是给年轻读者看的。,Zhè běnshū búshì gěi niánqīng dúzhě kàn de.,These books are not fit for young readers.,让读者去评判。,Ràng dúzhě qù píngpàn.,Let the reader be the judge.,不是因为读者对某本书不感兴趣，这本书就肯定是有问题的了。,Búshì yīnwèi dúzhě duì mǒu běnshū bùgǎnxìngqù; zhè běnshū jiù kěndìng shì yǒu wèntí de le.,Just because a certain book does not interest readers does not mean that the fault lies in the book.
1169,堵车,dǔchē,traffic jam; to get congested,动,动 v.,verb,4,4,因为堵车， 我开会迟到了。,Yīnwèi dǔchē; wǒ kāihuì chídào le.,Because there was traffic; I was late to the meeting.,现在才6点半，怎么会堵车呢？,Xiànzài cái 6 diǎn bàn; zěnme huì dǔchē ne?,How can there be a traffic jam now; as late as 6 o'clock?,你现在出门的话，肯定会堵车的。,Nǐ xiànzài chūmén dehuà; kěndìng huì dǔchē de.,If you leave now; I'm sure you'll be caught in a traffic jam.
1170,度假,dùjià,to spend vacation; to go on holidays,动,动 v.,verb,4,4,去度假的时候我要租辆车。,Qù dùjià de shíhòu wǒ yào zū liàngchē.,When I go on vacation; I'll rent a car.,他们下个月一定会去度假。,Tāmen xiàgèyuè yídìng huì qù dùjià.,Certainly they will go on holiday next month.,她在海边有一个度假屋。,Tā zài hǎibiān yǒu yígè dùjià wū.,She has a cottage by the sea.
1171,肚子,dùzi,belly; abdomen,名,名 n.,noun,4,4,我回到家的时候肚子十分饿。,Wǒ huídào jiā de shíhòu dǔzi shífēn è.,When I got home; I was very hungry.,我没吃早餐，所以肚子很饿。,Wǒ méi chī zǎocān; suǒyǐ dǔzi hěn è.,I am hungry because I did not eat breakfast.,那么吃的话，肚子会吃坏的噢。,Nàme chī dehuà; dǔzi huì chī huài de ō.,If you eat that much; you'll have a stomachache.
1172,短信,duǎnxìn,text message; SMS,名,名 n.,noun,4,4,她给她男朋友发了一条短信。,Tā gěi tā nánpéngyǒu fā le yìtiáo duǎnxìn.,She texted her boyfriend.,她发了一条短信。,Tā fā le yìtiáo duǎnxìn.,She sent a text.,汤姆收到玛丽的短信。,Tāngmǔ shōudào mǎlì de duǎnxìn.,Tom got a message from Mary.
1173,队,duì,squadron; team,名、（量）,名 n.,noun; measure word,4,4（5）,我们选她为我们队的队长。,Wǒmen xuǎn tā wèi wǒmen duì de duìzhǎng.,We elected her captain of our team.,我们这队5-4击败对手。,Wǒmen zhè duì 5 - 4 jībài duìshǒu.,Our team defeated our opponent 5-4.,哪个队赢得比赛并不重要。,Nǎge duì yíngdé bǐsài bìng bú zhòngyào.,It doesn't matter which team wins the game.
1174,对方,duìfāng,the other person; the other side,名,名 n.,noun,4,4,他们互相送礼物给对方。,Tāmen hùxiāng sònglǐwù gěi duìfāng.,They give each other presents.,我们时常发照片给对方。,Wǒmen shícháng fā zhàopiān gěi duìfāng.,We often send each other pictures.,像我爱你一样爱对方吧。,Xiàng wǒàinǐ yíyàng ài duìfāng ba.,As I have loved you; love one another.
1175,对面,duìmiàn,directly in front; to be face to face,名,名 n.,noun,4,4,你家对面的房子是谁的?,Nǐjiā duìmiàn de fángzi shì shéi de?,Whose house is across from yours?,圣地牙哥的手机在房间对面。,Shèngdìyágē de shǒujī zài fángjiān duìmiàn.,Santiago’s phone was in the opposite corner of the room.,对面的房子是总统的度假房。,Duìmiàn de fángzi shì zǒngtǒng de dùjià fáng.,The house across the street is the president's vacation home.
1176,对于,duìyú,regarding; with regard to,介,介 prep.,preposition,4,4,这对于我来说没任何意义。,Zhè duìyú wǒ láishuō méi rènhé yìyì.,It doesn't make sense to me.,这是否对于环境安全无害？,Zhè shìfǒu duìyú huánjìng ānquán wúhài?,Is this environmentally safe?,我对于上大学有一种渴望。,Wǒ duìyú shàng dàxué yǒu yìzhǒng kěwàng.,I feel a yearning for the university.
1177,队员,duìyuán,team member,名,名 n.,noun,4,4,他已经成为了棒球队员。,Tā yǐjīng chéngwéi le bàngqiú duìyuán.,He has made the baseball team.,你们队员连球都接不住。,Nǐmen duìyuán lián qiú dōu jiē búzhù.,Your team members can't even catch the ball.,看那些踢球的队员们！他们真是全神贯注啊！,Kàn nàxiē tīqiú de duìyuán men! tāmen zhēnshì quánshénguànzhù a!,Look at those guys play! They’re really getting stuck in!
1178,队长,duìzhǎng,captain; team leader,名,名 n.,noun,4,4,我们选她为我们队的队长。,Wǒmen xuǎn tā wèi wǒmen duì de duìzhǎng.,We elected her captain of our team.,他会成为一个好队长。,Tā huì chéngwéi yígè hǎo duìzhǎng.,He will make a good team captain.,乔治是我们队的队长。,Qiáozhì shì wǒmen duì de duìzhǎng.,George is the captain of our team.
1179,顿,dùn,to stop; to pause,量、（动）,量 m.w.,measure word; verb,4,4（7-9）,他请我吃了顿美味的晚饭。,Tā qǐng wǒ chī le dùn měiwèi de wǎnfàn.,I had a good dinner at his expense.,约翰莫斯顿是英国最有名的评论员之一。,Yuēhàn mò sī dùn shì yīngguó zuì yǒumíng de pínglùnyuán zhīyī.,John Motson is one of the most famous British commentators.,两人于本月 4 日星期二向房东告别，前往尤斯顿车站，决心搭乘开往利物浦的特快列车。,Liǎng rén yú běnyuè 4 rì xīngqīèr xiàng fángdōng gàobié; qiánwǎng yóu sī dùn chēzhàn; juéxīn dāchéng kāiwǎng lìwùpǔ de tèkuài lièchē.,The two bade adieu to their landlady upon Tuesday; the 4th inst.; and departed to Euston Station with the avowed intention of catching the Liverpool express.
1180,多么,duōme,what; how,副,副 adv.,adverb,4,4,你明白我有多么爱你吗？,Nǐ míngbái wǒ yǒu duōme ài nǐ ma?,Do you know how much I love you?,你知道她有多么爱你吗?,Nǐ zhīdào tā yǒu duōme ài nǐ ma?,Are you aware of how much she loves you?,多么大的一辆卡车啊！,Duōme dà de yíliàng kǎchē a!,What a big truck!
1181,多数,duōshù,majority; most,名,名 n.,noun,4,4,多数人每天至少刷两次牙。,Duōshù rén měitiān zhìshǎo shuā liǎngcì yá.,Most people brush their teeth at least two times a day.,多数人会犯相同的错误。,Duōshù rén huì fàn xiāngtóng de cuòwù.,Many people make similar mistakes.,民主主义是多数选举的独裁。,Mínzhǔzhǔyì shì duōshù xuǎnjǔ de dúcái.,Democracy is the dictatorship of the majority.
1182,多样,duōyàng,diverse; diversity,形,形 adj.,adjective,4,4,这家餐厅的菜品很多样。,Zhèjiā cāntīng de càipǐn hěn duōyàng.,This restaurant offers a diverse range of dishes.,学生的学习方式应该多样。,Xuéshēng de xuéxí fāngshì yīnggāi duōyàng.,Students should use varied learning methods.,这个城市的文化非常多样。,Zhège chéngshì de wénhuà fēicháng duōyàng.,This city has a very diverse culture.
1183,而,ér,and; as well as,连,连 conj.,conjunction,4,4,我们是为了死亡而诞生的。,Wǒmen shì wèile sǐwáng ér dànshēng de.,We were born to die.,我每时每刻都在为你而活。,Wǒ měishíměikè dōu zài wèi nǐ ér huó.,I live every moment for you.,没有人因这个炸弹而受伤。,Méiyǒu rén yīn zhège zhàdàn ér shòushāng.,No one was injured by the bomb.
1184,儿童,értóng,child,名,名 n.,noun,4,4,有时候成人表现得像儿童。,Yǒushíhòu chéngrén biǎoxiàn dé xiàng értóng.,Sometimes adults behave like children.,大部分观众是年幼的儿童。,Dàbùfèn guānzhòng shì niányòu de értóng.,The audience was largely made up of very young children.,你最喜欢的儿童歌曲是哪首？,Nǐ zuì xǐhuān de értóng gēqǔ shì nǎ shǒu?,What's your favorite nursery rhyme?
1185,发出,fāchū,to issue; to send out,动,动 v.,verb,4,4,剃须刀发出了嗡嗡的响声。,Tìxūdāo fāchū le wēngwēng de xiǎngshēng.,The razor made a buzzing sound.,这座山过去常常发出烟雾。,Zhè zuò shān guòqù chángcháng fāchū yānwù.,The mountain used to send out clouds of smoke.,我喜欢那只蚱蜢发出的声音！,Wǒ xǐhuān nà zhǐ zhàměng fāchū de shēngyīn!,I love the sound this grasshopper makes!
1186,发送,fāsòng,to transmit; to dispatch,动,动 v.,verb,4,4,我已经把文件发送给你了。,Wǒ yǐjīng bǎ wénjiàn fāsònggěi nǐ le.,I have already sent you the file.,系统会自动发送确认邮件。,Xìtǒng huì zìdòng fāsòng quèrèn yóujiàn.,The system will automatically send a confirmation email.,照片太大，无法发送。,Zhàopiān tài dà; wúfǎ fāsòng.,The photo is too large to send.
1187,法,fǎ,France; French,名,名 n.,noun,4,4,英国人很尊重法序和秩序。,Yīngguórén hěn zūnzhòng fǎ xù hé zhìxù.,The British have a lot of respect for law and order.,这让法迪尔吓得不轻。,Zhè ràng fǎ dí ěr xià dé bù qīng.,This made Fadil terrified.,法迪尔没想向人开枪。,Fǎ dí ěr méi xiǎng xiàng rén kāiqiāng.,Fadil didn't mean to shoot someone.
1188,法律,fǎlǜ,law,名,名 n.,noun,4,4,法律有很多不明确的地方。,Fǎlǜ yǒu hěnduō bù míngquè de dìfāng.,The law is full of ambiguities.,遵守法律是每个人的责任。,Zūnshǒu fǎlǜ shì měigè rén de zérèn.,To obey the law is everyone's duty.,他在哈佛大学学习法律。,Tā zài hāfúdàxué xuéxí fǎlǜ.,He is studying law at Harvard.
1189,翻译,fānyì,to translate; to interpret,动、名,动 v.,verb; noun,4,4,请把下面的句子翻译一下。,Qǐng bǎ xiàmiàn de jùzi fānyì yíxià.,Please translate the sentence below.,我没有时间翻译这段文字。,Wǒ méiyǒu shíjiān fānyì zhè duàn wénzì.,I don't have time to translate this text.,翻译文章时我们用了字典。,Fānyì wénzhāng shí wǒmen yòng le zìdiǎn.,When translating articles we used a dictionary.
1190,烦,fán,to feel vexed; to bother,形、动,形 adj.,adjective; verb,4,4,他是个很讨人烦的男人。,Tā shì gè hěn tǎo rén fán de nánrén.,He's a very disagreeable man.,我经常烦你，对不起。,Wǒ jīngcháng fán nǐ; duìbùqǐ.,I'm sorry to always be bothering you.,希望我没有烦到你。,Xīwàng wǒ méiyǒu fán dào nǐ.,I hope I'm not boring you.
1191,烦恼,fánnǎo,to be worried; to be distressed,形,形 adj.,adjective,4,4,现在有什么烦恼的事情吗？,Xiànzài yǒu shénme fánnǎo de shìqíng ma?,Is there anything that worries you right now?,生活中的烦恼在所难免。,Shēnghuó zhōng de fánnǎo zàisuǒnánmiǎn.,The troubles of life are inevitable.,汤姆，把烦恼忘掉吧。,Tāngmǔ; bǎ fánnǎo wàngdiào ba.,Hey; Tom; forget about your worries.
1192,反对,fǎnduì,to oppose; to be against,动,动 v.,verb,4,4,你赞成还是反对这个计划？,Nǐ zànchéng háishì fǎnduì zhège jìhuà?,Are you for or against the plan?,您赞成还是反对他的想法？,Nín zànchéng háishì fǎnduì tā de xiǎngfǎ?,Are you for or against his idea?,我的父亲反对我们的婚姻。,Wǒ de fùqīn fǎnduì wǒmen de hūnyīn.,My father objected to our marriage.
1193,方面,fāngmiàn,respect; aspect,名,名 n.,noun,4,4,她在各方面都像她的母亲。,Tā zài gè fāngmiàn dōu xiàng tā de mǔqīn.,She resembles her mother in every respect.,只有几个学生懂那个方面。,Zhǐyǒu jǐgè xuéshēng dǒng nàge fāngmiàn.,Only some students understand that aspect.,无论从哪方面看，她很健康。,Wúlùn cóng nǎ fāngmiàn kàn; tā hěn jiànkāng.,To all appearances; she is healthy.
1194,方式,fāngshì,way; manner,名,名 n.,noun,4,4,有没有更简单的实现方式？,Yǒuméiyǒu gèng jiǎndān de shíxiàn fāngshì?,Is there an easier way to do that?,搭飞机是最快的旅行方式。,Dā fēijī shì zuìkuài de lǚxíng fāngshì.,Flying is the quickest way to travel.,我记得你以前跳舞的方式。,Wǒ jìde nǐ yǐqián tiàowǔ de fāngshì.,I remember the way you used to dance.
1195,房东,fángdōng,landlord,名,名 n.,noun,4,4,为什么这个月房东还不来收房租？,Wèishénme zhège yuè fángdōng hái bù lái shōu fángzū?,Why hasn't the landlord come to collect rent this month?,当房东不在; 房客就会大玩特玩。,Dāng fángdōng bú zài; fángkè jiù huì dàwántèwán.,When the landlord's away; the tenants will play.,我的六十岁的房东为什么买了一个蹦床？,Wǒ de liùshísuì de fángdōng wèishénme mǎi le yígè bèngchuáng?,Why did my sixty-year-old landlord buy a trampoline?
1196,房租,fángzū,rent for a room or house,名,名 n.,noun,4,4,莎米要多付我房租才对。,Shā mǐ yào duōfù wǒ fángzū cái duì.,Sami needs to pay me more rent.,房租很可能会上涨。,Fángzū hěn kěnéng huì shàngzhǎng.,Rents are likely to go up.,你必须付三个月的房租作为押金。,Nǐ bìxū fù sāngè yuè de fángzū zuòwéi yājīn.,You have to give three months' rent as a deposit.
1197,放弃,fàngqì,to renounce; to abandon,动,动 v.,verb,4,4,我说服他放弃了这个主意。,Wǒ shuōfú tā fàngqì le zhège zhǔyì.,I talked him out of the idea.,我放弃了所有生存的希望。,Wǒ fàngqì le suǒyǒu shēngcún de xīwàng.,I gave up all hope of survival.,他因为生病而放弃了学业。,Tā yīnwèi shēngbìng ér fàngqì le xuéyè.,Illness made him give up his studies.
1198,放松,fàngsōng,to relax; to slacken,动,动 v.,verb,4,4,她在他们家里感觉很放松。,Tā zài tāmen jiālǐ gǎnjué hěn fàngsōng.,She feels at ease in their home.,我想要按摩。我需要放松。,Wǒ xiǎngyào ànmó. wǒ xūyào fàngsōng.,I want a massage. I need to relax.,一些人通过阅读来放松。,Yìxiē rén tōngguò yuèdú lái fàngsōng.,Some people relax by reading.
1199,费,fèi,to cost; fee,名、动,名 n.,noun; verb,4,4,计程车费将在下个月涨价。,Jìchéngchē fèi jiāng zài xiàgèyuè zhǎngjià.,Taxi fares will go up next month.,你每个月的瓦斯费多少钱？,Nǐ měigè yuè de wǎsī fèi duōshǎo qián?,How much is your monthly gas bill?,费欧娜的来信渐渐减少了。,Fèi ōu nà de láixìn jiànjiàn jiǎnshǎo le.,Letters from Fiona came gradually less and less.
1200,费用,fèiyong,cost; expenditure,名,名 n.,noun,4,4,我负担不起打网球的费用。,Wǒ fùdān bù qǐ dǎwǎngqiú de fèiyòng.,I can't afford to play tennis.,将费用记在我的账上。,Jiāng fèiyòng jì zài wǒ de zhàng shàng.,Charge this bill to me.,那些钱足够支付费用。,Nàxiē qián zúgòu zhīfù fèiyòng.,That's enough money to cover the expenses.
1201,分数,fēnshù,mark; score,名,名 n.,noun,4,4,她完全不担心测验的分数。,Tā wánquán bù dānxīn cèyàn de fēnshù.,She is not in the least worried about her test scores.,他得到了比我们还高的分数。,Tā dédào le bǐ wǒmen hái gāo de fēnshù.,He got a better score than us.,他的分数总比我高，尽管他学习得少一点。,Tā de fēnshù zǒng bǐ wǒ gāo; jǐnguǎn tā xuéxí dé shǎo yìdiǎn.,His scores are always better than mine; even though he doesn't study very much.
1202,分为,fēnwéi,to subdivide; to divide something into (parts),动,动 v.,verb,4,4,佛教思想分为哪一些宗派？,Fójiào sīxiǎng fēnwéi nǎ yìxiē zōngpài?,Which schools is Buddhist thought divided into?,赤道把地球分为两个半球。,Chìdào bǎ dìqiú fēnwéi liǎnggè bànqiú.,The equator divides the globe into two hemispheres.,他把他的书分为五类。,Tā bǎ tā de shū fēnwéi wǔlèi.,He divided his book into five categories.
1203,份,fèn,classifier for copies/documents; share,量,量 m.w.,measure word,4,4,每个孩子都收到了份礼物。,Měigè háizi dōu shōudào le fèn lǐwù.,Each child was given a present.,那份工作对他来说很重要。,Nà fèn gōngzuò duì tā láishuō hěn zhòngyào.,It is important for him to get the job.,你刚刚吃了四十份布丁吗？,Nǐ gānggāng chī le sìshí fèn bùdīng ma?,Did you just eat forty servings of pudding?
1204,丰富,fēngfù,to enrich; rich,形,形 adj.,adjective,4,4,美国的石油资源十分丰富。,Měiguó de shíyóuzīyuán shífēn fēngfù.,America abounds in oil.,这个国家有很丰富的历史。,Zhège guójiā yǒu hěn fēngfù de lìshǐ.,This country has a rich history.,他在教学上拥有丰富的经验。,Tā zài jiàoxué shàng yōngyǒu fēngfù de jīngyàn.,He has a lot of teaching experience.
1205,风景,fēngjǐng,landscape; scenery,名,名 n.,noun,4,4,他们欣赏了美丽的风景。,Tāmen xīnshǎng le měilì de fēngjǐng.,They admired the lovely scenery.,我们望著这美丽的风景。,Wǒmen wàng zhù zhè měilì de fēngjǐng.,We gazed at the beautiful scenery.,德米特里很欣赏风景。,Démǐtèlǐ hěn xīnshǎng fēngjǐng.,Dmitri enjoyed the scenery.
1206,否则,fǒuzé,otherwise; if not,连,连 conj.,conjunction,4,4,快一点，否则就要迟到了。,Kuài yìdiǎn; fǒuzé jiùyào chídào le.,Hurry up or we'll be late.,快点，否则你会错过公车。,Kuàidiǎn; fǒuzé nǐ huì cuòguò gōngchē.,Hurry up; or you'll miss the bus.,快一点，否则你会迟到。,Kuài yìdiǎn; fǒuzé nǐ huì chídào.,Hurry up; or you will be late.
1207,幅,fú,width; roll,量,量 m.w.,measure word,4,4,你是何时创作这幅画的?,Nǐ shì héshí chuàngzuò zhè fú huà de?,When did you paint this?,谁画了这幅美丽的图画？,Shuí huà le zhè fú měilì de túhuà?,Who painted this beautiful picture?,他有很多幅名贵的画。,Tā yǒu hěnduō fú míngguì de huà.,He has many valuable paintings.
1208,符合,fúhé,in keeping with; in accordance with,动,动 v.,verb,4,4,川普的行为符合俄罗斯的利益。,Chuān pǔ de xíngwéi fúhé éluósī de lìyì.,Trump is acting in Russia's interests.,价格应该符合预算。,Jiàgé yīnggāi fúhé yùsuàn.,The price should fit my budget.,可是你的函数不符合利普希茨条件！,Kěshì nǐ de hánshù bù fúhé lì pǔ xī cí tiáojiàn!,But your function isn't Lipschitz continuous!
1209,付,fù,to pay; to hand over to,动,动 v.,verb,4,4,我付了十美元买这顶帽子。,Wǒ fù le shíměiyuán mǎi zhè dǐng màozi.,I paid ten dollars for this cap.,用现金付的话会有折扣吗?,Yòng xiànjīn fù dehuà huì yǒu zhékòu ma?,Is there a discount if you pay in cash?,我付他一百美元给我洗车。,Wǒ fù tā yìbǎi měiyuán gěi wǒ xǐchē.,I got him to wash my car for a hundred dollars.
1210,父母,fùmǔ,father and mother; parents,名,名 n.,noun,4,4,我父母不让我和男生约会。,Wǒ fùmǔ búràng wǒ hé nánshēng yuēhuì.,My parents won't let me date.,这个男孩让他的父母高兴。,Zhège nánhái ràng tā de fùmǔ gāoxìng.,The boy made his parents happy.,他们没有遵从他们的父母。,Tāmen méiyǒu zūncóng tāmen de fùmǔ.,They didn't obey their parents.
1211,父女,fùnǚ,father and daughter,名,名 n.,noun,4,4,那对父女正在公园散步。,Nà duì fùnǚ zhèngzài gōngyuán sànbù.,The father and daughter are walking in the park.,父女俩都喜欢弹钢琴。,Fùnǚliǎ dōu xǐhuān tángāngqín.,Both father and daughter enjoy playing the piano.,他们的父女关系很好。,Tāmen de fùnǚguānxì hěn hǎo.,They have a good father-daughter relationship.
1212,父亲,fùqīn,father,名,名 n.,noun,4,4,你是怎么称呼你父亲的呢？,Nǐ shì zěnme chēnghū nǐ fùqīn de ne?,What do you call your father?,我出生前，我父亲就死了。,Wǒ chūshēng qián; wǒ fùqīn jiù sǐ le.,My dad died before I was born.,我父亲是一名办公室职员。,Wǒ fùqīn shì yìmíng bàngōngshì zhíyuán.,My father is an office worker.
1213,复印,fùyìn,to photocopy; to duplicate a document,动,动 v.,verb,4,4,请帮我复印这张证件。,Qǐng bāng wǒ fùyìn zhè zhāng zhèngjiàn.,Please help me photocopy this ID document.,这份材料需要复印三份。,Zhèfèn cáiliào xūyào fùyìn sānfèn.,This material needs to be copied three times.,楼下的商店可以打印和复印。,Lóuxià de shāngdiàn kěyǐ dǎyìn hé fùyìn.,The shop downstairs can print and photocopy documents.
1214,复杂,fùzá,complicated; complex,形,形 adj.,adjective,4,4,我喜欢把复杂的问题简单化。,Wǒ xǐhuān bǎ fùzá de wèntí jiǎndānhuà.,I like simplifying complex problems.,大脑只是个复杂的机器。,Dànǎo zhǐshì gè fùzá de jīqì.,The brain is just a complicated machine.,他不能处理好复杂情况。,Tā bùnéng chǔlǐ hǎo fùzá qíngkuàng.,He can't cope with complicated situations.
1215,负责,fùzé,conscientious; to take responsibility for,动、形,动 v.,verb; adjective,4,4,你必须为自己的行为负责。,Nǐ bìxū wèi zìjǐ de xíngwéi fùzé.,You must account for your conduct.,一个人要为他的行为负责。,Yígè rén yào wèi tā de xíngwéi fùzé.,A man is responsible for his deeds.,她必须对她的行为负责。,Tā bìxū duì tā de xíngwéi fùzé.,She must answer for her actions.
1216,负责人,fùzérén,person in charge,名,名 n.,noun,4,4,有问题请联系项目负责人。,Yǒu wèntí qǐng liánxì xiàngmù fùzérén.,Please contact the project lead if you have questions.,她是这个部门的负责人。,Tā shì zhège bùmén de fùzérén.,She is the person in charge of this department.,负责人正在安排明天的会议。,Fùzérén zhèngzài ānpái míngtiān de huìyì.,The person in charge is arranging tomorrow’s meeting.
1217,父子,fùzǐ,father and son,名,名 n.,noun,4,4,父子俩周末一起踢足球。,Fùzǐliǎ zhōumò yìqǐ tīzúqiú.,The father and son play soccer together on weekends.,那对父子长得很像。,Nà duì fùzǐ zhǎng dé hěn xiàng.,The father and son look very much alike.,他们保持着亲密的父子关系。,Tāmen bǎochí zhe qīnmì de fùzǐguānxì.,They maintain a close father-son relationship.
1218,改,gǎi,to change; to alter,动,动 v.,verb,4,4,我改了一下我的网站的布局。,Wǒ gǎi le yíxià wǒ de wǎngzhàn de bùjú.,I've changed my website's layout.,我该改一下我的计划。,Wǒ gāi gǎi yíxià wǒ de jìhuà.,I had to change my plans.,他无法阻止她改信伊斯兰教。,Tā wúfǎ zǔzhǐ tā gǎi xìn yīsīlánjiào.,He couldn't do anything to stop her from converting to Islam.
1219,改变,gǎibiàn,to change; to alter,动,动 v.,verb,4,4,让我知道我是否需要改变。,Ràng wǒ zhīdào wǒ shìfǒu xūyào gǎibiàn.,Let me know if I need to change.,这样的话，我会改变主意。,Zhèyàngdehuà; wǒhuì gǎibiàn zhǔyì.,In that case; I'll change my mind.,那笔钱改变了他的生活。,Nà bǐ qián gǎibiàn le tā de shēnghuó.,That money changed his life.
1220,干,gān,capable; dry,形、（名）,形 adj.,adjective; noun,4,4（5）,你确定他们可以干这个吗？,Nǐ quèdìng tāmen kěyǐ gàn zhège ma?,Are you sure they can do this?,啊，我干了啥？我干了啥？,A; wǒ gàn le shá? wǒ gàn le shá?,Oh; what have I done? What have I done?,我不记得干了那样的事情。,Wǒ bú jìdé gàn le nàyàng de shìqíng.,I don't remember doing anything like that.
1221,干杯,gānbēi,Here's to you!; Bottoms up!,动,动 v.,verb,4,4,请诸位斟满酒，为新郎和新娘干杯！,Qǐng zhūwèi zhēnmǎn jiǔ; wèi xīnláng hé xīnniáng gānbēi!,Please charge your glasses and drink a toast to the bride and groom!,干杯!,Gānbēi!,Cheers!,干杯！,Gānbēi!,Bottoms up!
1222,赶,gǎn,to overtake; to hurry,动,动 v.,verb,4,4,对不起，刚刚还想赶你走。,Duìbùqǐ; gānggāng hái xiǎng gǎn nǐ zǒu.,Sorry; I just wanted to drive you away.,我明天要赶大清早的火车。,Wǒ míngtiān yào gǎn dàqīngzǎo de huǒchē.,I have to catch the early train tomorrow.,他被赶出了这栋房子。,Tā bèi gǎn chū le zhèdòng fángzi.,He got thrown out of the house.
1223,敢,gǎn,to dare; daring,动,动 v.,verb,4,4,我敢说他不是个坏男生。,Wǒ gǎn shuō tā búshì gè huài nánshēng.,I dare say he's not a bad boy.,你怎么敢这样跟我说话！,Nǐ zěnme gǎn zhèyàng gēn wǒ shuōhuà!,How dare you speak to me like that!,你怎么敢这么跟我说话？,Nǐ zěnme gǎn zhème gēn wǒ shuōhuà?,How dare you speak to me like that?
1224,感,gǎn,to feel; to move,后缀,后缀 suff.,suffix,4,4,梅纳德的焦虑感涌了上来。,Méinàdé de jiāolǜ gǎn yǒng le shànglái.,Mennad's anxiety was kicking.,我感覚我的头要炸了。,Wǒ gǎn jué wǒ de tóu yào zhà le.,I feel like my head is going to explode.,他对什么都感好奇。,Tā duì shénme dōu gǎn hàoqí.,He's curious about everything.
1225,感动,gǎndòng,moving; to move (someone),形、动,形 adj.,adjective; verb,4,4,这件事让我真的很感动。,Zhèjiàn shì ràng wǒ zhēnde hěn gǎndòng.,I was really moved by this.,他被那个故事深深地感动了。,Tā bèi nàge gùshì shēnshēndì gǎndòng le.,He was deeply moved by the story.,我深深地被她的仁慈所感动。,Wǒ shēnshēndì bèi tā de réncí suǒ gǎndòng.,I was greatly moved by her kindness.
1226,赶紧,gǎnjǐn,hurriedly; without delay,副,副 adv.,adverb,4,4,你的牙都黄了，赶紧去刷牙。,Nǐ de yá dōu huáng le; gǎnjǐn qù shuāyá.,Your teeth are all yellow. You should clean them better.,我觉得你应该赶紧走。,Wǒ juéde nǐ yīnggāi gǎnjǐn zǒu.,I think you should leave as soon as you can.,最好赶紧离开！,Zuìhǎo gǎnjǐn líkāi!,Better run away immediately!
1227,感觉,gǎnjué,feeling; impression,名、动,名 n.,noun; verb,4,4,你是否有恶心呕吐的感觉。,Nǐ shìfǒu yǒu ěxīn ǒutù de gǎnjué.,Do you feel nauseous?,有他在身边我感觉很自在。,Yǒu tā zài shēnbiān wǒ gǎnjué hěn zì zài.,I feel at ease around him.,她在他们家里感觉很放松。,Tā zài tāmen jiālǐ gǎnjué hěn fàngsōng.,She feels at ease in their home.
1228,赶快,gǎnkuài,quickly; at once,副,副 adv.,adverb,4,4,喂，赶快把那些球传回来。,Wèi; gǎnkuài bǎ nàxiē qiú chuán huílái.,Hey; get those balls back quickly.,他还是赶快闭嘴的好。,Tā háishì gǎnkuài bìzuǐ de hǎo.,The sooner he shuts up; the better.,我赶快跑走了。,Wǒ gǎnkuài pǎo zǒu le.,I ran away in a hurry.
1229,感情,gǎnqíng,emotion; sentiment,名,名 n.,noun,4,4,我很抱歉伤害了你的感情。,Wǒ hěn bàoqiàn shānghài le nǐ de gǎnqíng.,I'm so sorry I hurt your feelings.,我们之间已经没有感情了。,Wǒmen zhījiān yǐjīng méiyǒu gǎnqíng le.,I don't like him any more than he likes me.,她很容易受到感情上的伤害。,Tā hěn róngyì shòudào gǎnqíng shàng de shānghài.,Her feelings are easily hurt.
1230,感人,gǎnrén,touching; moving,形,形 adj.,adjective,4,4,那部电影真的很感人。,Nà bù diànyǐng zhēnde hěn gǎnrén.,That movie was really moving.,这首歌太感人了，使我不禁流下了眼泪。,Zhè shǒugē tài gǎnrén le; shǐ wǒ bùjīn liúxià le yǎnlèi.,This song is so moving that it brings tears to my eyes.,有一个温馨感人的故事，是关于一只获救的狗狗的。,Yǒu yígè wēnxīn gǎnrén de gùshì; shì guānyú yìzhī huòjiù de gǒugǒu de.,There’s a heartwarming story about a rescued puppy.
1231,赶上,gǎnshàng,to overtake; to chance upon,动,动 v.,verb,4,4,我们差一点没赶上这班车。,Wǒmen chàyìdiǎn méi gǎnshàng zhè bānchē.,We just barely made the train.,他差一分钟就能赶上火车。,Tā chà yìfēnzhōng jiù néng gǎnshàng huǒchē.,He missed the train by a minute.,我们能赶上最后一班火车。,Wǒmen néng gǎnshàng zuìhòu yìbān huǒchē.,We were able to catch the last train.
1232,感受,gǎnshòu,to sense; perception,动、名,动 v.,verb; noun,4,4,你对这个问题有甚么感受？,Nǐ duì zhège wèntí yǒu shénme gǎnshòu?,How do you feel about the issue?,我希望更多人也能感受到。,Wǒ xīwàng gèng duō rén yě néng gǎnshòu dào.,I wish more people felt the same way.,你能感受到不同之处吗？,Nǐ néng gǎnshòu dào bùtóngzhīchù ma?,Can you feel the difference?
1233,感谢,gǎnxiè,gratitude; grateful,动,动 v.,verb,4,4,我无法表达我对你的感谢。,Wǒ wúfǎ biǎodá wǒ duì nǐ de gǎnxiè.,I can't thank you enough.,感谢你请我来参加派对。,Gǎnxiè nǐ qǐng wǒ lái cānjiā pàiduì.,Thank you for inviting me to the party.,感谢所有的翻译人员！,Gǎnxiè suǒyǒu de fānyìrényuán!,Thanks to all the translators!
1234,干活儿,gànhuór,(coll.) to work; (coll.) to be employed,动,动 v.,verb,4,4,他每天在工厂干活儿。,Tā měitiān zài gōngchǎng gànhuór.,He works at the factory every day.,大家一起干活儿，很快就完成了。,Dàjiā yìqǐ gànhuór; hěn kuài jiù wánchéng le.,Everyone worked together and finished quickly.,干活儿累了就休息一会儿。,Gànhuór lèi le jiù xiūxi yíhuìr.,Rest for a while when you get tired from working.
1235,钢琴,gāngqín,piano,名,名 n.,noun,4,4,她在钢琴上弹了一首曲子。,Tā zài gāngqín shàng dàn le yìshǒu qǔzi.,She played a tune on the piano.,田中先生的钢琴弹得很好。,Tiánzhōng xiānshēng de gāngqín dàn dé hěn hǎo.,Mr. Tanaka can play the piano well.,美保的钢琴弹得比纪子好。,Měi bǎo de gāngqín dàn dé bǐ jìzi hǎo.,Miho plays the piano better than Noriko.
1236,高价,gāojià,high price,名,名 n.,noun,4,4,这家公司高价购买了那幅画。,Zhèjiā gōngsī gāojià gòumǎi le nàfú huà.,The company bought that painting at a high price.,游客不愿意高价买普通商品。,Yóukè bú yuànyì gāojià mǎi pǔtōngshāngpǐn.,Tourists do not want to pay high prices for ordinary goods.,那套房子最后以高价卖出。,Nà tào fángzi zuìhòu yǐ gāojià màichū.,That home was eventually sold at a high price.
1237,高考,gāokǎo,college entrance exam,名,名 n.,noun,4,4,他正在认真准备高考。,Tā zhèngzài rènzhēn zhǔnbèi gāokǎo.,He is preparing seriously for the college entrance exam.,高考结束后，她想去旅行。,Gāokǎo jiéshù hòu; tā xiǎng qù lǚxíng.,After the college entrance exam; she wants to travel.,很多学生把高考看作重要考试。,Hěnduō xuéshēng bǎ gāokǎo kànzuò zhòngyào kǎoshì.,Many students see the college entrance exam as an important test.
1238,高速,gāosù,high speed; expressway,形,形 adj.,adjective,4,4,这是一条高速铁路。,Zhè shì yìtiáo gāosùtiělù.,This is a high-speed railway.,我们开车上了高速公路。,Wǒmen kāichē shàng le gāosùgōnglù.,We drove onto the expressway.,高速发展也会带来新问题。,Gāosù fāzhǎn yě huì dàilái xīn wèntí.,Rapid development can also create new problems.
1239,高温,gāowēn,high temperature,名,名 n.,noun,4,4,在高温下反应会更快发生。,Zài gāowēn xià fǎnyìng huì gèng kuài fāshēng.,Reactions become faster at high temperatures.,我妈讨厌夏天的高温。,Wǒ mā tǎoyàn xiàtiān de gāowēn.,My mother hates summer heat.,2015 年 7 月，伊拉克首都巴格达出现摄氏 51.1 度的高温。,2015 Nián 7 yuè; yīlākè shǒudū bāgédá chūxiàn shèshì 51. 1 dù de gāowēn.,In July of 2015; the highest temperature in the capital city of Iraq; Baghdad; was 51.1 degrees Celsius.
1240,高于,gāoyú,greater than; to exceed,动,动 v.,verb,4,4,我的成绩高于平均水平。,Wǒ de chéngjì gāoyú píngjūnshuǐpíng.,My grades are above average.,这个男人的体温高于正常体温。,Zhège nánrén de tǐwēn gāoyú zhèngcháng tǐwēn.,The man's body temperature is higher than normal.,城市居民的死亡率高于农村里的人。,Chéngshìjūmín de sǐwánglǜ gāoyú nóngcūn lǐ de rén.,City dwellers have a higher death rate than country people do.
1241,胳膊,gēbo,arm,名,名 n.,noun,4,4,他把身子靠在胳膊上。,Tā bǎ shēnzi kào zài gēbó shàng.,He leaned on his elbows.,另一个抓住他的胳膊。,Lìng yígè zhuāzhù tā de gēbó.,The other grasped his arm.,警察抓著小偷的胳膊。,Jǐngchá zhuā zhù xiǎotōu de gēbó.,The policeman took the thief by the arm.
1242,歌声,gēshēng,singing voice; fig. original voice of a poet,名,名 n.,noun,4,4,她的歌声有很强的表现力。,Tā de gēshēng yǒu hěn qiáng de biǎoxiànlì.,She has an extremely expressive singing voice.,他的歌声出乎意料之外地好听。,Tā de gēshēng chūhūyìliào zhīwài dì hǎotīng.,To my surprise; he had a beautiful voice.,你的歌声清澈如太平洋的海水。,Nǐ de gēshēng qīngchè rú tàipíngyáng de hǎishuǐ.,You sing with a voice as clear as the waters of the Pacific Ocean.
1243,歌手,gēshǒu,singer,名,名 n.,noun,4,4,她是一名无人能敌的歌手。,Tā shì yìmíng wúrénnéngdí de gēshǒu.,She is a singer without equal.,他不是歌手，但是个演员。,Tā búshì gēshǒu; dànshì gè yǎnyuán.,He is not a singer; but an actor.,帮我推荐几位法国歌手吧。,Bāng wǒ tuījiàn jǐwèi fǎguó gēshǒu ba.,Could you recommend a few French singers?
1244,各,gè,each; every,代、副,代 pron.,pronoun; adverb,4,4,她在各方面都像她的母亲。,Tā zài gè fāngmiàn dōu xiàng tā de mǔqīn.,She resembles her mother in every respect.,他在各方面都超出他的对手。,Tā zài gè fāngmiàn dōu chāochū tā de duìshǒu.,He surpasses his rivals in all ways.,他在各方面都比不上你。,Tā zài gè fāngmiàn dōu bǐbúshàng nǐ.,He is inferior to you in all respects.
1245,各地,gèdì,various regions; in all parts of (a country),名,名 n.,noun,4,4,他去世的消息传遍各地。,Tā qùshì de xiāoxī chuánbiàn gèdì.,The news of his death spread around.,往返各地的收费如下。,Wǎngfǎn gèdì de shōufèi rúxià.,Round-trip fares to each destination are as follows.,我们游遍全国各地。,Wǒmen yóubiàn quánguó gèdì.,We travelled all over the country.
1246,各个,gègè,every; various,代、副,代 pron.,pronoun; adverb,4,4,各个部门都参加了会议。,Gègèbùmén dōu cānjiā le huìyì.,Every department attended the meeting.,这些学生来自各个国家。,Zhèxiē xuéshēng láizì gègè guójiā.,These students come from various countries.,各个房间的大小不一样。,Gègè fángjiān de dàxiǎo bù yíyàng.,The rooms are all different sizes.
1247,各位,gèwèi,everybody; all,代,代 pron.,pronoun,4,4,各位会讲加泰罗尼亚语吗？,Gèwèi huì jiǎng jiātàiluóníyàyǔ ma?,Do you speak Catalan?,各位想喝果汁还是水？,Gèwèi xiǎng hē guǒzhī háishì shuǐ?,Would you all like to drink fruit juice or water?,祝各位高中统考顺利！,Zhù gèwèi gāozhōng tǒngkǎo shùnlì!,I am wishing every high school student good luck on their exams!
1248,各种,gèzhǒng,every kind of; all kinds of,代,代 pron.,pronoun,4,4,各种规定让他失去了自由。,Gèzhǒng guīdìng ràng tā shīqù le zìyóu.,All kinds of rules made him lose his freedom.,日本从国外进口各种原料。,Rìběn cóng guówài jìnkǒu gèzhǒng yuánliào.,Japan imports various raw materials from abroad.,我们种植各种的作物。,Wǒmen zhòngzhí gèzhǒng de zuòwù.,We grow a variety of crops.
1249,更加,gèngjiā,even more; more (than something else),副,副 adv.,adverb,4,4,我希望你更加努力地工作。,Wǒ xīwàng nǐ gèngjiā nǔlì dì gōngzuò.,I want you to work harder.,这样说是不是更加地道呢？,Zhèyàng shuō shìbúshì gèngjiā dìdào ne?,Is it more idiomatic if I say it like this?,我们本该更加努力学习。,Wǒmen běngāi gèngjiā nǔlìxuéxí.,We should've studied harder.
1250,工厂,gōngchǎng,factory,名,名 n.,noun,4,4,水梨在这家工厂进行装罐。,Shuǐ lí zài zhèjiā gōngchǎng jìnxíng zhuāngguàn.,Nashi are tinned in this factory.,数百个人在这家工厂上班。,Shùbǎigè rén zài zhèjiā gōngchǎng shàngbān.,Hundreds of people work in this factory.,那个工厂开除了很多工人。,Nàge gōngchǎng kāichú le hěnduō gōngrén.,Many workers were laid off at that plant.
1251,功夫,gōngfu,skill; art,名,名 n.,noun,4,4,我想解决这个问题，可是白费功夫。,Wǒ xiǎng jiějué zhège wèntí; kěshì báifèi gōngfu.,I tried in vain to deal with the problem.,我没功夫吃饭。,Wǒ méi gōngfu chīfàn.,I had no time to eat.,消防员一眨眼的功夫就把火给灭了。,Xiāofángyuán yìzhǎyǎn de gōngfu jiù bǎ huǒ gěi miè le.,The firefighters put out the fire in the blink of an eye.
1252,公共,gōnggòng,public; common,形,形 adj.,adjective,4,4,他因滥用公共基金而被捕。,Tā yīn lànyòng gōnggòng jījīn ér bèibǔ.,He was arrested for abusing public funds.,我去了公共游泳池应征当救生员。,Wǒ qù le gōnggòng yóuyǒngchí yìngzhēng dāng jiùshēngyuán.,I applied for a job as a lifeguard at the community pool.,骇客们找到渗透私人或公共网络的新方法。,Hàikè men zhǎodào shèntòu sīrén huò gōnggòng wǎngluò de xīn fāngfǎ.,Hackers find new ways of infiltrating private or public networks.
1253,功课,gōngkè,assignment; homework,名,名 n.,noun,4,4,他今天必须完成他的功课。,Tā jīntiān bìxū wánchéng tā de gōngkè.,He must finish his homework today.,我哥哥有时会教我做功课。,Wǒ gēgē yǒushí huì jiào wǒ zuò gōngkè.,My brother sometimes helps me with my homework.,我答应了弟弟教他做功课。,Wǒ dāyìng le dìdi jiào tā zuò gōngkè.,I promised to help my brother with his homework.
1254,公里,gōnglǐ,kilometer,量,量 m.w.,measure word,4,4,今儿我走了10公里路。,Jīnér wǒ zǒu le 10 gōnglǐ lù.,I walked 10 kilometers today.,从这里到银行足有三公里路。,Cóng zhèlǐ dào yínháng zú yǒu sān gōnglǐ lù.,It is three kilometers from here to the bank.,那条河长300公里。,Nàtiáo hé zhǎng 300 gōnglǐ.,The river is 300 kilometers in length.
1255,公路,gōnglù,highway; road,名,名 n.,noun,4,4,我们家在公路边上。,Wǒmen jiā zài gōnglù biānshàng.,Our house stands by the road.,铁路与公路平行。,Tiělù yǔ gōnglù píngxíng.,The railroad is parallel to the road.,他穿过公路。,Tā chuānguò gōnglù.,He crossed the street.
1256,工人,gōngrén,worker,名,名 n.,noun,4,4,那个工厂开除了很多工人。,Nàge gōngchǎng kāichú le hěnduō gōngrén.,Many workers were laid off at that plant.,有很多工人被困在煤矿里了。,Yǒu hěnduō gōngrén bèikùn zài méikuàng lǐ le.,Many workers were trapped in the coal mine.,他让他的工人在办公室吃饭。,Tā ràng tā de gōngrén zài bàngōngshì chīfàn.,He lets his workers eat meals in the office.
1257,工资,gōngzī,wages; pay,名,名 n.,noun,4,4,一领到工资就把钱还给你。,Yì lǐngdào gōngzī jiù bǎ qián huángěi nǐ.,I'll pay you back once I receive my salary.,你的第一份工资要怎么花？,Nǐ de dìyīfèn gōngzī yào zěnme huā?,What are you going to do with your first pay?,我的工资是30万日元。,Wǒ de gōngzī shì 30 wànrìyuán.,My salary is 300;000 yen.
1258,共,gòng,common; general,副,副 adv.,adverb,4,4,你们共住一个房间吗？,Nǐmen gòng zhù yígè fángjiān ma?,Do you share a room?,没有人可以共侍二主。,Méiyǒu rén kěyǐ gòng shì èr zhǔ.,No man can serve two masters.,我想和你共渡余生。,Wǒ xiǎng hé nǐ gòng dù yúshēng.,I want to spend my life with you.
1259,共同,gòngtóng,common; jointly,形,形 adj.,adjective,4,4,音乐是人类共同的语言。,Yīnyuè shì rénlèi gòngtóng de yǔyán.,Music is a common speech for humanity.,我永远不会忘记我们共同度过的时光。,Wǒ yǒngyuǎn búhuì wàngjì wǒmen gòngtóng dùguò de shíguāng.,I'll never forget the time we've spent together.,他们想和你互相谈谈共同的兴趣领域。,Tāmen xiǎng hé nǐ hùxiāng tántán gòngtóng de xìngqù lǐngyù.,They want to talk to you about areas of mutual interest.
1260,够,gòu,enough (sufficient); enough (too much),动、副,动 v.,verb; adverb,4,4,这间房间对你来说够大吗?,Zhè jiān fángjiān duì nǐ láishuō gòu dà ma?,Is the room big enough for you?,他够大方，借了我一点钱。,Tā gòu dàfāng; jiè le wǒ yìdiǎn qián.,He was kind enough to lend me some money.,他认为他自己够迷人的了。,Tā rènwéi tā zìjǐ gòu mírén de le.,He thought of himself as being charming enough.
1261,购买,gòumǎi,to purchase; to buy,动,动 v.,verb,4,4,您现在不必购买任何东西。,Nín xiànzài búbì gòumǎi rènhé dōngxī.,You don't have to buy anything right now.,我可能也会购买整修品。,Wǒ kěnéng yě huì gòumǎi zhěngxiū pǐn.,I might consider buying a refurbished phone.,我当时每个月都会购买五本书。,Wǒ dāngshí měigè yuè dū huì gòumǎi wǔ běnshū.,I bought five books a month.
1262,购物,gòuwù,shopping,动,动 v.,verb,4,4,你将会和我一起去购物吗？,Nǐ jiāng huì hé wǒ yìqǐ qù gòuwù ma?,Will you go shopping with me?,附近是不是有一间购物商场？,Fùjìn shìbúshì yǒu yìjiān gòuwù shāngchǎng?,Is there a mall near here?,我昨天购物时自行车被偷了。,Wǒ zuótiān gòuwù shí zìxíngchē bèi tōu le.,My bike was stolen when I went shopping.
1263,估计,gūjì,to estimate; to reckon,动,动 v.,verb,4,4,我估计我无法及时赶到。,Wǒ gūjì wǒ wúfǎ jíshí gǎndào.,I don't think I'll be able to get there on time.,估计那就是个笑话吧。,Gūjì nà jiùshì gè xiàohuà ba.,I guess it's only a joke.,您能估计一下数量吗？,Nín néng gūjì yíxià shùliàng ma?,Could you give me a ball-park figure?
1264,姑娘,gūniang,girl; young woman,名,名 n.,noun,4,4,你们这些姑娘在做甚么？,Nǐmen zhèxiē gūniáng zài zuò shénme?,What are you girls doing?,他娶了一个加拿大姑娘。,Tā qǔ le yígè jiānádà gūniáng.,He married a Canadian girl.,留西雅是一个很单纯的姑娘。,Liú xī yǎ shì yígè hěn dānchún de gūniáng.,Lucia is a simple kind of girl.
1265,鼓励,gǔlì,to encourage,动,动 v.,verb,4,4,我？鼓励你去工作？不可能！,Wǒ? gǔlì nǐ qù gōngzuò? bù kěnéng!,Me? Encourage you to work? Blasphemy!,我鼓励学生们更努力地学习。,Wǒ gǔlì xuéshēng men gèng nǔlì dì xuéxí.,I inspired my students to work harder.,我们被鼓励使用想像力。,Wǒmen bèi gǔlì shǐyòng xiǎngxiànglì.,We are encouraged to use our imagination.
1266,顾客,gùkè,customer; client,名,名 n.,noun,4,4,他的店总是挤满了顾客。,Tā de diàn zǒngshì jǐmǎn le gùkè.,His store is always crowded with customers.,萨米对顾客变得更加挑衅了。,Sàmǐ duì gùkè biàndé gèngjiā tiǎoxìn le.,Sami became more aggressive with customers.,顾客永远是正确的吗？,Gùkè yǒngyuǎn shì zhèngquè de ma?,Is the customer always right?
1267,故意,gùyì,deliberately; on purpose,副,副 adv.,adverb,4,4,你故意犯这个错; 是吗?,Nǐ gùyì fàn zhège cuò; shì ma?,You made the mistake on purpose; didn't you?,我讨厌遇到有人故意急煞车。,Wǒ tǎoyàn yùdào yǒurén gùyì jí shāchē.,I hate getting brake-checked.,他为了惹恼我故意犯错。,Tā wèile rěnǎo wǒ gùyì fàncuò.,He made mistakes on purpose to annoy me.
1268,挂,guà,to be dead; to die,动,动 v.,verb,4,4,我把我的帽子挂在挂钩上。,Wǒ bǎ wǒ de màozi guà zài guàgōu shàng.,I hung my hat on the peg.,苹果树上挂着美丽的花朵。,Píngguǒshù shàng guà zhe měilì de huāduǒ.,The apple tree has a beautiful blossom.,墙上挂著一幅鲍勃的肖像。,Qiángshàng guà zhù yìfú bào bó de xiàoxiàng.,There is a portrait of Bob on the wall.
1269,关键,guānjiàn,crucial point; crux,名、形,名 n.,noun; adjective,4,4,关键不在穿什么，而是怎么穿。,Guānjiàn bú zài chuān shénme; érshì zěnme chuān.,It's not what you wear; it's how you wear it.,这正是问题的关键。,Zhè zhèngshì wèntí de guānjiàn.,That's the point.,元旦是一年的关键。,Yuándàn shì yìnián de guānjiàn.,New Year's Day is the key to the year.
1270,观看,guānkàn,to watch; to view,动,动 v.,verb,4,4,值得观看的电视节目寥寥无几。,Zhíde guānkàn de diànshìjiémù liáoliáowújǐ.,Only a few TV programs are worth watching.,我屏气观看眼前光景。,Wǒ bǐngqì guānkàn yǎnqián guāngjǐng.,I watched what was unfolding in front of my eyes with bated breath.,看电视的时候请确保屋子够亮，观看时保持距离。,Kàndiànshì de shíhòu qǐng quèbǎo wūzi gòu liàng; guānkàn shí bǎochí jùlí.,When watching TV; please ensure that the room is brightly lit and watch from a distance.
1271,观众,guānzhòng,spectators; audience,名,名 n.,noun,4,4,所有的观众都站起来鼓掌。,Suǒyǒu de guānzhòng dōu zhàn qǐlái gǔzhǎng.,The whole audience got up and started to applaud.,大部分观众是年幼的儿童。,Dàbùfèn guānzhòng shì niányòu de értóng.,The audience was largely made up of very young children.,观众似乎觉得无聊。,Guānzhòng sìhū juéde wúliáo.,The audience seems to feel bored.
1272,管,guǎn,to control; to manage,动、（名、量）,动 v.,verb; noun; measure word,4,4（5）,谁管她什么时候要结婚?,Shuí guǎn tā shénme shíhòu yào jiéhūn?,Who cares when she will marry?,谁管她什么时候结婚？,Shuí guǎn tā shénme shíhòu jiéhūn?,Who cares when she gets married?,他用他的迪吉里杜管勾引了她。,Tā yòng tā de dí jílǐ dù guǎn gōuyǐn le tā.,He seduced her with his didgeridoo.
1273,管理,guǎnlǐ,to supervise; to manage,动,动 v.,verb,4,4,日本政府无法管理问题。,Rìběnzhèngfǔ wúfǎ guǎnlǐ wèntí.,The Japanese government can't cope with the problem.,小明同学管理能力很强。,Xiǎo míng tóngxué guǎnlǐ nénglì hěn qiáng.,My classmate; Xiao Ming; has strong managerial capability.,我们再怎么认真管理核电站也不为过。,Wǒmen zài zěnme rènzhēn guǎnlǐ hédiànzhàn yě búwèiguò.,We can not be too careful in operating a nuclear power plant.
1274,光,guāng,bright; light,名、形、动、副,名 n.,noun; adjective; verb; adverb,4,4,那就不要光着身子散步!,Nà jiù búyào guāng zhe shēnzi sànbù!,Don't go for a walk naked!,花光他们所有的钱会很荒谬。,Huā guāng tāmen suǒyǒu de qián huì hěn huāngmiù.,It would be ridiculous to spend all their money.,光看表面是不足够的。,Guāng kàn biǎomiàn shì bù zúgòu de.,All that glitters is not gold.
1275,广播,guǎngbō,broadcasting; to broadcast,动、名,动 v.,verb; noun,4,4,据广播里讲，明天会下雪。,Jù guǎngbō lǐ jiǎng; míngtiān huì xiàxuě.,According to the radio; it will snow tomorrow.,我常常在我的闲暇时候听广播。,Wǒ chángcháng zài wǒ de xiánxiá shíhòu tīng guǎngbō.,I often spend my leisure time listening to the radio.,我从广播中听到它。,Wǒ cóng guǎngbō zhōng tīngdào tā.,I heard it on the radio.
1276,广告,guǎnggào,to advertise; a commercial,名,名 n.,noun,4,4,广告怂恿我们买奢侈品。,Guǎnggào sǒngyǒng wǒmen mǎi shēchǐpǐn.,Advertisements urge us to buy luxuries.,门外又被贴满了小广告。,Ménwài yòu bèi tiē mǎn le xiǎo guǎnggào.,Everything outside is fly-posted again.,那家公司在广告上花了很多钱。,Nà jiā gōngsī zài guǎnggào shàng huā le hěnduō qián.,The company spends a lot of money on advertising.
1277,逛,guàng,to stroll; to visit,动,动 v.,verb,4,4,她会带你到镇上逛一圈的。,Tā huì dài nǐ dào zhènshàng guàng yìquān de.,She will show you around this town.,一两天是没办法逛完东京的。,Yìliǎngtiān shì méi bànfǎ guàng wán dōngjīng de.,It's impossible to do the sights of Tokyo in a day or two.,我很喜欢逛二手书店和二手衣店。,Wǒ hěn xǐhuān guàng èrshǒu shūdiàn hé èrshǒu yī diàn.,I like shopping in used-book stores and in used-clothing shops.
1278,规定,guīdìng,to stipulate; to specify,动、名,动 v.,verb; noun,4,4,各种规定让他失去了自由。,Gèzhǒng guīdìng ràng tā shīqù le zìyóu.,All kinds of rules made him lose his freedom.,这个规定太不人性化了。,Zhège guīdìng tài bù rénxìnghuà le.,This rule is so inhumane.,学校规定学生不能抽烟。,Xuéxiào guīdìng xuéshēng bùnéng chōuyān.,The school rules that students cannot smoke.
1279,国籍,guójí,nationality,名,名 n.,noun,4,4,我们真正的国籍是人类。,Wǒmen zhēnzhèng de guójí shì rénlèi.,Our true nationality is mankind.,所有人都有享有国籍的权利。,Suǒyǒurén dōu yǒu xiǎngyǒu guójí de quánlì.,Everyone has the right to a nationality.,这家公司不分种族、宗教或国籍雇用人。,Zhèjiā gōngsī bù fēn zhǒngzú; zōngjiào huò guójí gùyòng rén.,That company hires people without regard to race; religion; or nationality.
1280,国际,guójì,international,形、名,形 adj.,adjective; noun,4,4,3月21日是国际森林日。,3 Yuè 21 rì shì guójì sēnlín rì.,March 21 is International Day of Forests.,英语成为了一门国际语言。,Yīngyǔ chéngwéi le yìmén guójì yǔyán.,English has become an international language.,他是个国际银行的翻译。,Tā shì gè guójì yínháng de fānyì.,He's an interpreter in an international bank.
1281,果汁,guǒzhī,fruit juice,名,名 n.,noun,4,4,这个果汁喝起来酸酸的。,Zhège guǒzhī hē qǐlái suānsuānde.,This juice tastes sour.,比起果汁，我比较喜欢牛奶。,Bǐqǐ guǒzhī; wǒ bǐjiào xǐhuān niúnǎi.,I prefer milk to juice.,比起果汁，我更喜欢苏打水。,Bǐqǐ guǒzhī; wǒ gèng xǐhuān sūdáshuǐ.,I prefer soda to juice.
1282,过程,guòchéng,course of events; process,名,名 n.,noun,4,4,我向他解释了这个过程。,Wǒ xiàng tā jiěshì le zhège guòchéng.,I explained the process to him.,学习是一个循序渐进的过程。,Xuéxí shì yígè xúnxùjiànjìn de guòchéng.,Studying is a step-by-step process.,整个过程需要耗费数月。,Zhěnggè guòchéng xūyào hàofèi shùyuè.,The whole process will take months.
1283,海洋,hǎiyáng,ocean,名,名 n.,noun,4,4,地球是由海洋和陆地组成的。,Dìqiú shì yóu hǎiyáng hé lùdì zǔchéng de.,The earth is made up of sea and land.,太平洋是世界上最大的海洋。,Tàipíngyáng shì shìjiè shàng zuìdà de hǎiyáng.,The Pacific is the largest ocean in the world.,从海洋吹来的风感觉湿漉漉的。,Cóng hǎiyáng chuī lái de fēng gǎnjué shīlùlù de.,Winds from the sea are moist.
1284,害羞,hàixiū,shy; embarrassed,形,形 adj.,adjective,4,4,一般而言，日本人很害羞。,Yìbānéryán; rìběn rén hěn hàixiū.,Generally; Japanese people are shy.,我害羞得不敢正面看她的脸。,Wǒ hàixiū dé bùgǎn zhèngmiàn kàn tā de liǎn.,I was too shy to look her in the face.,我是一个害羞的男孩。,Wǒ shì yígè hàixiū de nánhái.,I am a shy boy.
1285,寒假,hánjià,winter vacation,名,名 n.,noun,4,4,寒假期间我打算回老家。,Hánjià qījiān wǒ dǎsuàn huílǎojiā.,I plan to return to my hometown during winter vacation.,学校的寒假从一月开始。,Xuéxiào de hánjià cóng yíyuè kāishǐ.,The school’s winter vacation begins in January.,这个寒假你有什么安排？,Zhège hánjià nǐ yǒu shénme ānpái?,What plans do you have for this winter vacation?
1286,寒冷,hánlěng,frigid; very cold,形,形 adj.,adjective,4,4,寒冷的天气持续了三个礼拜。,Hánlěng de tiānqì chíxù le sāngè lǐbài.,The cold weather continued for three weeks.,天气很寒冷，雨也很多。,Tiānqì hěn hánlěng; yǔ yě hěnduō.,The weather was not only cold; but also wet.,有些植物无法适应寒冷。,Yǒuxiē zhíwù wúfǎ shìyìng hánlěng.,Some plants cannot adapt themselves to the cold.
1287,喊,hǎn,to yell; to shout,动,动 v.,verb,4,4,一些司机笑的笑，喊的喊。,Yìxiē sījī xiào de xiào; hǎn de hǎn.,Some of the drivers were laughing and yelling.,你只需要喊他还债就行。,Nǐ zhǐ xūyào hǎn tā huánzhài jiù xíng.,All you have to do is ask him to pay the debt.,有人喊我的名字。,Yǒurén hǎn wǒ de míngzì.,Somebody is shouting my name.
1288,汗,hàn,perspiration; sweat,名,名 n.,noun,4,4,你身上有股汗味儿，洗澡去。,Nǐ shēnshàng yǒu gǔ hàn wèiér; xǐzǎo qù.,You smell sweaty. Go and have a shower.,擦掉你额头上的汗。,Cādiào nǐ étóu shàng de hàn.,Wipe the sweat from your brow.,我正流着汗。,Wǒ zhèng liú zhe hàn.,I'm dripping with sweat.
1289,航班,hángbān,(scheduled) flight; (scheduled) sailing,名,名 n.,noun,4,4,对不起，航班已经客满了。,Duìbùqǐ; hángbān yǐjīng kèmǎn le.,Sorry; the flight is already full.,我想要一个直飞纽约的航班。,Wǒ xiǎngyào yígè zhífēi niǔyuē de hángbān.,I'd like a nonstop flight to New York.,我想要再确认一下我的航班。,Wǒ xiǎngyào zài quèrèn yíxià wǒ de hángbān.,I want to quickly confirm my flight again.
1290,好处,hǎochù,benefit; advantage,名,名 n.,noun,4,4,我想这药会对您有好处的。,Wǒ xiǎng zhè yào huì duì nín yǒu hǎochù de.,I think this medicine will do you good.,你给他们的钱会用到好处。,Nǐ gěi tāmen de qián huì yòngdào hǎochù.,The money you give them will be put to good use.,这件事对谁都没有好处。,Zhèjiàn shì duì shéi dōu méiyǒu hǎochù.,This event benefits no one.
1291,好好,hǎohǎo,well; carefully,形、副,形 adj.,adjective; adverb,4,4,他好好地利用了这个机会。,Tā hǎohǎo dì lìyòng le zhège jīhuì.,He made good use of the opportunity.,你应该好好利用这个机会。,Nǐ yīnggāi hǎohǎo lìyòng zhège jīhuì.,You should make good use of this opportunity.,他好好的使用了​​这笔钱。,Tā hǎohǎo de shǐyòng le ​ ​ zhèbǐ qián.,He made good use of the money.
1292,好笑,hǎoxiào,laughable; funny,形,形 adj.,adjective,4,4,你觉得留那种言很好笑吗?,Nǐ juéde liú nàzhǒng yán hěn hǎoxiào ma?,Do you think leaving this kind of message is funny?,他觉得这些笑话很好笑。,Tā juéde zhèxiē xiàohuà hěn hǎoxiào.,He liked the jokes.,她的帽子看起来很好笑。,Tā de màozi kànqǐlái hěn hǎoxiào.,Her hat looked very funny.
1293,合格,hégé,qualified; eligible,形,形 adj.,adjective,4,4,没有合格的申请人吗？,Méiyǒu hégé de shēnqǐngrén ma?,Aren't there any qualified applicants?,她是个合格的护士。,Tā shì gè hégé de hùshì.,She is qualified as a nurse.,50个申请人中有20个不合格。,50 Gè shēnqǐngrén zhōng yǒu 20 gè bù hégé.,There were 20 failures among 50 applicants.
1294,盒子,hézi,box; case,名,名 n.,noun,4,4,盒子上面不要放任何东西。,Hézi shàngmiàn búyào fàng rènhé dōngxī.,Don't put anything on top of the box.,你为什么打开这个盒子？,Nǐ wèishénme dǎkāi zhège hézi?,Why did you open the box?,看看我会在盒子里找到什么?,Kànkàn wǒhuì zài hézi lǐ zhǎodào shénme?,What will I find in the box?
1295,红包,hóngbāo,bonus payment; kickback,名,名 n.,noun,4,4,春节时长辈常给孩子红包。,Chūnjié shí chángbèi cháng gěi háizi hóngbāo.,During Spring Festival; elders often give children red envelopes.,她收到一个装着压岁钱的红包。,Tā shōudào yígè zhuāng zhe yāsuìqián de hóngbāo.,She received a red envelope containing New Year’s money.,我在红包上写了祝福语。,Wǒ zài hóngbāo shàng xiě le zhùfúyǔ.,I wrote a blessing on the red envelope.
1296,厚,hòu,thick; deep or profound,形,形 adj.,adjective,4,4,谁会读那么厚的一本书呢？,Shuí huì dú nàme hòu de yì běnshū ne?,Who's gonna read such a thick book?,冰厚得足以让我在上面走路。,Bīng hòu dé zúyǐ ràng wǒ zài shàngmiàn zǒulù.,The ice was thick enough for me to walk on.,她穿著一件厚外套以防止冷。,Tā chuānzhù yíjiàn hòu wàitào yǐ fángzhǐ lěng.,She was wearing a thick coat against the chill.
1297,后悔,hòuhuǐ,to regret; to feel remorse,动,动 v.,verb,4,4,我很后悔和他说了那番话。,Wǒ hěn hòuhuǐ hé tā shuō le nà fānhuà.,I regret having said that to him.,他后悔在校时没用功读书。,Tā hòuhuǐ zàixiào shí méi yònggōngdúshū.,He regrets not having worked harder at school.,他对他所做的一切感到后悔。,Tā duì tā suǒ zuò de yíqiè gǎndào hòuhuǐ.,He regrets what he did.
1298,忽然,hūrán,suddenly; all of a sudden,副,副 adv.,adverb,4,4,我忽然想起了我死去的妈妈。,Wǒ hūrán xiǎngqǐ le wǒ sǐqù de māmā.,I suddenly thought of my dead mother.,忽然天气转为多云。,Hūrán tiānqì zhuǎnwéi duōyún.,All of a sudden; it became cloudy.,有时我会在一瞬间忽然迷失说话的脉络，像是忽然刮来一阵狂风，将正在演奏的乐谱吹得无影无踪。,Yǒushí wǒhuì zài yíshùnjiān hūrán míshī shuōhuà de màiluò; xiàngshì hūrán guā lái yízhèn kuángfēng; jiāng zhèngzài yǎnzòu de yuèpǔ chuī dé wúyǐngwúzōng.,Sometimes I will lose the context of my speech in an instant; as if a sudden gust of wind blows away the music score being played without leaving a trace.
1299,互联网,hùliánwǎng,Internet,名,名 n.,noun,4,4,互联网是一种无法估量的信息资源。,Hùliánwǎng shì yìzhǒng wúfǎgūliáng de xìnxī zīyuán.,The Internet is an invaluable source of information.,互联网的广泛应用使新一代的年轻人诞生了。,Hùliánwǎng de guǎngfànyìngyòng shǐ xīnyídài de niánqīngrén dànshēng le.,The proliferation of Internet usage has given birth to a new generation of young people.,主要互联网的搜索引擎之一说：“快比慢好”。,Zhǔyào hùliánwǎng de sōusuǒyǐnqíng zhīyì shuō: “kuài bǐ màn hǎo”.,One of the major Internet search engines states that ‘Fast is better than slow’.
1300,护士,hùshi,nurse,名,名 n.,noun,4,4,她的梦想是成为一名护士。,Tā de mèngxiǎng shì chéngwéi yìmíng hùshì.,Her dream is to become a nurse.,一个护士量了我的体温。,Yígè hùshì liàng le wǒ de tǐwēn.,A nurse took my temperature.,你为什么想成为护士呢？,Nǐ wèishénme xiǎng chéngwéi hùshì ne?,Why do you want to be a nurse?
1301,互相,hùxiāng,each other; mutually,副,副 adv.,adverb,4,4,我们试图让手指互相交错。,Wǒmen shìtú ràng shǒuzhǐ hùxiāng jiāocuò.,We kept our fingers crossed.,最后他们互相达成了协议。,Zuìhòu tāmen hùxiāng dáchéng le xiéyì.,After all they came to terms with each other.,他们互相送礼物给对方。,Tāmen hùxiāng sònglǐwù gěi duìfāng.,They give each other presents.
1302,话剧,huàjù,stage play; modern drama,名,名 n.,noun,4,4,我们周末去剧院看话剧。,Wǒmen zhōumò qù jùyuàn kàn huàjù.,We are going to the theater to see a stage play this weekend.,这部话剧讲的是一个家庭的故事。,Zhèbù huàjù jiǎng de shì yígè jiātíng de gùshì.,This play tells the story of a family.,她在学校的话剧中演老师。,Tā zài xuéxiào dehuà jùzhōng yǎn lǎoshī.,She plays a teacher in the school play.
1303,怀疑,huáiyí,to suspect that; to have doubts,动,动 v.,verb,4,4,这一消息证实了我的怀疑。,Zhè yì xiāoxī zhèngshí le wǒ de huáiyí.,The news confirmed my suspicions.,我怀疑你是否有东西可写。,Wǒ huáiyí nǐ shìfǒu yǒu dōngxī kě xiě.,I wonder if you have something to write with.,我怀疑我是不是一个好作家。,Wǒ huáiyí wǒ shìbúshì yígè hǎo zuòjiā.,I doubt that I'm a good writer.
1304,坏处,huàichù,harm; troubles,名,名 n.,noun,4,4,熬夜对身体有很多坏处。,Áoyè duì shēntǐ yǒu hěnduō huàichù.,Staying up late has many harmful effects on the body.,这个办法的坏处是太费时间。,Zhège bànfǎ de huàichù shì tài fèishíjiān.,The disadvantage of this method is that it takes too much time.,我们要同时考虑好处和坏处。,Wǒmen yào tóngshí kǎolǜ hǎochù hé huàichù.,We need to consider both the advantages and disadvantages.
1305,环保,huánbǎo,environmental protection; environmentally friendly,名、形,名 n.,noun; adjective,4,4,一些海滩没能遵守环保规定。,Yìxiē hǎitān méi néng zūnshǒu huánbǎo guīdìng.,Some beaches had failed to comply with environmental regulations.,环保汽车在阿尔及利亚有售吗？,Huánbǎo qìchē zài āěrjílìyà yǒushòu ma?,Are eco-friendly cars sold in Algeria?,太阳能有益于环保。,Tàiyángnéng yǒuyìyú huánbǎo.,Solar power is environmentally friendly.
1306,换乘,huànchéng,to transfer; change trains/buses,动,动 v.,verb,4,4,你得在涉谷换乘火车。,Nǐ dé zài shè gǔ huànchéng huǒchē.,You have to change trains at Shibuya.,在这里换乘地铁与轻轨方便吗？,Zài zhèlǐ huànchéng dìtiě yǔ qīngguǐ fāngbiàn ma?,Is it convenient to transfer between the subway and the light rail here?,我需要换乘吗?,Wǒ xūyào huànchéng ma?,Do I need to transfer?
1307,回复,huífù,to reply; to recover,动,动 v.,verb,4,4,我在三天之后收到了回复。,Wǒ zài sāntiān zhīhòu shōudào le huífù.,The reply came after three days.,抱歉，我没有早点回复你。,Bàoqiàn; wǒ méiyǒu zǎodiǎn huífù nǐ.,I'm sorry I didn't reply to you sooner.,你两三天就会回复健康了。,Nǐ liǎngsāntiān jiù huì huífù jiànkāng le.,You'll be all right again in a couple of days.
1308,回信,huíxìn,to reply; to write back,动、名,动 v.,verb; noun,4,4,这就是他写给我的回信了。,Zhè jiùshì tā xiěgěi wǒ de huíxìn le.,This is his answer to my letter.,为什么你这么久不给我回信？,Wèishénme nǐ zhèmejiǔ bù gěi wǒ huíxìn?,Why haven't you replied to me for so long?,我应该回信给他吗？,Wǒ yīnggāi huíxìn gěi tā ma?,I wonder if I should answer his letter.
1309,回忆,huíyì,to recall; memories,动,动 v.,verb,4,4,我不愿意勾起久远的回忆。,Wǒ bú yuànyì gōuqǐ jiǔyuǎn de huíyì.,I don't want to stir up old memories.,这首歌勾起了我童年的回忆。,Zhè shǒugē gōuqǐ le wǒ tóngnián de huíyì.,This song reminds me of my childhood.,这些音乐勾起了我儿时的回忆。,Zhèxiē yīnyuè gōuqǐ le wǒ érshí de huíyì.,The music carried me back to my childhood.
1310,会员,huìyuán,member,名,名 n.,noun,4,4,我不是这个俱乐部的会员。,Wǒ búshì zhège jùlèbù de huìyuán.,I am not a member of the club.,我是网球俱乐部的会员。,Wǒ shì wǎngqiú jùlèbù de huìyuán.,I belong to a tennis club.,我是游泳俱乐部的会员。,Wǒ shì yóuyǒng jùlèbù de huìyuán.,I'm a member of the swimming club.
1311,活,huó,to live; alive,动、形、名,动 v.,verb; adjective; noun,4,4,我每时每刻都在为你而活。,Wǒ měishíměikè dōu zài wèi nǐ ér huó.,I live every moment for you.,一个人只能活七十岁左右。,Yígè rén zhǐnéng huó qīshísuì zuǒyòu.,Humans only live about 70 years.,女人往往比男人活得更长。,Nǚrén wǎngwǎng bǐ nánrén huó dé gèng zhǎng.,Women tend to live longer than men.
1312,活动,huódòng,to exercise; to move about,动、名,动 v.,verb; noun,4,4,看电视是一种被动的活动。,Kàndiànshì shì yìzhǒng bèidòng de huódòng.,Watching TV is a passive activity.,她在学校参加了很多活动。,Tā zài xuéxiào cānjiā le hěnduō huódòng.,She participates in many school activities.,最近对外贸易活动减少了。,Zuìjìn duìwàimàoyì huódòng jiǎnshǎo le.,The activity of foreign trade has been declining of late.
1313,活泼,huópō,lively; vivacious,形,形 adj.,adjective,4,4,这个孩子很活泼，也很爱笑。,Zhège háizi hěn huópō; yě hěn ài xiào.,This child is lively and loves to laugh.,课堂气氛变得更活泼了。,Kètángqìfēn biàndé gèng huópō le.,The classroom atmosphere became livelier.,她性格活泼，很容易交朋友。,Tā xìnggé huópō; hěn róngyì jiāopéngyǒu.,She has a lively personality and makes friends easily.
1314,火,huǒ,fire; urgent,名、形,名 n.,noun; adjective,4,4,天气很冷，我们生起了火。,Tiānqì hěn lěng; wǒmen shēng qǐ le huǒ.,It was cold; so we lit a fire.,你为什么觉得动物怕火呢？,Nǐ wèishénme juéde dòngwù pà huǒ ne?,Why do you think animals dread fire?,他在火旁烘干他的湿衣服。,Tā zài huǒ páng hōnggān tā de shī yīfú.,He dried his wet clothes by the fire.
1315,货,huò,goods; money,名,名 n.,noun,4,4,你见过新来的那货了吗？,Nǐ jiàn guò xīn lái de nà huò le ma?,Have you met the new court jester?,货什么时候能到？,Huò shénme shíhòu néng dào?,When will the stock arrive?,我们帮你叫货。,Wǒmen bāng nǐ jiào huò.,We will help you order the stock.
1316,获得,huòdé,to obtain; to receive,动,动 v.,verb,4,4,该法案在两议院获得通过。,Gāi fǎàn zài liǎng yìyuàn huòdé tōngguò.,The bill passed both Houses.,我们最终都会获得幸福的。,Wǒmen zuìzhōng dū huì huòdé xìngfú de.,We will become happy in the long run.,她在比赛中获得了第二名。,Tā zài bǐsài zhōng huòdé le dìèrmíng.,She won second place in the competition.
1317,获奖,huòjiǎng,to win an award,动,动 v.,verb,4,4,她因为这部作品而获奖。,Tā yīnwèi zhèbù zuòpǐn ér huòjiǎng.,She won an award for this work.,获奖以后，他感谢了所有老师。,Huòjiǎng yǐhòu; tā gǎnxiè le suǒyǒu lǎoshī.,After winning; he thanked all his teachers.,这位获奖选手只有十八岁。,Zhèwèi huòjiǎng xuǎnshǒu zhǐyǒu shíbāsuì.,This award-winning contestant is only eighteen.
1318,获取,huòqǔ,to gain; to get,动,动 v.,verb,4,4,你可以通过官网获取信息。,Nǐ kěyǐ tōngguò guān wǎng huòqǔxìnxī.,You can obtain information through the official website.,这个软件会获取你的位置。,Zhège ruǎnjiàn huì huòqǔ nǐ de wèizhì.,This software will access your location.,学生需要学会获取可靠的资料。,Xuéshēng xūyào xuéhuì huòqǔ kěkào de zīliào.,Students need to learn how to obtain reliable information.
1319,基本,jīběn,basic; fundamental,形、副,形 adj.,adjective; adverb,4,4,我认为你的基本理论是错的。,Wǒ rènwéi nǐ de jīběn lǐlùn shì cuò de.,I think your basic theory is wrong.,这些都是基本问题。,Zhèxiē dōu shì jīběn wèntí.,These are fundamental questions.,你不懂基本逻辑吗？,Nǐ bù dǒng jīběn luójí ma?,Do you not understand basic logic?
1320,基本上,jīběnshàng,basically; on the whole,副,副 adv.,adverb,4,4,基本上我赞同你的意见。,Jīběnshàng wǒ zàntóng nǐ de yìjiàn.,Basically; I agree with your opinion.,基本上吧。,Jīběnshàng ba.,Basically.,我了解的情况是看韩剧者基本上是一些无所事事的女人。,Wǒ liǎojiě de qíngkuàng shì kàn hánjù zhě jīběnshàng shì yìxiē wúsuǒshìshì de nǚrén.,From what I understand; those who watch Korean soap operas basically are women with nothing to do.
1321,基础,jīchǔ,base; foundation,名,名 n.,noun,4,4,这是建立在猜测的基础上。,Zhè shì jiànlì zài cāicè de jīchǔ shàng.,It is founded on supposition.,你的理论是以什么为基础?,Nǐ de lǐlùn shì yǐ shénme wèi jīchǔ?,What do you base your theory on?,数学是所有科学的基础。,Shùxué shì suǒyǒu kēxué de jīchǔ.,Mathematics is basic to all sciences.
1322,激动,jīdòng,to move emotionally; to excite,形、动,形 adj.,adjective; verb,4,4,我快要激动得说不出话来了。,Wǒ kuàiyào jīdòng dé shuōbùchū huà lái le.,I'm getting choked up.,他越激动就越安静。,Tā yuè jīdòng jiù yuè ānjìng.,The more excited he gets; the quieter he becomes.,我激动得睡不着。,Wǒ jīdòng dé shuìbùzhe.,I'm too excited to sleep.
1323,积极,jījí,proactive; energetic,形,形 adj.,adjective,4,4,这些形容词都是积极的。,Zhèxiē xíngróngcí dōu shì jījí de.,These adjectives are all positive.,我只想注意积极方面。,Wǒ zhǐ xiǎng zhùyì jījí fāngmiàn.,I want to just focus on the positive.,试着用积极的态度去面对任何事情。,Shì zhe yòng jījí de tàidù qù miànduì rènhé shìqíng.,Try to have a positive attitude about everything.
1324,积累,jīlěi,to accumulate; accumulation,动,动 v.,verb,4,4,学习语言需要不断积累词汇。,Xuéxí yǔyán xūyào búduàn jīlěi cíhuì.,Learning a language requires steadily building vocabulary.,旅行让他积累了很多经验。,Lǚxíng ràng tā jīlěi le hěnduō jīngyàn.,Travel helped him accumulate a great deal of experience.,每天读书可以积累知识。,Měitiān dúshū kěyǐ jīlěi zhīshí.,Reading every day helps build knowledge.
1325,及时,jíshí,timely; at the right time,形、副,形 adj.,adjective; adverb,4,4,小洞及时补，免遭大洞苦。,Xiǎo dòng jíshí bǔ; miǎnzāo dàdòng kǔ.,A stitch in time saves nine.,他设法及时到达那里了。,Tā shèfǎ jíshí dàodá nàlǐ le.,He managed to get there in time.,她会尽全力及时赶到这儿的。,Tā huì jìnquánlì jíshí gǎndào zhèér de.,She will do her best to be here on time.
1326,即使,jíshǐ,even if; even though,连,连 conj.,conjunction,4,4,即使是小孩也能读这本书。,Jíshǐ shì xiǎohái yě néng dú zhè běnshū.,Even children can read this book.,她即使不化妆也非常可爱。,Tā jíshǐ bú huàzhuāng yě fēicháng kěài.,Even without makeup; she's very cute.,即使她爱我，我也不爱她。,Jíshǐ tā ài wǒ; wǒ yě bú ài tā.,I don't love her; not even if she loves me.
1327,既,jì,already; since,副、连,副 adv.,adverb; conjunction,4,4,我爸爸既不喝酒也不抽烟。,Wǒ bàbà jì bù hējiǔ yě bù chōuyān.,My father neither drinks nor smokes.,既要马好，又要马不吃草。,Jì yào mǎ hǎo; yòu yào mǎ bùchī cǎo.,You can't have your cake and eat it.,我既不能确认也不能否定。,Wǒ jì bùnéng quèrèn yě bùnéng fǒudìng.,I can neither confirm nor deny that.
1328,寄,jì,to send; to mail,动,动 v.,verb,4,4,我们要给他们寄去些东西。,Wǒmen yào gěi tāmen jì qù xiē dōngxī.,We need to mail them some stuff.,我想把这个包裹寄到日本。,Wǒ xiǎng bǎ zhège bāoguǒ jì dào rìběn.,I'd like to send this package to Japan.,信一写好，他就把它寄了。,Xìn yì xiě hǎo; tā jiù bǎ tā jì le.,Once he had written the letter; he sent it.
1329,计划,jìhuà,plan; project,名、动,名 n.,noun; verb,4,4,这样的计划注定会失败的。,Zhèyàng de jìhuà zhùdìng huì shībài de.,Such a plan is bound to fail.,我看他的计划可行性不大。,Wǒ kàn tā de jìhuà kěxíngxìng bú dà.,His plan sounds impracticable.,他最终同意了我们的计划。,Tā zuìzhōng tóngyì le wǒmen de jìhuà.,He finally agreed to our plan.
1330,既然,jìrán,since; as,连,连 conj.,conjunction,4,4,你既然已经知道了，还问什么？,Nǐ jìrán yǐjīng zhīdào le; hái wèn shénme?,If you already know; why are you still asking?,既然你们这么说，那让我再想想。,Jìrán nǐmen zhème shuō; nà ràng wǒ zài xiǎngxiǎng.,Since you all say that; I must think again.,既然你在这里; 那我们就开始吧。,Jìrán nǐ zài zhèlǐ; nà wǒmen jiù kāishǐ ba.,As long as you are here; we might as well begin.
1331,技术,jìshù,technology; technique,名,名 n.,noun,4,4,她骑摩托车的技术不错！,Tā qí mótuōchē de jìshù búcuò!,She rides a motorcycle well.,听说大数据技术现在很热门。,Tīngshuō dà shùjù jìshù xiànzài hěn rèmén.,I hear that the network is very popular now.,除了语言，我也对技术感兴趣。,Chúle yǔyán; wǒ yě duì jìshù gǎnxìngqù.,Apart from languages; I'm also interested in technology.
1332,继续,jìxù,to continue; to proceed with,动,动 v.,verb,4,4,我不可能继续保持沉默了。,Wǒ bù kěnéng jìxù bǎochíchénmò le.,I can no longer remain silent.,他们继续推行他们的计划。,Tāmen jìxù tuīxíng tāmen de jìhuà.,They went ahead with their plan.,他累了，但是他继续工作。,Tā lèi le; dànshì tā jìxù gōngzuò.,He was tired; but he kept working.
1333,记者,jìzhě,reporter; journalist,名,名 n.,noun,4,4,我想到那位当记者的女人。,Wǒ xiǎngdào nàwèi dāng jìzhě de nǚrén.,I think of the woman as a journalist.,我想成为一个体育记者。,Wǒ xiǎng chéngwéi yígè tǐyù jìzhě.,I want to be a sport reporter.,他被一大群记者包围著。,Tā bèi yídàqún jìzhě bāowéi zhù.,He was surrounded by a throng of reporters.
1334,加班,jiābān,to work overtime,动,动 v.,verb,4,4,我的老板要我加班。,Wǒ de lǎobǎn yào wǒ jiābān.,My boss made me work overtime.,我昨天必须加班。,Wǒ zuótiān bìxū jiābān.,I had to work overtime yesterday.,家豪说他今天不来了，临时加班。,Jiā háo shuō tā jīntiān bù lái le; línshí jiābān.,Jia-hao said he's not coming today. He has a last-minute overtime.
1335,家具,jiājù,furniture,名,名 n.,noun,4,4,本来这间房间里没有家具。,Běnlái zhè jiān fángjiān lǐ méiyǒu jiājù.,The room originally had no furniture.,所有的家具都布满了灰尘。,Suǒyǒu de jiājù dōu bùmǎn le huīchén.,All the furniture was covered with dust.,那个房间里没有任何家具。,Nàge fángjiān lǐ méiyǒu rènhé jiājù.,There wasn't any furniture in that room.
1336,加快,jiākuài,to accelerate; to speed up,动,动 v.,verb,4,4,我们需要加快工作速度。,Wǒmen xūyào jiākuài gōngzuò sùdù.,We need to speed up the work.,政府正在加快公路建设。,Zhèngfǔ zhèngzài jiākuài gōnglù jiànshè.,The government is accelerating highway construction.,听到消息后，他加快了脚步。,Tīngdào xiāoxī hòu; tā jiākuài le jiǎobù.,After hearing the news; he quickened his pace.
1337,加强,jiāqiáng,to reinforce; to strengthen,动,动 v.,verb,4,4,我们必须加强经济实力。,Wǒmen bìxū jiāqiáng jīngjì shílì.,We must strengthen our economy.,政府应该彻底加强军队建设！,Zhèngfǔ yīnggāi chèdǐ jiāqiáng jūnduì jiànshè!,The government should strengthen their army once and for all!,文化交流计划可以加强邻国之间的友好关系。,Wénhuàjiāoliú jìhuà kěyǐ jiāqiáng línguó zhījiān de yǒuhǎoguānxì.,Cultural exchange programs can strengthen friendly relations between neighboring countries.
1338,加入,jiārù,to join; to mix into,动,动 v.,verb,4,4,请问，我可以加入你们吗？,Qǐngwèn; wǒ kěyǐ jiārù nǐmen ma?,Excuse me; can I join you?,阿尔及利亚没加入北约。,Āěrjílìyà méi jiārù běiyuē.,Algeria isn't in the NATO.,你愿意加入这个项目吗？,Nǐ yuànyì jiārù zhège xiàngmù ma?,Would you take part in the project?
1339,加上,jiāshàng,plus; to put in,连,连 conj.,conjunction,4,4,请在名单上加上我的名字。,Qǐng zài míngdān shàng jiāshàng wǒ de míngzì.,Please add my name to the list.,请为这本书加上假名注音。,Qǐng wèi zhè běnshū jiāshàng jiǎmíng zhùyīn.,Please add furigana to this book.,我加上一些最后的润饰。,Wǒ jiāshàng yìxiē zuìhòu de rùnshì.,I add a few finishing touches.
1340,家庭,jiātíng,family; household,名,名 n.,noun,4,4,这个家庭热情地接待了我。,Zhège jiātíng rèqíng dì jiēdài le wǒ.,The family received me very warmly.,这个家庭有个五岁的女孩。,Zhège jiātíng yǒu gè wǔsuì de nǚhái.,This family has a five year old child.,我们必须保持家庭传统。,Wǒmen bìxū bǎochí jiātíng chuántǒng.,We must keep up the family traditions.
1341,家乡,jiāxiāng,hometown; native place,名,名 n.,noun,4,4,我们第一次参观了他的家乡。,Wǒmen dìyīcì cānguān le tā de jiāxiāng.,We visited his home country for the first time.,她被安葬在她的家乡。,Tā bèi ānzàng zài tā de jiāxiāng.,She was buried in her hometown.,我的家乡非常漂亮。,Wǒ de jiāxiāng fēicháng piàoliàng.,My hometown is very pretty.
1342,加油,jiāyóu,to add oil; to refuel,动,动 v.,verb,4,4,我的姊姊为一个年轻的相扑力士加油。,Wǒ de zǐzǐ wèi yígè niánqīng de xiāngpū lìshì jiāyóu.,My sister is cheering for a young Sumo wrestler.,虽然明天好像会下雨，但我会加油的。,Suīrán míngtiān hǎoxiàng huì xiàyǔ; dàn wǒhuì jiāyóu de.,It looks like rain tomorrow; but I'll try my best.,考试加油！,Kǎoshì jiāyóu!,Good luck on your test.
1343,加油站,jiāyóuzhàn,gas station,名,名 n.,noun,4,4,前面五公里有一个加油站。,Qiánmiàn wǔgōnglǐ yǒu yígè jiāyóuzhàn.,There is a gas station five kilometers ahead.,我们在加油站停下来休息。,Wǒmen zài jiāyóuzhàn tíngxiàlái xiūxī.,We stopped at the gas station to rest.,这家加油站二十四小时营业。,Zhèjiā jiāyóuzhàn èrshísì xiǎoshí yíngyè.,This gas station is open twenty-four hours a day.
1344,家长,jiāzhǎng,family head; patriarch,名,名 n.,noun,4,4,我的家长想让我回家。,Wǒ de jiāzhǎng xiǎng ràng wǒ huíjiā.,My parents want me to come home.,你的家长原来很爱我们.,Nǐ de jiāzhǎng yuánlái hěn ài wǒmen.,Your parents used to really love us.,这些孩子有家长吗？,Zhèxiē háizi yǒu jiāzhǎng ma?,Do these children have any parents?
1345,假,jiǎ,used in 掰; fake,形,形 adj.,adjective,4,4,我们认为这份报告是假的。,Wǒmen rènwéi zhèfèn bàogào shì jiǎ de.,We considered the report as false.,他的故事不可能是假的。,Tā de gùshì bù kěnéng shì jiǎ de.,His story can't be false.,谣言最后被证明是假的。,Yáoyán zuìhòu bèi zhèngmíng shì jiǎ de.,The rumor turned out to be false.
1346,价格,jiàgé,price,名,名 n.,noun,4,4,这个价格不包含这个箱子。,Zhège jiàgé bù bāohán zhège xiāngzi.,The price does not include the box.,这本书的价格是5美元。,Zhè běnshū de jiàgé shì 5 měiyuán.,The price of the book was $5.,价格一直在稳定地攀升。,Jiàgé yìzhí zài wěndìng dì pānshēng.,Prices have been climbing steadily.
1347,价钱,jiàqián,price,名,名 n.,noun,4,4,最近三个月，价钱涨高了。,Zuìjìn sāngè yuè; jiàqián zhǎng gāo le.,Prices have gone up these three months.,我把房子卖了个好价钱。,Wǒ bǎ fángzi mài le gè hǎo jiàqián.,I sold the house to advantage.,价钱是10年前的2倍。,Jiàqián shì 10 niánqián de 2 bèi.,Prices are double what they were ten years ago.
1348,假日,jiàrì,holiday; non-working day,名,名 n.,noun,4,4,我们计划在假日去海边。,Wǒmen jìhuà zài jiàrì qù hǎibiān.,We plan to go to the seaside during the holiday.,假日期间，很多商店会关门。,Jiàrì qījiān; hěnduō shāngdiàn huì guānmén.,Many stores close during holidays.,他喜欢安静地度过假日。,Tā xǐhuān ānjìng dì dùguò jiàrì.,He likes to spend holidays quietly.
1349,减,jiǎn,to lower; to decrease,动,动 v.,verb,4,4,你上个月减了多少公斤？,Nǐ shànggèyuè jiǎn le duōshǎo gōngjīn?,How many kilograms did you lose last month?,汤姆在一家减害诊所工作。,Tāngmǔ zài yìjiā jiǎn hài zhěnsuǒ gōngzuò.,Tom works at a harm reduction clinic.,九减六等于多少？,Jiǔ jiǎn liù děngyú duōshǎo?,How many is nine minus six?
1350,减轻,jiǎnqīng,to lighten; to ease,动,动 v.,verb,4,4,语言不能减轻她的悲痛。,Yǔyán bùnéng jiǎnqīng tā de bēitòng.,No words can relieve her deep sorrow.,这种药会减轻你的疼痛。,Zhèzhǒng yào huì jiǎnqīng nǐ de téngtòng.,This medicine will decrease your pain.,她吃了中药，减轻了她的症状。,Tā chī le zhōngyào; jiǎnqīng le tā de zhèngzhuàng.,She took Chinese medicine; which relieved her symptoms.
1351,减少,jiǎnshǎo,to lessen; to decrease,动,动 v.,verb,4,4,我的收入减少了百分之十。,Wǒ de shōurù jiǎnshǎo le bǎifēnzhīshí.,My income has decreased ten percent.,费欧娜的来信渐渐减少了。,Fèi ōu nà de láixìn jiànjiàn jiǎnshǎo le.,Letters from Fiona came gradually less and less.,最近对外贸易活动减少了。,Zuìjìn duìwàimàoyì huódòng jiǎnshǎo le.,The activity of foreign trade has been declining of late.
1352,健身,jiànshēn,to exercise; to keep fit,动,动 v.,verb,4,4,我每周去健身三次。,Wǒ měizhōu qù jiànshēn sāncì.,I work out three times a week.,适量健身对身体有好处。,Shìliàng jiànshēn duì shēntǐ yǒu hǎochù.,Moderate exercise is good for the body.,他下班后常去健身房健身。,Tā xiàbān hòu cháng qù jiànshēnfáng jiànshēn.,He often works out at the gym after work.
1353,健身房,jiànshēnfáng,gym; gymnasium,名,名 n.,noun,4,4,你今天去不去健身房？,Nǐ jīntiān qùbúqù jiànshēnfáng?,Are you going to the gym today?,我去注册一家健身房。,Wǒ qù zhùcè yìjiā jiànshēnfáng.,I'm going to register at a gym.,欣怡最近瘦好多喔，是去健身房还是失恋啊？,Xīnyí zuìjìn shòu hǎoduō ō; shì qù jiànshēnfáng háishì shīliàn a?,Hsin-yi got so much slimmer lately. Is it gym or heartbreak?
1354,建议,jiànyì,to propose; to suggest,动、名,动 v.,verb; noun,4,4,她给了我一些很好的建议。,Tā gěi le wǒ yìxiē hěn hǎo de jiànyì.,She gave me some good advice.,她就那件事给他提出建议。,Tā jiù nàjiànshì gěi tā tíchū jiànyì.,She advised him on that matter.,她给了我一些实用的建议。,Tā gěi le wǒ yìxiē shíyòng de jiànyì.,She gave me some practical advice.
1355,江,jiāng,river,名,名 n.,noun,4,4,我的家与他的隔着一条江。,Wǒ de jiā yǔ tā de gé zhe yìtiáo jiāng.,My home is separated from his by a river.,与此同时江琴分散了江枫的哥哥燕大侠的注意力。,Yǔcǐtóngshí jiāng qín fēnsàn le jiāng fēng dī gēgē yàndàxiá de zhùyìlì.,Meanwhile; Jiang Qin distracted Jiang Feng's older brother Yan Daxia.,江枫的仆人雇了十二生肖杀江枫，他们伏击了江枫和江枫的妻子月奴。,Jiāng fēng de púrén gù le shíèrshēngxiào shā jiāng fēng; tāmen fújī le jiāng fēng hé jiāng fēng de qīzǐ yuè nú.,"Jiang Feng's servant hired the ""Twelve Zodiacs"" to kill him. They ambushed him and his wife Yuenu."
1356,将,jiāng,will; shall,介、副,介 prep.,preposition; adverb,4,4,我将会在五月23号到达。,Wǒ jiāng huì zài wǔyuè 23 hào dàodá.,I will arrive on 23 May.,我不知道我们将会做什么。,Wǒ bù zhīdào wǒmen jiāng huì zuò shénme.,I don't know what we'll do.,你什么时候将去亚美尼亚？,Nǐ shénme shíhòu jiāng qù yàměiníyà?,When will you go to Armenia?
1357,将来,jiānglái,in the future,名,名 n.,noun,4,4,我希望将来成为一名牙医。,Wǒ xīwàng jiānglái chéngwéi yìmíng yáyī.,I wish to become a dentist in the future.,谁能说将来会发生什么呢。,Shuí néng shuō jiānglái huì fāshēng shénme ne.,Who can tell what will happen in the future?,他非常关心他儿子的将来。,Tā fēicháng guānxīn tā érzi de jiānglái.,He is very much concerned about the future of his son.
1358,将要,jiāngyào,will; shall,副,副 adv.,adverb,4,4,这场谈话将要持续三天。,Zhèchǎng tánhuà jiāngyào chíxù sāntiān.,The talks will last three days.,我将要飞到波士顿去。,Wǒ jiāngyào fēi dào bōshìdùn qù.,I'll be flying to Boston.,明天将要发射一颗人造卫星。,Míngtiān jiāngyào fāshè yìkē rénzàowèixīng.,They are going to launch an artificial satellite tomorrow.
1359,奖,jiǎng,prize; award,名、（动）,名 n.,noun; verb,4,4（5）,不存在诺贝尔数学奖。,Bù cúnzài nuòbèiěr shùxué jiǎng.,There is no Nobel Prize in mathematics.,我很惊讶你得了奖。,Wǒ hěn jīngyà nǐ dé le jiǎng.,I'm really surprised you got a prize.,另外，之后我们会颁发“每月最佳员工”奖。,Lìngwài; zhīhòu wǒmen huì bānfā “měiyuè zuìjiā yuángōng” jiǎng.,In addition; we will issue the 'employee of the month' award afterwards.
1360,奖金,jiǎngjīn,premium; award money,名,名 n.,noun,4,4,公司年底会发奖金。,Gōngsī niándǐ huì fā jiǎngjīn.,The company will pay bonuses at the end of the year.,比赛第一名可以获得奖金。,Bǐsài dìyìmíng kěyǐ huòdé jiǎngjīn.,The winner of the competition can receive prize money.,他把奖金存进了银行。,Tā bǎ jiǎngjīn cún jìn le yínháng.,He deposited the bonus in the bank.
1361,奖学金,jiǎngxuéjīn,scholarship,名,名 n.,noun,4,4,她很幸运地赢得了奖学金。,Tā hěn xìngyùndì yíngdé le jiǎngxuéjīn.,Luckily she won a scholarship.,他申请了奖学金。,Tā shēnqǐng le jiǎngxuéjīn.,He applied for the scholarship.,他获得了一份去德国留学的奖学金。,Tā huòdé le yífèn qù déguó liúxué de jiǎngxuéjīn.,He received a grant to study in Germany.
1362,降,jiàng,to capitulate; to drop,动,动 v.,verb,4,4,夜里气温降了很多。,Yèlǐ qìwēn jiàng le hěnduō.,The temperature dropped considerably at night.,请把空调温度降一点儿。,Qǐng bǎ kōngtiáo wēndù jiàng yìdiǎnér.,Please lower the air-conditioner temperature a little.,飞机开始慢慢降了。,Fēijī kāishǐ mànmàn jiàng le.,The airplane began to descend slowly.
1363,降低,jiàngdī,to reduce; to lower,动,动 v.,verb,4,4,她降低了收音机的音量。,Tā jiàngdī le shōuyīnjī de yīnliàng.,She turned down the radio.,我们必须降低能源需求。,Wǒmen bìxū jiàngdī néngyuánxūqiú.,We must reduce energy demand.,医生治疗了他们的降低体温。,Yīshēng zhìliáo le tāmen de jiàngdī tǐwēn.,They were treated for hypothermia.
1364,降价,jiàngjià,to get cheaper; to cut the price,动,动 v.,verb,4,4,这件衣服已经降价了。,Zhèjiàn yīfú yǐjīng jiàngjià le.,This item of clothing has been marked down.,商店决定周末降价销售。,Shāngdiàn juédìng zhōumò jiàngjià xiāoshòu.,The store decided to lower prices for the weekend sale.,机票什么时候会降价？,Jīpiào shénme shíhòu huì jiàngjià?,When will airfares go down?
1365,降落,jiàngluò,to descend; to land,动,动 v.,verb,4,4,这架客机降落在东京了。,Zhè jià kèjī jiàngluò zài dōngjīng le.,The jet landed at Tokyo.,飞机降落在新山一机场。,Fēijī jiàngluò zài xīn shān yì jīchǎng.,The plane is landing in Tan Son Nhat airport.,明天他会在月球降落。,Míngtiān tā huì zài yuèqiú jiàngluò.,Tomorrow; he will land on the moon.
1366,降温,jiàngwēn,to become cooler; cooling,动,动 v.,verb,4,4,明天开始降温，记得多穿衣服。,Míngtiān kāishǐ jiàngwēn; jìde duō chuānyīfú.,It will start cooling down tomorrow; so remember to dress warmly.,下雨以后，天气明显降温了。,Xiàyǔ yǐhòu; tiānqì míngxiǎn jiàngwēn le.,The weather cooled noticeably after the rain.,这台机器需要先降温。,Zhè tái jīqì xūyào xiān jiàngwēn.,This machine needs to cool down first.
1367,交,jiāo,to hand over; to deliver,动、（名）,动 v.,verb; noun,4,4（7-9）,我们什么时候需要交作文？,Wǒmen shénme shíhòu xūyào jiāo zuòwén?,When have we got to hand in our essays?,你几岁交了第一个女朋友？,Nǐ jǐsuì jiāo le dìyígè nǚpéngyǒu?,At what age did you have your first girlfriend?,交作业的截止日期是下周一。,Jiāo zuòyè de jiézhǐ rìqī shì xiàzhōuyī.,The homework is due next Monday.
1368,骄傲,jiāo’ào,pride; arrogance,形、名,形 adj.,adjective; noun,4,4,他为自己的女儿感到骄傲。,Tā wèi zìjǐ de nǚér gǎndào jiāoào.,He was proud of his daughter.,我为我的孩子们感到很骄傲。,Wǒ wèi wǒ de háizi men gǎndào hěn jiāoào.,I'm so proud of my boys.,我为我自己的准时感到骄傲。,Wǒ wèi wǒ zìjǐ de zhǔnshí gǎndào jiāoào.,I am proud of my punctuality.
1369,交警,jiāojǐng,traffic police,名,名 n.,noun,4,4,交警正在路口指挥交通。,Jiāojǐng zhèngzài lùkǒu zhǐhuī jiāotōng.,A traffic police officer is directing traffic at the intersection.,发生事故后，他马上联系了交警。,Fāshēng shìgù hòu; tā mǎshàng liánxì le jiāojǐng.,After the accident; he immediately contacted the traffic police.,交警提醒大家不要超速。,Jiāojǐng tíxǐng dàjiā búyào chāosù.,The traffic police reminded everyone not to speed.
1370,交流,jiāoliú,to exchange; communication,动,动 v.,verb,4,4,我们要设法跟他们交流。,Wǒmen yào shèfǎ gēn tāmen jiāoliú.,We have to try to communicate with them.,这是快速且有效的交流方式。,Zhè shì kuàisù qiě yǒuxiào de jiāoliú fāngshì.,This is a fast and effective way of communication.,您觉得您无法与他人交流吗？,Nín juéde nín wúfǎ yǔ tārén jiāoliú ma?,Do you feel like you cannot connect with other people?
1371,郊区,jiāoqū,outskirts; suburbs,名,名 n.,noun,4,4,这家公司位于波士顿的郊区。,Zhèjiā gōngsī wèiyú bōshìdùn de jiāoqū.,The company is located in the suburbs of Boston.,她年轻的时候住在东京的郊区。,Tā niánqīng de shíhòu zhù zài dōngjīng de jiāoqū.,She lived in the suburbs of Tokyo when she was young.,郊区很安静......,Jiāoqū hěn ānjìng......,It's quiet in the suburbs...
1372,交通,jiāotōng,to be connected; traffic,名,名 n.,noun,4,4,交通灯是用来控制交通的。,Jiāotōngdēng shì yònglái kòngzhì jiāotōng de.,Traffic lights are used to regulate traffic.,这场交通意外让他失明了。,Zhèchǎng jiāotōng yìwài ràng tā shīmíng liǎo.,The traffic accident deprived him of his sight.,这个城市的交通方便得很。,Zhège chéngshì de jiāotōng fāngbiàn dé hěn.,The transportation in this city is very convenient.
1373,教练,jiàoliàn,instructor; sports coach,名,名 n.,noun,4,4,这位女士是我的游泳教练吗？,Zhèwèi nǚshì shì wǒ de yóuyǒng jiàoliàn ma?,Is this woman my swim teacher?,教练说，鲍伯游泳游得很好。,Jiàoliàn shuō; bào bó yóuyǒng yóu dé hěn hǎo.,According to the coach; Bob is a good swimmer.,球迷们都希望球队能换个教练。,Qiúmí men dōu xīwàng qiúduì néng huàn gè jiàoliàn.,The fans all hope the club changes the manager.
1374,教师,jiàoshī,teacher,名,名 n.,noun,4,4,我的梦想是成为一名教师。,Wǒ de mèngxiǎng shì chéngwéi yìmíng jiàoshī.,My dream is to become a teacher.,他的母亲是一位英语教师。,Tā de mǔqīn shì yíwèi yīngyǔ jiàoshī.,His mother is an English teacher.,对教师来说，教她很有趣。,Duì jiàoshī láishuō; jiào tā hěn yǒuqù.,For the teacher; teaching her was fun.
1375,教授,jiàoshòu,professor; to instruct,名,名 n.,noun,4,4,你碰巧认识了布朗教授吗？,Nǐ pèngqiǎo rènshí le bùlǎng jiàoshòu ma?,Do you happen to know Professor Brown?,他有一些教授英语的经验。,Tā yǒu yìxiē jiàoshòu yīngyǔ de jīngyàn.,He has some experience in teaching English.,他曾经是剑桥大学的教授。,Tā céngjīng shì jiànqiáodàxué de jiàoshòu.,He was a professor at Cambridge University.
1376,教学,jiàoxué,teaching; instruction,名,名 n.,noun,4,4,他在教学上拥有丰富的经验。,Tā zài jiàoxué shàng yōngyǒu fēngfù de jīngyàn.,He has a lot of teaching experience.,他享有私人教学的特权。,Tā xiǎngyǒu sīrén jiàoxué de tèquán.,He had the privilege of a private education.,他没有甚么教学经验。,Tā méiyǒu shénme jiàoxué jīngyàn.,He has little experience in teaching.
1377,教育,jiàoyù,to educate; to teach,名、动,名 n.,noun; verb,4,4,世界上的教育都让我失望。,Shìjiè shàng de jiàoyù dōu ràng wǒ shīwàng.,Education in this world disappoints me.,关于教育，他持极端意见。,Guānyú jiàoyù; tā chí jíduān yìjiàn.,Regarding education; he has extreme opinions.,父母想给儿子最好的教育。,Fùmǔ xiǎng gěi érzi zuìhǎo de jiàoyù.,The parents want to give their son the best education.
1378,叫作,jiàozuò,to call; to be called,动,动 v.,verb,4,4,这种花叫作桂花。,Zhèzhòng huā jiàozuò guìhuā.,This kind of flower is called osmanthus.,这个过程叫作换乘。,Zhège guòchéng jiàozuò huànchéng.,This process is called a transfer.,人们把这里叫作“山水之城”。,Rénmen bǎ zhèlǐ jiàozuò “shānshuǐ zhī chéng”.,People call this place the “City of Mountains and Water.”
1379,街道,jiēdào,street; subdistrict,名,名 n.,noun,4,4,从我的房间望出去是街道。,Cóng wǒ de fángjiān wàngchūqù shì jiēdào.,My room looks out on the street.,请给我一张街道地图好吗？,Qǐng gěi wǒ yìzhāng jiēdào dìtú hǎo ma?,Can you give me a map of the street?,直走直到这条街道的尽头。,Zhí zǒu zhídào zhè tiáo jiēdào de jìntóu.,Go straight on to the end of the road.
1380,接受,jiēshòu,to accept; to receive,动,动 v.,verb,4,4,我们很高兴接受你的提议。,Wǒmen hěn gāoxìng jiēshòu nǐ de tíyì.,We gladly accept your offer.,我们应该接受他的忠告的。,Wǒmen yīnggāi jiēshòu tā de zhōnggào de.,We should have taken his advice.,应该接受治疗的是你自己!,Yīnggāi jiēshòu zhìliáo de shì nǐ zìjǐ!,You yourself need to be treated!
1381,接着,jiēzhe,after that; to continue,动、副,动 v.,verb; adverb,4,4,他们一个接着一个地离开了。,Tāmen yígè jiēzhe yígè dì líkāi le.,They left one after another.,茶点过后我们接着开会。,Chádiǎn guòhòu wǒmen jiēzhe kāihuì.,We will continue the meeting after some light refreshments.,汤姆咳嗽了一下然后接着讲。,Tāngmǔ késòu le yíxià ránhòu jiēzhe jiǎng.,Tom cleared his throat and continued to speak.
1382,结果,jiéguǒ,to bear fruit; outcome,名、连,名 n.,noun; conjunction,4,4,这一结果证实了我的猜想。,Zhè yì jiéguǒ zhèngshí le wǒ de cāixiǎng.,The result confirmed my hypothesis.,请你打电话把结果告诉我。,Qǐng nǐ dǎdiànhuà bǎ jiéguǒ gàosù wǒ.,Please let me know the result by telephone.,我并不打算把结果告诉你。,Wǒ bìng bù dǎsuàn bǎ jiéguǒ gàosù nǐ.,I have no intention of telling you the result.
1383,节假日,jiéjiàrì,public holiday,名,名 n.,noun,4,4,节假日景区里游客很多。,Jiéjiàrì jǐngqū lǐ yóukè hěnduō.,Scenic areas are crowded during public holidays.,这家商店节假日也营业。,Zhèjiā shāngdiàn jiéjiàrì yě yíngyè.,This store is also open on public holidays.,我们打算利用节假日回老家。,Wǒmen dǎsuàn lìyòng jiéjiàrì huílǎojiā.,We plan to use the public holiday to return to our hometown.
1384,节约,jiéyuē,to economize; economy,动,动 v.,verb,4,4,这样做你能节约几个小时。,Zhèyàng zuò nǐ néng jiéyuē jǐgè xiǎoshí.,If you do it this way; you can save several hours.,节约是一种美德。,Jiéyuē shì yìzhǒng měidé.,Frugality is a virtue.,我节约我有的钱。,Wǒ jiéyuē wǒ yǒu de qián.,I save what money I got.
1385,结账,jiézhàng,to settle accounts; to pay the bill,动,动 v.,verb,4,4,吃完饭以后我们去结账。,Chīwánfàn yǐhòu wǒmen qù jiézhàng.,After eating; we went to pay the bill.,请问在哪里结账？,Qǐngwèn zài nǎlǐ jiézhàng?,Where can I pay the bill?,结账时我发现账单有问题。,Jiézhàng shí wǒ fāxiàn zhàngdān yǒu wèntí.,I noticed a problem with the bill while paying.
1386,解释,jiěshì,explanation; to explain,动,动 v.,verb,4,4,我会向你全部解释清楚的。,Wǒhuì xiàng nǐ quánbù jiěshì qīngchǔ de.,I'll explain everything to you.,有没有可能有另一种解释？,Yǒuméiyǒu kěnéng yǒu lìng yìzhǒng jiěshì?,Is another explanation possible?,他详细地解释了他的计划。,Tā xiángxì dì jiěshì le tā de jìhuà.,He explained his plans in detail.
1387,今后,jīnhòu,hereafter; henceforth,名,名 n.,noun,4,4,今后我会更加认真学习。,Jīnhòu wǒhuì gèngjiā rènzhēnxuéxí.,I will study more diligently from now on.,请注意今后的天气变化。,Qǐng zhùyì jīnhòu de tiānqì biànhuà.,Please pay attention to future changes in the weather.,这个经验对今后的工作很有帮助。,Zhège jīngyàn duì jīnhòu de gōngzuò hěn yǒu bāngzhù.,This experience will be very helpful in future work.
1388,仅,jǐn,barely; only,副,副 adv.,adverb,4,4,齐莉仅在白天徒步旅行。,Qí lì jǐn zài báitiān túbùlǚxíng.,Ziri only hiked by day.,这仅是你的想像而已。,Zhè jǐn shì nǐ de xiǎngxiàng éryǐ.,It's just your imagination.,他仅有够糊口的吃的。,Tā jǐn yǒu gòu húkǒu de chī de.,He had barely enough to eat.
1389,尽管,jǐnguǎn,despite; although,副、连,副 adv.,adverb; conjunction,4,4,尽管下着雨，我还是出了门。,Jǐnguǎn xiàzheyǔ; wǒ háishì chūlemén.,I went out in spite of the rain.,尽管下着雨，他还是出去了。,Jǐnguǎn xiàzheyǔ; tā háishì chūqù le.,He went out in spite of the rain.,尽管很忙，她还是来送我了。,Jǐnguǎn hěn máng; tā háishì lái sòng wǒ le.,Though very busy; she came to see me off.
1390,仅仅,jǐnjǐn,barely; only,副,副 adv.,adverb,4,4,我仅仅吃了口面包。,Wǒ jǐnjǐn chī le kǒu miànbāo.,I only took a bite of bread.,仅仅听我们说吧。,Jǐnjǐn tīng wǒmen shuō ba.,Just listen to us.,不想做是原因；不能做仅仅是接口。,Bùxiǎng zuò shì yuányīn; bùnéng zuò jǐnjǐn shì jiēkǒu.,Not wanting to is the reason; not being able to is just an excuse.
1391,紧张,jǐnzhāng,nervous; keyed up,形,形 adj.,adjective,4,4,他对他的新业务感到紧张。,Tā duì tā de xīn yèwù gǎndào jǐnzhāng.,He was tense with his new business.,飞机起飞的时候我很紧张。,Fēijī qǐfēi de shíhòu wǒ hěn jǐnzhāng.,I was very nervous as the plane took off.,蜜蜂的嗡嗡让我紧张一点。,Mìfēng de wēngwēng ràng wǒ jǐnzhāng yìdiǎn.,The buzzing of the bees makes me a little nervous.
1392,进入,jìnrù,to enter; to join,动,动 v.,verb,4,4,许多人能够非法进入美国。,Xǔduō rén nénggòu fēifǎ jìnrù měiguó.,Many are able to enter the USA illegally.,不要让任何人进入这个房间。,Búyào ràng rènhérén jìnrù zhège fángjiān.,Don't let anyone enter the room.,鲍伯从窗户进入了房子。,Bào bó cóng chuānghù jìnrù le fángzi.,Bob entered the house through a window.
1393,进行,jìnxíng,to advance; to conduct,动,动 v.,verb,4,4,我们昨天进行了火警演习。,Wǒmen zuótiān jìnxíng le huǒjǐng yǎnxí.,We had a fire drill yesterday.,水梨在这家工厂进行装罐。,Shuǐ lí zài zhèjiā gōngchǎng jìnxíng zhuāngguàn.,Nashi are tinned in this factory.,他对杀父凶手进行了报复。,Tā duì shā fù xiōngshǒu jìnxíng le bàofù.,He avenged the murder of his father.
1394,禁止,jìnzhǐ,to prohibit; to forbid,动,动 v.,verb,4,4,土耳其禁止了推特的访问。,Tǔěrqí jìnzhǐ le tuī tè de fǎngwèn.,Turkey has blocked access to Twitter.,谁会禁止这样的事情呢？,Shuí huì jìnzhǐ zhèyàng de shìqíng ne?,Who would forbid such a thing?,这房间是禁止吸烟的。,Zhè fángjiān shì jìnzhǐ xīyān de.,You may not smoke in this room.
1395,精彩,jīngcǎi,wonderful; marvelous,形,形 adj.,adjective,4,4,我读了一篇精彩的故事。,Wǒ dú le yìpiān jīngcǎi de gùshì.,I read an exciting story.,我们生活在一个精彩的时代。,Wǒmen shēnghuó zài yígè jīngcǎi de shídài.,We live in a wonderful period.,偶尔也会收录一些精彩的文字。,Ǒuěr yě huì shōulù yìxiē jīngcǎi de wénzì.,Occasionally; wondrous texts were included.
1396,经济,jīngjì,economy; economic,名、（形）,名 n.,noun; adjective,4,4（5）,我希望经济很快复苏起来。,Wǒ xīwàng jīngjì hěnkuài fùsū qǐlái.,I hope the economy picks up soon.,能把经济管好的政府不多。,Néng bǎ jīngjì guǎnhǎo de zhèngfǔ bù duō.,Few governments can manage the economy successfully.,我们必须加强经济实力。,Wǒmen bìxū jiāqiáng jīngjì shílì.,We must strengthen our economy.
1397,京剧,jīngjù,Beijing opera,名,名 n.,noun,4,4,爷爷很喜欢听京剧。,Yéyé hěn xǐhuān tīng jīngjù.,Grandpa really enjoys listening to Beijing opera.,京剧是中国传统艺术之一。,Jīngjù shì zhōngguó chuántǒng yìshù zhīyī.,Beijing opera is one of China’s traditional arts.,我们周末去剧院看京剧。,Wǒmen zhōumò qù jùyuàn kàn jīngjù.,We are going to the theater to see Beijing opera this weekend.
1398,经历,jīnglì,experience; to go through,动、名,动 v.,verb; noun,4,4,他一生中经历过很多东西。,Tā yìshēng zhōng jīnglì guò hěnduō dōngxī.,He had various experiences in his life.,我父母那一代经历过战争。,Wǒ fùmǔ nà yídài jīnglì guò zhànzhēng.,My parents' generation went through the war.,他有许多不愉快的经历。,Tā yǒu xǔduō bù yúkuài de jīnglì.,He's had many unhappy experiences.
1399,经验,jīngyàn,experience,名,名 n.,noun,4,4,你有从事什么工作的经验?,Nǐ yǒu cóngshì shénme gōngzuò de jīngyàn?,What job experience do you have?,他有一些教授英语的经验。,Tā yǒu yìxiē jiàoshòu yīngyǔ de jīngyàn.,He has some experience in teaching English.,他在教学上拥有丰富的经验。,Tā zài jiàoxué shàng yōngyǒu fēngfù de jīngyàn.,He has a lot of teaching experience.
1400,警察,jǐngchá,police officer,名,名 n.,noun,4,4,我告诉了警察我所知道的。,Wǒ gàosù le jǐngchá wǒ suǒ zhīdào de.,I told the policeman what I knew.,警察以走私为由逮捕了他。,Jǐngchá yǐ zǒusī wèi yóu dàibǔ le tā.,The police arrested him for smuggling.,警察小心翼翼地抬起箱子。,Jǐngchá xiǎoxīnyìyì dì táiqǐ xiāngzi.,The policeman lifted the box carefully.
1401,景点,jǐngdiǎn,tourist attraction; scenic spot,名,名 n.,noun,4,4,这个景点只能网上购票。,Zhège jǐngdiǎn zhǐnéng wǎngshàng gòupiào.,The tickets for this attraction can only be bought online.,珊瑚礁是这个地区的主要景点。,Shānhújiāo shì zhège dìqū de zhǔyào jǐngdiǎn.,The coral reef is the region's prime attraction.,在京都，有很多的景点值得一看。,Zài jīngdū; yǒu hěnduō de jǐngdiǎn zhídeyíkàn.,There are a lot of sights in Kyoto.
1402,景区,jǐngqū,scenic area,名,名 n.,noun,4,4,节假日景区里游客很多。,Jiéjiàrì jǐngqū lǐ yóukè hěnduō.,Scenic areas are crowded during public holidays.,这个景区以美丽的山水闻名。,Zhège jǐngqū yǐ měilì de shānshuǐ wénmíng.,This scenic area is known for its beautiful mountains and rivers.,进入景区前要先买票。,Jìnrù jǐngqū qián yào xiān mǎipiào.,You need to buy a ticket before entering the scenic area.
1403,景色,jǐngsè,landscape; scenery,名,名 n.,noun,4,4,这是我见过最美丽的景色。,Zhè shì wǒ jiàn guò zuì měilì de jǐngsè.,This is the finest view I have ever seen.,阿富汗有许多不同的景色。,Āfùhàn yǒu xǔduō bùtóng de jǐngsè.,Afghanistan has different kinds of landscapes.,这是我见过最美的景色了。,Zhè shì wǒ jiàn guò zuìměi de jǐngsè le.,This is the most beautiful sight that I have ever seen.
1404,竟然,jìngrán,unexpectedly; to surprise,副,副 adv.,adverb,4,4,我很惊讶竟然看到了狮子。,Wǒ hěn jīngyà jìngrán kàndào le shīzi.,I was surprised to see a lion.,我很惊讶你竟然那么天真。,Wǒ hěn jīngyà nǐ jìngrán nàme tiānzhēn.,I'm surprised that you're so naïve.,天气到现在竟然依旧很好。,Tiānqì dào xiànzài jìngrán yījiù hěn hǎo.,It's hard to believe that it has been clear and sunny until now.
1405,竞争,jìngzhēng,to compete; competition,动,动 v.,verb,4,4,他被竞争公司挖去了。,Tā bèi jìngzhēng gōngsī wā qù le.,He was hired away by a rival company.,我和他竞争冠军。,Wǒ hé tā jìngzhēng guànjūn.,I competed with him for the championship.,这场足球赛充满着激情和精彩的竞争。,Zhèchǎng zúqiúsài chōngmǎn zhe jīqíng hé jīngcǎi de jìngzhēng.,This soccer match is full of energetic and splendid competition.
1406,镜子,jìngzi,mirror,名,名 n.,noun,4,4,你有看过镜子里的自己吗？,Nǐ yǒu kànguò jìngzi lǐ de zìjǐ ma?,Have you seen yourself in the mirror?,孩子，不要碰那面镜子！,Háizi; búyào pèng nà miàn jìngzi!,Kid; don't touch the mirror!,唐纳德去清理镜子碎片。,Tángnàdé qù qīnglǐ jìngzi suìpiàn.,Donald went to clean up the mirror fragments.
1407,究竟,jiūjìng,after all; outcome,副、（名）,副 adv.,adverb; noun,4,4（5）,那里究竟发生了什么事？,Nàlǐ jiūjìng fāshēng le shénme shì?,What exactly happened there?,究竟谁要负责？,Jiūjìng shuí yào fùzé?,Who exactly is responsible?,汤姆和玛丽究竟在计划做什么？,Tāngmǔ hémǎlì jiūjìng zài jìhuà zuò shénme?,What exactly are Tom and Mary planning to do?
1408,就是,jiùshì,exactly; precisely,助、副、连,助 part.,particle; adverb; conjunction,4,4,所有杰克做的事就是睡觉。,Suǒyǒu jiékè zuò de shì jiùshì shuìjiào.,All Jack does is sleep.,你们怎么就是没相信我呢？,Nǐmen zěnme jiùshì méi xiāngxìn wǒ ne?,Why didn't you believe me?,孩子去学校就是为了学习。,Háizi qù xuéxiào jiùshì wèile xuéxí.,Kids go to school to study.
1409,举,jǔ,to lift; to hold up,动,动 v.,verb,4,4,你举了一个不好的例子。,Nǐ jǔ le yígè bùhǎo de lìzi.,You gave a bad example.,让我来给你举个例子吧。,Ràng wǒ lái gěi nǐ jǔ gè lìzi ba.,Let me give you an example.,你可以给我举个例子吗？,Nǐ kěyǐ gěi wǒ jǔ gè lìzi ma?,Can you give me an example?
1410,举办,jǔbàn,to conduct; to hold,动,动 v.,verb,4,4,我们为她举办了一个欢迎会。,Wǒmen wèi tā jǔbàn le yígè huānyínghuì.,We had a welcome party for her.,我们举办了一次素食汉堡野餐。,Wǒmen jǔbàn le yícì sùshí hànbǎo yěcān.,We had a veggie burger cookout.,收获稻子时举办节日。,Shōuhuò dàozi shí jǔbàn jiérì.,A festival is held at the rice harvest.
1411,举例,jǔlì,to give an example,动,动 v.,verb,4,4,举例说，伦敦现在是早上七时。,Jǔlì shuō; lúndūn xiànzài shì zǎoshàng qī shí.,For example; it is 7:00 a.m. in London now.,要为一个字下定义比为字的用法举例更困难。,Yào wèi yígè zì xiàdìngyì bǐ wèi zì de yòngfǎ jǔlì gèng kùnnán.,To give a definition of a word is more difficult than to give an illustration of its usage.,举例说，如果一个老师警告学生不要吸烟，但自己却每天吸个不停，那么这个警告就是自相矛盾的了。,Jǔlì shuō; rúguǒ yígè lǎoshī jǐnggào xuéshēng búyào xīyān; dàn zìjǐ què měitiān xī gè bùtíng; nàme zhège jǐnggào jiùshì zìxiāngmáodùn de le.,For example; if a chain-smoking teacher cautions a pupil for smoking; that warning is self-contradictory.
1412,举行,jǔxíng,to hold,动,动 v.,verb,4,4,他们的婚礼将在明天举行。,Tāmen de hūnlǐ jiāng zài míngtiān jǔxíng.,Their wedding will be tomorrow.,我们今天晚上将举行派对。,Wǒmen jīntiān wǎnshàng jiàng jǔxíng pàiduì.,We're having a party this evening.,会议将在后天于东京举行。,Huìyì jiāng zài hòutiān yú dōngjīng jǔxíng.,The conference is to be held in Tokyo the day after tomorrow.
1413,聚,jù,to congregate; to assemble,动,动 v.,verb,4,4,我们每周在这儿聚一次。,Wǒmen měizhōu zài zhèér jù yícì.,We gather here once a week.,一滴滴水能聚成湖泊。,Yìdī dīshuǐ néng jù chéng húpō.,Drop by drop; the water can conglomerate into a lake.,我们一年聚一次。,Wǒmen yìnián jù yícì.,We get together once a year.
1414,聚餐,jùcān,to have a group meal; dine together,动,动 v.,verb,4,4,我们周末一起聚餐吧。,Wǒmen zhōumò yìqǐ jùcān ba.,Let’s have a group meal this weekend.,公司为新员工安排了聚餐。,Gōngsī wèi xīn yuángōng ānpái le jùcān.,The company arranged a group dinner for new employees.,聚餐结束后，大家一起拍照。,Jùcān jiéshù hòu; dàjiā yìqǐ pāizhào.,After the group meal; everyone took photos together.
1415,聚会,jùhuì,party; gathering,动、名,动 v.,verb; noun,4,4,我们希望你来我们的聚会。,Wǒmen xīwàng nǐ lái wǒmen de jùhuì.,We would like you to come to our party.,聚会上我和他谈得很愉快。,Jùhuì shàng wǒ hé tā tán dé hěn yúkuài.,I enjoyed talking with him at the party.,昨天聚会你们玩得开心吗？,Zuótiān jùhuì nǐmen wán dé kāixīn ma?,Did you have fun at the party yesterday?
1416,拒绝,jùjué,to refuse; to decline,动,动 v.,verb,4,4,他拒绝了我加好友的请求。,Tā jùjué le wǒ jiā hǎoyǒu de qǐngqiú.,He refused my friend request.,你为什么拒绝了他的提议？,Nǐ wèishénme jùjué le tā de tíyì?,Why did you turn down his offer?,此提议好得令人难以拒绝。,Cǐ tíyì hǎo dé lìngrén nányǐ jùjué.,The offer is too good to be turned down.
1417,距离,jùlí,distance; to be apart from,动、名,动 v.,verb; noun,4,4,从这里到公园距离两英里。,Cóng zhèlǐ dào gōngyuán jùlí liǎngyīnglǐ.,It is two miles from here to the park.,他们之间隔着很远的距离。,Tāmen zhījiàn gé zhe hěn yuǎn de jùlí.,They are separated by a great distance.,两人之间的距离已拉近。,Liǎng rén zhījiān de jùlí yǐ lājìn.,The gap between them has narrowed.
1418,剧院,jùyuàn,theater,名,名 n.,noun,4,4,这家剧院可以坐下几百人。,Zhèjiā jùyuàn kěyǐ zuòxià jǐbǎirén.,This theater seats several hundred people.,这家剧院以前星期天也营业。,Zhèjiā jùyuàn yǐqián xīngqītiān yě yíngyè.,The theater used to open on Sundays.,我们所有的人都去剧院看戏。,Wǒmen suǒyǒu de rén dōu qù jùyuàn kàn xì.,All of us went to the theater to see a play.
1419,开玩笑,kāiwánxiào,to joke; to play a joke,动,动 v.,verb,4,4,他这么说就是为了开玩笑。,Tā zhème shuō jiùshì wèile kāiwánxiào.,He only says these things as a joke.,你觉得我是在开玩笑吗？,Nǐ juéde wǒ shì zài kāiwánxiào ma?,Do you think I'm joking?,这不是一件开玩笑的事。,Zhè búshì yíjiàn kāiwánxiào de shì.,This isn't a joking matter.
1420,看法,kànfǎ,view; opinion,名,名 n.,noun,4,4,我同意你对这问题的看法。,Wǒ tóngyì nǐ duì zhè wèntí de kànfǎ.,I agree with you on this issue.,你们对此有什么看法吗？,Nǐmen duìcǐ yǒu shénme kànfǎ ma?,What do you make of this?,他们屈服于我的看法了。,Tāmen qūfúyú wǒ de kànfǎ le.,They gave in to my opinion.
1421,烤,kǎo,to roast; to bake,动,动 v.,verb,4,4,她为男生烤了一个苹果派。,Tā wèi nánshēng kǎo le yígè píngguǒpài.,She baked an apple pie for him.,这些是她自己烤的蛋糕。,Zhèxiē shì tā zìjǐ kǎo de dàngāo.,These are cakes that she baked herself.,面包是在烤箱里烤的。,Miànbāo shì zài kǎoxiāng lǐ kǎo de.,Bread is baked in an oven.
1422,考虑,kǎolǜ,to think over; to consider,动,动 v.,verb,4,4,我在考虑我晚饭做什么菜。,Wǒ zài kǎolǜ wǒ wǎnfàn zuò shénme cài.,I'm wondering what to cook for dinner.,我觉得你应该考虑到未来。,Wǒ juéde nǐ yīnggāi kǎolǜ dào wèilái.,I think you need to think about the future.,我仔细地考虑了这个问题。,Wǒ zǐxì dì kǎolǜ le zhège wèntí.,I gave careful consideration to the problem.
1423,考生,kǎoshēng,exam candidate; student whose name has been put forward for an exam,名,名 n.,noun,4,4,考生必须按时进入考场。,Kǎoshēng bìxū ànshí jìnrù kǎochǎng.,Candidates must enter the examination room on time.,每位考生都要带身份证。,Měiwèi kǎoshēng dōu yào dài shēnfènzhèng.,Every candidate must bring identification.,老师提醒考生认真检查答案。,Lǎoshī tíxǐng kǎoshēng rènzhēn jiǎnchá dáàn.,The teacher reminded candidates to check their answers carefully.
1424,棵,kē,classifier for trees and plants,量,量 m.w.,measure word,4,4,以前我家前面有棵大松树。,Yǐqián wǒjiā qiánmiàn yǒu kē dà sōngshù.,There used to be a big pine tree in front of my house.,我在我的院子里种了棵桃树。,Wǒ zài wǒ de yuànzi lǐ zhǒng le kē táoshù.,I planted a peach tree in my yard.,这棵外星的树是蓝色的。,Zhè kē wàixīng de shù shì lánsè de.,This extraterrestrial tree is blue.
1425,科技,kējì,science and technology,名,名 n.,noun,4,4,美国的太空科技十分先进。,Měiguó de tàikōng kējì shífēn xiānjìn.,America is ahead in space technology.,这种科技的优势是什么？,Zhèzhǒng kējì de yōushì shì shénme?,What is the advantage of this technology?,在科技准备好之前需要五到十年。,Zài kējì zhǔnbèi hǎo zhīqián xūyào wǔ dào shínián.,It will be five or ten years before the technology is ready.
1426,科学,kēxué,science; scientific knowledge,名、形,名 n.,noun; adjective,4,4,你的理论并没有科学根据。,Nǐ de lǐlùn bìng méiyǒu kēxué gēnjù.,Your theory has no scientific basis.,科学并不能解答所有问题。,Kēxué bìng bùnéng jiědá suǒyǒu wèntí.,Science doesn't have an answer to everything.,这些主张没有科学的根据。,Zhèxiē zhǔzhāng méiyǒu kēxué de gēnjù.,There is no scientific basis for these claims.
1427,咳,ké,sound of sighing; oh,动,动 v.,verb,4,4,他感冒了，一直在咳。,Tā gǎnmào le; yìzhí zài ké.,He has a cold and keeps coughing.,请不要对着别人咳。,Qǐng búyào duì zhe biérén ké.,Please do not cough toward other people.,她咳了几声就去看大夫。,Tā ké le jǐshēng jiù qù kàn dàfū.,She coughed a few times and then went to see a doctor.
1428,咳嗽,késou,to cough,动,动 v.,verb,4,4,咳嗽糖浆有股甘草的味道。,Késòu tángjiāng yǒu gǔ gāncǎo de wèidào.,The cough syrup has a licorice flavoring.,爱和咳嗽是无法隐藏的。,Ài hé késòu shì wúfǎ yǐncáng de.,Love and cough cannot be hidden.,你咳嗽了，最好带一条围巾。,Nǐ késòu le; zuìhǎo dài yìtiáo wéijīn.,You're coughing; better bring a scarf.
1429,可惜,kěxī,what a pity; unfortunately,形,形 adj.,adjective,4,4,您昨晚没来真是太可惜了！,Nín zuówǎn méi lái zhēnshìtài kěxī le!,It's a pity you didn't come last night.,可惜你不知道如何跳舞！,Kěxī nǐ bù zhīdào rúhé tiàowǔ!,What a pity you can't dance!,你不能和我们一起来真可惜。,Nǐ bùnéng hé wǒmen yì qǐlái zhēn kěxī.,It is a pity that you can't join us.
1430,克,kè,to subdue; to restrain,量,量 m.w.,measure word,4,4,一碗饭大约重一百八十克。,Yìwǎn fàn dàyuē zhòng yìbǎibāshí kè.,A bowl of rice is about 180 grams.,你知道海姆利克急救法吗？,Nǐ zhīdào hǎimǔ lì kè jíjiùfǎ ma?,Do you know the Heimlich maneuver?,为什么学习克林贡语？,Wèishénme xuéxí kè lín gòng yǔ?,Why learn Klingon?
1431,课程,kèchéng,course; academic program,名,名 n.,noun,4,4,所以你也打算选这门课程啊！,Suǒyǐ nǐ yě dǎsuàn xuǎn zhè mén kèchéng a!,So you're planning to follow this course as well!,她在夜校上自卫术课程。,Tā zài yèxiào shàng zìwèi shù kèchéng.,She took night classes in the art of self-defense.,你应该去上婴儿心肺复苏课程。,Nǐ yīnggāi qù shàng yīngér xīnfèi fùsū kèchéng.,You should really take an infant CPR class.
1432,客气,kèqi,polite; courteous,形、动,形 adj.,adjective; verb,4,4,别客气，我很愿意帮助你。,Bié kèqì; wǒ hěn yuànyì bāngzhù nǐ.,You're welcome; I'd love to help you.,对这种人，用不着客气。,Duì zhèzhǒng rén; yòngbùzhe kèqì.,There's no need to be polite with this kind of person.,不用客气，随便坐吧。,Búyòng kèqì; suíbiàn zuò ba.,Please make yourself comfortable.
1433,课堂,kètáng,classroom,名,名 n.,noun,4,4,课堂上所有的男生都很用功。,Kètáng shàng suǒyǒu de nánshēng dōu hěn yònggōng.,All the boys in class worked hard.,学生在课堂上必须保持安静。,Xuéshēng zài kètáng shàng bìxū bǎochí ānjìng.,Students must keep silent during class.,他在课堂上心不在焉。,Tā zài kètáng shàng xīnbúzàiyān.,He had his head in the clouds in class.
1434,客厅,kètīng,living room; drawing room (room for arriving guests),名,名 n.,noun,4,4,那件家具不适合摆在客厅。,Nà jiàn jiājù bú shìhé bǎizài kètīng.,That piece of furniture is not fitting for the living room.,这个小皮蛋，又在客厅乱跑！,Zhège xiǎo pídàn; yòu zài kètīng luànpǎo!,That little naughty one is running around the living room again!,客厅的家具风格现代。,Kètīng de jiājù fēnggé xiàndài.,The living room furniture was modern in style.
1435,肯定,kěndìng,to be certain; to be positive,动、形、副,动 v.,verb; adjective; adverb,4,4,肯定有人看见发生了什么。,Kěndìng yǒurén kànjiàn fāshēng le shénme.,Someone must've seen what happened.,我肯定她很快就会回来的。,Wǒ kěndìng tā hěnkuài jiù huì huílái de.,I'm sure that she will come back soon.,我想她肯定有其他技能。,Wǒ xiǎng tā kěndìng yǒu qítā jìnéng.,I'm sure she has other skills.
1436,空,kōng,empty; air,形、（副）,形 adj.,adjective; adverb,4,4（5）,这个盒子是空的。,Zhège hézi shì kōng de.,This box is empty.,会议室现在是空的。,Huìyìshì xiànzài shì kōng de.,The meeting room is empty now.,天空中没有一片云。,Tiānkōng zhōng méiyǒu yípiàn yún.,There is not a single cloud in the sky.
1437,空气,kōngqì,air; atmosphere,名,名 n.,noun,4,4,空气是生命中不可或缺的。,Kōngqì shì shēngmìng zhòng bùkěhuòquē de.,Air is indispensable to life.,没有空气生活是不可能的。,Méiyǒu kòngqì shēnghuó shì bù kěnéng de.,To live without air is impossible.,没有空气，人无法存在。,Méiyǒu kòngqì; rén wúfǎ cúnzài.,Men can not exist without air.
1438,恐怕,kǒngpà,fear; to dread,动、副,动 v.,verb; adverb,4,4,你恐怕会变成一个好人哦。,Nǐ kǒngpà huì biànchéng yígè hǎorén ó.,You're in danger of becoming a good man.,我恐怕不是个很好的伙伴。,Wǒ kǒngpà búshì gè hěn hǎo de huǒbàn.,I'm afraid I wouldn't be very good company.,恐怕我必须说再见了。,Kǒngpà wǒ bìxū shuō zàijiàn le.,I'm afraid I must say goodbye.
1439,空,kòng,empty; air,动、形、名,动 v.,verb; adjective; noun,4,4,你明天下午有空吗？,Nǐ míngtiān xiàwǔ yǒukòng ma?,Are you free tomorrow afternoon?,这间教室现在空着。,Zhè jiān jiàoshì xiànzài kōng zhe.,This classroom is vacant right now.,有空的时候给我打电话。,Yǒukòng de shíhòu gěi wǒ dǎdiànhuà.,Call me when you have time.
1440,口语,kǒuyǔ,colloquial speech; spoken language,名,名 n.,noun,4,4,口语比书面语更贴近生活。,Kǒuyǔ bǐ shūmiànyǔ gèng tiējìnshēnghuó.,Spoken language is closer to life than written language.,我对口语英语更感兴趣。,Wǒ duì kǒuyǔ yīngyǔ gèng gǎnxìngqù.,I'm more interested in spoken English.,虽然他考得很好，他口语的汉语不见得比你的好。,Suīrán tā kǎo dé hěn hǎo; tā kǒuyǔ de hànyǔ bújiànde bǐ nǐ de hǎo.,Although he did well in the exam; his spoken Chinese is not necessarily as good as yours.
1441,苦,kǔ,bitter; hardship,形,形 adj.,adjective,4,4,小洞及时补，免遭大洞苦。,Xiǎo dòng jíshí bǔ; miǎnzāo dàdòng kǔ.,A stitch in time saves nine.,他一生为急性疼痛所苦。,Tā yìshēng wèi jíxìng téngtòng suǒ kǔ.,He's suffering from acute pain in his life.,这颗苹果很苦。,Zhè kē píngguǒ hěn kǔ.,The apple is bitter.
1442,快餐,kuàicān,fast food; snack,名,名 n.,noun,4,4,中午太忙，我只吃了点儿快餐。,Zhōngwǔ tài máng; wǒ zhǐ chī le diǎnér kuàicān.,I was too busy at noon; so I only ate some fast food.,经常吃快餐对健康不好。,Jīngcháng chīkuàicān duì jiànkāng bùhǎo.,Frequently eating fast food is unhealthy.,这家快餐店价格不贵。,Zhèjiā kuàicāndiàn jiàgé bú guì.,This fast-food restaurant is not expensive.
1443,快递,kuàidì,express delivery,名,名 n.,noun,4,4,你的快递已经送到了。,Nǐ de kuàidì yǐjīng sòngdào le.,Your delivery has arrived.,我去楼下取快递。,Wǒ qù lóuxià qǔ kuàidì.,I am going downstairs to pick up the package.,这家公司提供免费快递服务。,Zhèjiā gōngsī tígōng miǎnfèi kuàidì fúwù.,This company offers free express delivery.
1444,快速,kuàisù,fast; high-speed,形,形 adj.,adjective,4,4,她快速地刷了下我的鞋子。,Tā kuàisù dì shuā le xià wǒ de xiézi.,She gave my shoes a quick brush.,手指在键盘上快速的移动。,Shǒuzhǐ zài jiànpán shàng kuàisù de yídòng.,The fingers move fast on the keyboard.,她快速地翻过这本杂志。,Tā kuàisù dì fānguò zhèběn zázhì.,She paged quickly through the magazine.
1445,困,kùn,to trap; to surround,形、（动）,形 adj.,adjective; verb,4,4（5）,我不是醉了，只是困了。,Wǒ búshì zuì le; zhǐshì kùn le.,I'm not drunk; I'm just tired.,我被风暴困在波士顿。,Wǒ bèi fēngbào kùn zài bōshìdùn.,I'm stuck here in Boston because of the storm.,汤姆也许会跟玛莉说不困。,Tāngmǔ yěxǔ huì gēn mǎ lì shuō bú kùn.,Tom will probably tell Mary he isn't sleepy.
1446,困难,kùnnan,difficult situation; challenging,形、名,形 adj.,adjective; noun,4,4,生活很困难，但我更坚强。,Shēnghuó hěn kùnnán; dàn wǒ gèng jiānqiáng.,Life is hard; but I am harder.,把想法付诸实践是困难的。,Bǎ xiǎngfǎ fùzhūshíjiàn shì kùnnán de.,Putting ideas into practice is difficult.,我编译这个程序有些困难。,Wǒ biānyì zhège chéngxù yǒuxiē kùnnán.,I'm having some problems compiling this software.
1447,拉,lā,to chat; to pull,动,动 v.,verb,4,4,我把我自己用力拉了起来。,Wǒ bǎ wǒ zìjǐ yònglì lā le qǐlái.,I heaved myself up.,蕾拉之前在和癌症作鬪争。,Lěi lā zhīqián zài hé áizhèng zuò dòu zhēng.,Layla was battling cancer.,蕾拉脱了衣服，赚到了钱。,Lěi lā tuō le yīfú; zhuàn dào le qián.,Layla stripped and made money.
1448,垃圾,lājī,garbage; trash,名,名 n.,noun,4,4,很多人跳过栏杆，还丢垃圾。,Hěnduō rén tiào guò lángān; hái diū lājī.,A lot of people climb the railing; and even litter.,别忘了把垃圾拿出去。,Biéwàngle bǎ lājī náchū qù.,Don't forget to take out the garbage.,垃圾真的开始成堆了。,Lājī zhēnde kāishǐ chéngduī le.,The trash is really starting to pile up.
1449,辣,là,pungent; to sting,形,形 adj.,adjective,4,4,有时候我会想吃辣的东西。,Yǒushíhòu wǒhuì xiǎng chī là de dōngxī.,Every now and then I like to have hot and spicy food.,韩国菜一般都很辣。,Hánguócài yìbān dōu hěn là.,Korean food is generally very spicy.,汤姆不喜欢任何辣的食物。,Tāngmǔ bù xǐhuān rènhé là de shíwù.,Tom doesn't like any kind of spicy food.
1450,来不及,láibují,it's too late (to do something); there's not enough time (to do something),动,动 v.,verb,4,4,我时间来不及啦，你快一点呀！,Wǒ shíjiān láibùjí la; nǐ kuài yìdiǎn ya!,I don't have enough time; hurry up!,时间快来不及了。,Shíjiān kuài láibùjí le.,We're running out of time.,我时间有点来不及，只能出门买大饼油条。,Wǒ shíjiān yǒudiǎn láibùjí; zhǐnéng chūmén mǎi dàbǐng yóutiáo.,I'm running a little short on time; so I can only go out and buy flat bread and bread sticks.
1451,来得及,láidejí,to have enough time; can still make it,动,动 v.,verb,4,4,很不幸，我没来得及听他的演讲。,Hěn búxìng; wǒ méi láidejí tīng tā de yǎnjiǎng.,Unfortunately I was not in time for his speech.,我时间还来得及。,Wǒ shíjiān hái láidejí.,I can still make it.,我还来得及吗？,Wǒ hái láidejí ma?,Can I still make it?
1452,懒,lǎn,lazy,形,形 adj.,adjective,4,4,我认识的人中就他最懒了。,Wǒ rènshí de rén zhōng jiù tā zuì lǎn le.,He's the laziest person I know.,我是据我所知最懒的人。,Wǒ shì jùwǒsuǒzhī zuì lǎn de rén.,I am the laziest person I know.,就我所知，他不懒。,Jiù wǒ suǒzhī; tā bù lǎn.,As far as I know; he isn't lazy.
1453,浪费,làngfèi,to waste; to squander,动,动 v.,verb,4,4,他后悔浪费了他的时间。,Tā hòuhuǐ làngfèi le tā de shíjiān.,He regrets having wasted his time.,我浪费了很多时间作白日梦。,Wǒ làngfèi le hěnduō shíjiān zuò báirìmèng.,I waste a lot of time daydreaming.,做那事是浪费你的时间。,Zuò nà shì shì làngfèi nǐ de shíjiān.,Doing that is a waste of your time.
1454,浪漫,làngmàn,romantic,形,形 adj.,adjective,4,4,其实我还是觉得好浪漫哦。,Qíshí wǒ háishì juéde hǎo làngmàn ó.,Actually I find it quite romantic.,玛丽总是说汤姆不够浪漫。,Mǎlì zǒngshì shuō tāngmǔ búgòu làngmàn.,Mary is always saying that Tom isn't romantic enough.,好浪漫啊！,Hǎo làngmàn a!,How romantic!
1455,老虎,lǎohǔ,tiger,名,名 n.,noun,4,4,老虎从动物园中逃出来了。,Lǎohǔ cóng dòngwùyuán zhōng táochūlái le.,The tigers escaped from the zoo.,我们听到远处老虎的怒吼。,Wǒmen tīngdào yuǎnchù lǎohǔ de nùhǒu.,We heard tigers roaring in the distance.,男人戴了一个老虎面具。,Nánrén dài le yígè lǎohǔ miànjù.,The man wore a mask of a tiger.
1456,老家,lǎojiā,native place; place of origin,名,名 n.,noun,4,4,春节时我们全家回老家。,Chūnjié shí wǒmen quánjiā huílǎojiā.,Our whole family returns to our hometown for Spring Festival.,我的老家在一个安静的小村子里。,Wǒ de lǎojiā zài yígè ānjìng de xiǎocūnzi lǐ.,My hometown is in a quiet village.,离开老家以后，他一直很想家。,Líkāi lǎojiā yǐhòu; tā yìzhí hěn xiǎng jiā.,After leaving his hometown; he missed home very much.
1457,老年,lǎonián,elderly; old age,名,名 n.,noun,4,4,进入老年以后更要注意健康。,Jìnrù lǎonián yǐhòu gèng yào zhùyì jiànkāng.,People should pay even more attention to health in old age.,这个社区为老年人提供服务。,Zhège shèqū wèi lǎoniánrén tígōng fúwù.,This community provides services for elderly people.,她正在研究老年教育。,Tā zhèngzài yánjiū lǎonián jiàoyù.,She is researching education for older adults.
1458,老是,lǎoshì,always,副,副 adv.,adverb,4,4,他老是忘记带钥匙。,Tā lǎo shì wàngjì dài yàoshi.,He is always forgetting his keys.,你为什么老是迟到？,Nǐ wèishénme lǎo shì chídào?,Why are you always late?,这台电脑老是出问题。,Zhè tái diànnǎo lǎo shì chū wèntí.,This computer keeps having problems.
1459,冷静,lěngjìng,calm; cool-headed,形,形 adj.,adjective,4,4,无论发生甚么事也要保持冷静。,Wúlùn fāshēng shénme shì yě yào bǎochí lěngjìng.,Whatever happens; keep calm.,我父亲一直很冷静。,Wǒ fùqīn yìzhí hěn lěngjìng.,My father is always cool.,我们只须保持冷静。,Wǒmen zhǐ xū bǎochí lěngjìng.,We just need to stay calm.
1460,理发,lǐfà,to get a haircut; to have hair done,动,动 v.,verb,4,4,你到了该去理发的时候了。,Nǐ dào le gāi qù lǐfà de shíhòu le.,It is time you had a haircut!,我昨天去了理发店理发。,Wǒ zuótiān qù le lǐfàdiàn lǐfà.,I had my hair cut at the barber shop yesterday.,我去了理发店理发。,Wǒ qù le lǐfàdiàn lǐfà.,I had my hair cut at a barber's shop.
1461,理解,lǐjiě,to comprehend; to understand,动,动 v.,verb,4,4,阿拉伯语的语法很难理解。,Ālābóyǔ de yǔfǎ hěn nán lǐjiě.,Arabic grammar is hard to understand.,你应该理解，这是严肃的。,Nǐ yīnggāi lǐjiě; zhè shì yánsù de.,You should understand; this is serious.,英语对我来说太难理解了。,Yīngyǔ duì wǒ láishuō tài nán lǐjiě le.,English is too difficult for me to understand.
1462,礼貌,lǐmào,courtesy; politeness,名、形,名 n.,noun; adjective,4,4,马格达莱纳对我很有礼貌。,Mǎgédáláinà duì wǒ hěn yǒu lǐmào.,Magdalena is very polite to me.,盯著陌生人看是不礼貌的。,Dīng zhù mòshēngrén kàn shì bù lǐmào de.,It is rude to stare at strangers.,盯著别人看是不礼貌的。,Dīng zhù biérén kàn shì bù lǐmào de.,It is rude to stare at someone.
1463,理想,lǐxiǎng,an ideal; a dream,名、形,名 n.,noun; adjective,4,4,他被证实是个理想丈夫。,Tā bèi zhèngshí shì gè lǐxiǎng zhàngfū.,He proved to be an ideal husband.,他表明自己是一个理想的丈夫。,Tā biǎomíng zìjǐ shì yígè lǐxiǎng de zhàngfū.,He's making it clear that he's an ideal husband.,你是我的理想情人。,Nǐ shì wǒ de lǐxiǎng qíngrén.,You're the girl of my dreams.
1464,厉害,lìhai,intense; severe,形,形 adj.,adjective,4,4,你为甚么哭得这么厉害？,Nǐ wèi shénme kū dé zhème lìhài?,Why did you cry so much?,我听说他打麻将很厉害。,Wǒ tīngshuō tā dǎmájiāng hěn lìhài.,I hear he is good at mahjong.,他明显是队里最厉害的球员。,Tā míngxiǎn shì duìlǐ zuì lìhài de qiúyuán.,He's clearly the best player in the team.
1465,力气,lìqi,strength,名,名 n.,noun,4,4,我没力气继续尝试了。,Wǒ méi lìqì jìxù chángshì le.,I don't have the strength to keep trying.,我的力气耗尽了。,Wǒ de lìqì hàojìn le.,My strength is all gone.,我没力气说话了。,Wǒ méi lìqì shuōhuà le.,I no longer have the energy to talk.
1466,例如,lìrú,for example; such as,动,动 v.,verb,4,4,例如，这是一支笔。,Lìrú; zhè shì yìzhī bǐ.,For example; this is a pen.,鱼类例如鲤鱼和鳟鱼生活在淡水中。,Yúlèi lìrú lǐyú hé zūnyú shēnghuó zài dànshuǐ zhōng.,Fish such as carp and trout live in fresh water.,例如，在保加利亚摇头表示同意而点头表示不同意。,Lìrú; zài bǎojiālìyà yáotóu biǎoshìtóngyì ér diǎntóu biǎoshì bù tóngyì.,For example in Bulgaria; shaking one's head means yes while nodding one's head means no.
1467,例子,lìzi,case; example,名,名 n.,noun,4,4,推特就是荒谬的绝佳例子。,Tuī tè jiùshì huāngmiù de juéjiā lìzi.,Twitter is a good example of absurdity.,你举了一个不好的例子。,Nǐ jǔ le yígè bùhǎo de lìzi.,You gave a bad example.,让我来给你举个例子吧。,Ràng wǒ lái gěi nǐ jǔ gè lìzi ba.,Let me give you an example.
1468,俩,liǎ,two; both,数量,数量 qty. expr.,numeral,4,4,他们俩的影子重叠在一起。,Tāmen liǎ de yǐngzi chóngdié zài yìqǐ.,Their two shadows overlap.,他们俩都是很称职的法官。,Tāmen liǎ dōu shì hěn chènzhí de fǎguān.,They are both very competent judges.,他们俩爱上了同一个女的。,Tāmen liǎ ài shàng le tóngyígè nǚ de.,They both fell in love with the same woman.
1469,连,lián,to link; to join,介、（动、副）,介 prep.,preposition; verb; adverb,4,4（5）,我连亲也没有亲过她一下。,Wǒ lián qīn yě méiyǒu qīn guò tā yíxià.,I didn't even kiss her.,萨米穿著一件蓝色连帽衫。,Sàmǐ chuānzhù yíjiàn lánsè lián mào shān.,Sami wears a blue hoodie.,连巧克力中也含有维他命。,Lián qiǎokèlì zhōng yě hányǒu wéitāmìng.,Even chocolate contains vitamins.
1470,联系,liánxì,connection; contact,动,动 v.,verb,4,4,你是想将我与其联系起来吗？,Nǐ shì xiǎng jiāng wǒ yǔqí liánxì qǐlái ma?,Did you mean to link me that?,我不想再和他们联系了。,Wǒ bùxiǎng zài hé tāmen liánxì le.,I don't want to contact them anymore.,我们到了就打电话跟您联系。,Wǒmen dào le jiù dǎdiànhuà gēn nín liánxì.,We'll contact you by phone as soon as we arrive.
1471,凉,liáng,cool; cold,形,形 adj.,adjective,4,4,凉子有一张漂亮的小脸蛋。,Liáng zi yǒu yìzhāng piàoliàng de xiǎoliǎndàn.,Ryoko has a cute little face.,趁汤没凉，你把汤喝了。,Chèn tāng méi liáng; nǐ bǎ tāng hē le.,Drink the soup while it is hot.,快穿上衣服，别著凉喽。,Kuài chuān shàng yīfú; bié zhù liáng lóu.,Put some clothes on; you'll catch a cold.
1472,量,liáng,capacity; to measure,动,动 v.,verb,4,4,护士正在给他量体温。,Hùshì zhèngzài gěi tā liángtǐwēn.,The nurse is taking his temperature.,请帮我量一下桌子的长度。,Qǐng bāng wǒ liàng yíxià zhuōzi de chángdù.,Please help me measure the length of the table.,孩子每个月都要量身高。,Háizi měigè yuè dōu yào liàng shēngāo.,The child’s height is measured every month.
1473,两,liǎng,two; a couple of,量,量 m.w.,numeral,4,4,我买了两本汉语书。,Wǒ mǎi le liǎngběn hànyǔ shū.,I bought two Chinese books.,我们在车站等了两个小时。,Wǒmen zài chēzhàn děng le liǎnggè xiǎoshí.,We waited at the station for two hours.,桌上放着两杯茶。,Zhuōshàng fàng zhe liǎngbēi chá.,There are two cups of tea on the table.
1474,亮,liàng,bright; clear,形、动,形 adj.,adjective; verb,4,4,天快亮了，我要动身了。,Tiān kuài liàng le; wǒ yào dòngshēn le.,It will soon be daybreak and I have to leave.,外面天色越来越亮了。,Wàimiàn tiānsè yuèláiyuè liàng le.,It is getting lighter outside.,才早晨5点，但天已经亮了。,Cái zǎochén 5 diǎn; dàn tiān yǐjīng liàng le.,It's just five in the morning; but nevertheless it is light out.
1475,列,liè,file; to arrange,动、量,动 v.,verb; measure word,4,4,这列火车时速20英里。,Zhè liè huǒchē shísù 20 yīnglǐ.,The train makes 20 miles an hour.,我们偶然间乘了同一列列车。,Wǒmen ǒuránjiān chéng le tóngyí liè lièchē.,We were on the same train by chance.,这列火车在昆山车站停车吗？,Zhè liè huǒchē zài kūnshān chēzhàn tíngchē ma?,Does this train stop at Kunshan station?
1476,零下,língxià,below zero,名,名 n.,noun,4,4,昨晚的温度降到了零下五度。,Zuówǎn de wēndù jiàngdào le língxià wǔdù.,Last night the temperature fell to five degrees below zero.,零下的天气里要多穿衣服。,Língxià de tiānqì lǐ yào duō chuānyīfú.,You should wear more clothes in below-freezing weather.,这里冬天常常是零下十几度。,Zhèlǐ dōngtiān chángcháng shì língxià shíjǐ dù.,It is often more than ten degrees below zero here in winter.
1477,零花钱,línghuāqián,pocket money; allowance,名,名 n.,noun,4,4,父母每个月给他一些零花钱。,Fùmǔ měigè yuè gěi tā yìxiē línghuāqián.,His parents give him some pocket money each month.,他把零花钱存进了银行。,Tā bǎ línghuāqián cún jìn le yínháng.,He deposited his pocket money in the bank.,别把所有零花钱都花在零食上。,Bié bǎ suǒyǒu línghuāqián dōu huā zài língshí shàng.,Do not spend all your pocket money on snacks.
1478,零钱,língqián,small change; pocket money,名,名 n.,noun,4,4,请你帮我换一点零钱行吗？,Qǐng nǐ bāng wǒ huàn yìdiǎn língqián xíng ma?,Could you please exchange some small change with me?,对不起; 我没有零钱。,Duìbùqǐ; wǒ méiyǒu língqián.,I'm sorry; I don't have change.,你有零钱换一元美金吗？,Nǐ yǒu língqián huàn yìyuán měijīn ma?,Do you have change for a dollar?
1479,零食,língshí,between-meal nibbles; snacks,名,名 n.,noun,4,4,爆米花是我最喜欢的零食。,Bàomǐhuā shì wǒ zuì xǐhuān de língshí.,Popcorn is my favorite snack.,雅尼买了些零食给我们。,Yǎní mǎi le xiē língshí gěi wǒmen.,Yanni got us some snacks.,齐里拿著一些零食走了进来。,Qí lǐ ná zhù yìxiē língshí zǒu le jìnlái.,Ziri walked in with some snacks.
1480,另,lìng,another; separately,代、（副）,代 pron.,pronoun; adverb,4,4（6）,我有另一个朋友在中国里。,Wǒ yǒu lìng yígè péngyǒu zài zhōngguó lǐ.,I have another friend in China.,有没有可能有另一种解释？,Yǒuméiyǒu kěnéng yǒu lìng yìzhǒng jiěshì?,Is another explanation possible?,把另一张邮票贴在信封上。,Bǎ lìng yìzhāng yóupiào tiē zài xìnfēng shàng.,Stick another stamp on the envelope.
1481,另外,lìngwài,additional; in addition,代、副、连,代 pron.,pronoun; adverb; conjunction,4,4,所以你来自另外一个星球？,Suǒyǐ nǐ láizì lìngwài yígè xīngqiú?,So you come from another planet?,大家都在另外的房里等着。,Dàjiā dōu zài lìngwài de fánglǐ děng zhe.,Everyone is waiting in the other room.,总部里有另外一种气氛。,Zǒngbù lǐ yǒu lìngwài yìzhǒng qìfēn.,There was a different kind of atmosphere in the headquarters.
1482,留,liú,to leave; to retain,动,动 v.,verb,4,4,行与行之间要留一个空间。,Xíng yǔ xíng zhījiān yào liú yígè kōngjiān.,Leave a space between the lines.,我还留着那起事故的伤疤。,Wǒ hái liú zhe nà qǐ shìgù de shāngbā.,I'll still have a scar from that accident.,大卫的头发留了很多年了。,Dàwèi de tóufà liú le hěnduōnián le.,David has been growing his hair for years.
1483,流,liú,to flow; to disseminate,动,动 v.,verb,4,4,泪水沿着我的面颊流了下来。,Lèishuǐ yánzhe wǒ de miànjiá liú le xiàlái.,Tears rolled down my cheeks.,溪水流进这个池塘里。,Xīshuǐ liú jìn zhège chítáng lǐ.,The stream flows into the pond.,墨西哥卷饼里的起司能流出来。,Mòxīgē juǎn bǐng lǐ de qǐ sī néng liú chūlái.,The burrito was oozing with cheese.
1484,流利,liúlì,fluent,形,形 adj.,adjective,4,4,我不能流利的用英文表达。,Wǒ bùnéng liúlì de yòng yīngwén biǎodá.,I can't speak English fluently.,她能说流利的英语和法语。,Tā néng shuō liúlì de yīngyǔ hé fǎyǔ.,She is fluent in English and French.,你流利的英语让我很吃惊。,Nǐ liúlì de yīngyǔ ràng wǒ hěn chījīng.,I'm amazed at your fluency in English.
1485,留下,liúxia,to leave behind; to stay behind,动,动 v.,verb,4,4,他在桌子上留下了这本书。,Tā zài zhuōzi shàng liúxià le zhè běnshū.,He left the book on the table.,他没有留下痕迹就消失了。,Tā méiyǒu liúxià hénjì jiù xiāoshī le.,He disappeared without a trace.,你所要做的就是留下意见。,Nǐ suǒ yào zuò de jiùshì liúxià yìjiàn.,All you have to do is to make a comment.
1486,流行,liúxíng,to spread; to propagate,动,动 v.,verb,4,4,这首歌在七十年代很流行。,Zhè shǒugē zài qīshíniándài hěn liúxíng.,This song was popular in the 1970s.,现在女生穿牛仔裤很流行。,Xiànzài nǚshēng chuān niúzǎikù hěn liúxíng.,Jeans are now in fashion among girls.,曲棍球在中国不是很流行。,Qūgùnqiú zài zhōngguó búshì hěn liúxíng.,Field hockey is not very popular in China.
1487,路过,lùguò,to pass by or through,动,动 v.,verb,4,4,我去车站的路上路过了市政厅。,Wǒ qù chēzhàn de lùshàng lùguò le shìzhèngtīng.,I passed the city hall on my way to the station.,他们昨天路过她家。,Tāmen zuótiān lùguò tājiā.,They passed by her house yesterday.,汤姆说你会路过。,Tāngmǔ shuō nǐ huì lùguò.,Tom said you'd be coming by.
1488,旅馆,lǚguǎn,hotel,名,名 n.,noun,4,4,他入住了一间很好的旅馆。,Tā rùzhù le yìjiān hěn hǎo de lǚguǎn.,He checked in at a good hotel.,卡罗刚刚回到她住的旅馆。,Kǎluó gānggāng huídào tā zhù de lǚguǎn.,Carol has just returned to her hotel.,旅馆里面有纪念品商店吗?,Lǚguǎn lǐmiàn yǒu jìniànpǐn shāngdiàn ma?,Is there a souvenir shop in the hotel?
1489,旅客,lǚkè,traveler; tourist,名,名 n.,noun,4,4,旅客正在排队办理登机手续。,Lǚkè zhèngzài páiduì bànlǐ dēngjī shǒuxù.,The travelers are lining up to check in for their flights.,车站提醒旅客保管好行李。,Chēzhàn tíxǐng lǚkè bǎoguǎn hǎo xínglǐ.,The station reminded passengers to take care of their luggage.,这家旅馆为旅客提供早餐。,Zhèjiā lǚguǎn wèi lǚkè tígōng zǎocān.,This hotel provides breakfast for travelers.
1490,旅行,lǚxíng,to travel; journey,动,动 v.,verb,4,4,我们搭飞机去墨西哥旅行。,Wǒmen dā fēijī qù mòxīgē lǚxíng.,We traveled to Mexico by plane.,请告诉我有关你旅行的事。,Qǐng gàosù wǒ yǒuguān nǐ lǚxíng de shì.,Please tell me about your trip.,去年夏天我去意大利旅行。,Qùnián xiàtiān wǒ qù yìdàlì lǚxíng.,Last summer I traveled to Italy.
1491,律师,lǜshī,lawyer,名,名 n.,noun,4,4,你能帮我介绍一名律师吗？,Nǐ néng bāng wǒ jièshào yìmíng lǜshī ma?,Could you introduce me to a lawyer?,我的律师表哥现在在法国。,Wǒ de lǜshī biǎogē xiànzài zài fǎguó.,My cousin; who is a lawyer; is in France at present.,他本应该成为一个律师。,Tā běn yīnggāi chéngwéi yígè lǜshī.,He should have been a lawyer.
1492,乱,luàn,disorder; upheaval,形、副,形 adj.,adjective; adverb,4,4,我弟弟的房间总是很乱。,Wǒ dìdi de fángjiān zǒngshì hěn luàn.,My brother's room is always a mess.,孩子们的房间很乱。,Háizi men de fángjiān hěn luàn.,The children's room is in bad order.,无理由乱发脾气会让别人反感。,Wú lǐyóu luàn fàpíqì huì ràng biérén fǎngǎn.,Losing your temper for no reason would invite the resentment of others.
1493,落,luò,to leave out; to be missing,动,动 v.,verb,4,4,他把眼镜落在我们这里了。,Tā bǎ yǎnjìng luò zài wǒmen zhèlǐ le.,He left his glasses at our place.,我把雨伞落在这里了吗？,Wǒ bǎ yǔsǎn luò zài zhèlǐ le ma?,Did I leave my umbrella here?,我感觉有滴雨落在头上。,Wǒ gǎnjué yǒu dīyǔ luò zài tóushàng.,I felt a drop of rain on my head.
1494,麻烦,máfan,troublesome; inconvenience,形、动、名,形 adj.,adjective; verb; noun,4,4,麻烦你叫我起床吃早餐啦。,Máfán nǐ jiào wǒ qǐchuáng chī zǎocān la.,Please wake me for breakfast.,不用麻烦在这样的雨天来。,Búyòng máfán zài zhèyàng de yǔtiān lái.,Don't bother coming in this rain.,麻烦让我再看看菜单好吗？,Máfán ràng wǒ zài kànkàn càidān hǎo ma?,Can I have the menu again; please?
1495,馒头,mántou,steamed roll; steamed bun,名,名 n.,noun,4,4,昨天我买了两个馒头。,Zuótiān wǒ mǎi le liǎnggè mántou.,Yesterday I bought two steamed buns.,馒头和馍馍有区别吗？,Mántou hé mómó yǒu qūbié ma?,Is there a difference between steamed buns and steamed bread?,我给你吃个馒头。,Wǒ gěi nǐ chī gè mántou.,I'll give you a mantou to eat.
1496,满,mǎn,Manchu ethnic group; to fill,形、动,形 adj.,adjective; verb,4,4,社会上满是不称职的医生。,Shèhuì shàng mǎn shì búchènzhí de yīshēng.,The world is full of incompetent doctors.,门外又被贴满了小广告。,Ménwài yòu bèi tiē mǎn le xiǎo guǎnggào.,Everything outside is fly-posted again.,她提着一只满是鲜花的篮子。,Tā tí zhe yìzhī mǎn shì xiānhuā de lánzi.,She was carrying a basket full of flowers.
1497,毛巾,máojīn,towel,名,名 n.,noun,4,4,给我从浴室拿几条毛巾来。,Gěi wǒ cóng yùshì ná jǐtiáo máojīn lái.,Get me some towels from the bathroom.,她用毛巾把头发抹干了。,Tā yòng máojīn bǎ tóufā mǒ gàn le.,She wiped her wet hair with a towel.,萨米的毛巾难闻死了。,Sàmǐ de máojīn nánwén sǐ le.,Sami's towels stank.
1498,毛衣,máoyī,(wool) sweater,名,名 n.,noun,4,4,我妈妈为我做了一件毛衣。,Wǒ māmā wèi wǒ zuò le yíjiàn máoyī.,My mother made a sweater for me.,你穿那件红色的毛衣好看。,Nǐ chuān nà jiàn hóngsè de máoyī hǎokàn.,That red sweater looks good on you.,他有一件淡蓝色的毛衣。,Tā yǒu yíjiàn dànlánsè de máoyī.,He has a sky-blue jumper.
1499,帽子,màozi,hat; cap,名,名 n.,noun,4,4,我把我的帽子挂在挂钩上。,Wǒ bǎ wǒ de màozi guà zài guàgōu shàng.,I hung my hat on the peg.,这顶帽子对我来说太小了。,Zhè dǐng màozi duì wǒ láishuō tàixiǎo le.,The cap is too small for me.,我付了十美元买这顶帽子。,Wǒ fù le shíměiyuán mǎi zhè dǐng màozi.,I paid ten dollars for this cap.
1500,美,měi,beautiful; very satisfactory,形,形 adj.,adjective,4,4,我邀请了肯，比尔和由美。,Wǒ yāoqǐng le kěn; bǐěr hé yóu měi.,I invited Ken; Bill and Yumi.,直美刚刚完成了她的工作。,Zhí měi gānggāng wánchéng le tā de gōngzuò.,Naomi has just finished her work.,她会唱歌而且舞跳得很美。,Tā huì chànggē érqiě wǔ tiào dé hěn měi.,She can sing and dance beautifully.
1501,美好,měihǎo,beautiful; fine,形,形 adj.,adjective,4,4,我们一起过了美好的日子。,Wǒmen yìqǐ guò le měihǎo de rìzi.,We had wonderful moments together.,我有一段美好的旧时光。,Wǒ yǒu yíduàn měihǎo de jiù shíguāng.,I had a fine old time.,希望这是美好友谊的开始。,Xīwàng zhè shì měihǎo yǒuyì de kāishǐ.,I hope that this is the beginning of a beautiful friendship.
1502,美景,měijǐng,beautiful scenery,名,名 n.,noun,4,4,山顶的美景让人难忘。,Shāndǐng de měijǐng ràng rén nánwàng.,The beautiful scenery from the mountaintop is unforgettable.,我们停下来欣赏湖边的美景。,Wǒmen tíngxiàlái xīnshǎng húbiān de měijǐng.,We stopped to enjoy the beautiful scenery by the lake.,照片拍不出这里真正的美景。,Zhàopiān pāi bù chū zhèlǐ zhēnzhèng de měijǐng.,Photos cannot capture the true beauty of this place.
1503,美丽,měilì,beautiful,形,形 adj.,adjective,4,4,斯洛伐克是个美丽的国家。,Sīluòfákè shì gè měilì de guójiā.,Slovakia is a beautiful country.,独角兽是一种美丽的怪物。,Dújiǎoshòu shì yìzhǒng měilì de guàiwù.,The unicorn is a fabulous monster.,这座山有一个美丽的外形。,Zhè zuò shān yǒu yígè měilì de wàixíng.,The mountain has a beautiful shape.
1504,美食,měishí,culinary delicacy; fine food,名,名 n.,noun,4,4,他们这里提供一流的美食。,Tāmen zhèlǐ tígōng yìliú de měishí.,They serve excellent food here.,鹰嘴豆和青豆等豆类虽然会引起胀气，但却是极佳的美食。,Yīngzuǐdòu hé qīngdòu děng dòulèi suīrán huì yǐnqǐ zhàngqì; dàn quèshì jíjiā de měishí.,Some legumes; like chickpeas and green beans; cause flatulence but are excellent foods.,我很喜欢日本的美食，也很喜欢日本的风俗，所以我自然也很喜欢在日本生活。,Wǒ hěn xǐhuān rìběn de měishí; yě hěn xǐhuān rìběn de fēngsú; suǒyǐ wǒ zìrán yě hěn xǐhuān zài rìběn shēnghuó.,I like Japanese food and customs; so it follows that I like living in Japan.
1505,梦,mèng,dream; (bound form) to dream,名、动,名 n.,noun; verb,4,4,我在我的梦里见到了你们。,Wǒ zài wǒ de mèng lǐ jiàndào le nǐmen.,I saw you in my dream.,我知道那只不过是一场梦。,Wǒ zhīdào nà zhǐbúguò shì yìcháng mèng.,I know it was just a dream.,我昨晚做了一个有趣的梦。,Wǒ zuówǎn zuò le yígè yǒuqù de mèng.,I had a funny dream last night.
1506,梦想,mèngxiǎng,dream; (fig.) to dream of,动、名,动 v.,verb; noun,4,4,她的梦想是成为一名护士。,Tā de mèngxiǎng shì chéngwéi yìmíng hùshì.,Her dream is to become a nurse.,我的梦想是成为一名教师。,Wǒ de mèngxiǎng shì chéngwéi yìmíng jiàoshī.,My dream is to become a teacher.,我没有钱，但是我有梦想。,Wǒ méiyǒu qián; dànshì wǒ yǒu mèngxiǎng.,I have no money; but I have dreams.
1507,密码,mìmǎ,cipher; secret code,名,名 n.,noun,4,4,我能破译这个箱子的密码。,Wǒ néng pòyì zhège xiāngzi de mìmǎ.,I can crack the password of this box.,登出后重新登入需要密码。,Dēngchū hòu chóngxīn dēng rù xūyào mìmǎ.,You need a password to log in again after logging out.,我们毫不费力地想出了密码。,Wǒmen háobúfèilì dì xiǎng chū le mìmǎ.,We easily figured out the password.
1508,免费,miǎnfèi,free,动,动 v.,verb,4,4,我免费得到了这辆自行车。,Wǒ miǎnfèi dédào le zhèliàng zìxíngchē.,I got this bicycle for free.,你可以免费拥有这支手表。,Nǐ kěyǐ miǎnfèi yōngyǒu zhè zhī shǒubiǎo.,You can have this watch for nothing.,我免费得到了这个吸尘器。,Wǒ miǎnfèi dédào le zhège xīchénqì.,I got this vacuum cleaner for nothing.
1509,面对,miànduì,to face; to confront,动,动 v.,verb,4,4,我无法独自面对这种生活。,Wǒ wúfǎ dúzì miànduì zhèzhǒng shēnghuó.,I can't face this life alone.,我想要一间面对花园的房间。,Wǒ xiǎngyào yìjiān miànduì huāyuán de fángjiān.,I'd like a room facing the garden.,这件事我必须自己面对。,Zhèjiàn shì wǒ bìxū zìjǐ miànduì.,This is something I must face alone.
1510,面试,miànshì,interview; to be interviewed (as a candidate),动,动 v.,verb,4,4,在面试的时候你必须见机行事。,Zài miànshì de shíhòu nǐ bìxū jiànjīxíngshì.,You'll have to play it by ear at the interview.,我今天有个面试。,Wǒ jīntiān yǒu gè miànshì.,I have an audition today.,你的面试怎么样？,Nǐ de miànshì zěnmeyàng?,How did your interview go?
1511,秒,miǎo,arc second; (coll.) instantly,量,量 m.w.,measure word,4,4,一分钟有 60 秒。,Yìfēnzhōng yǒu 60 miǎo.,A minute has 60 seconds.,一分钟有六十秒。,Yìfēnzhōng yǒu liùshí miǎo.,A minute has sixty seconds.,一个小时有六十分钟，一分钟有六十秒。,Yígè xiǎoshí yǒu liùshí fēnzhōng; yìfēnzhōng yǒu liùshí miǎo.,An hour has sixty minutes; and a minute has sixty seconds.
1512,民族,mínzú,nationality; ethnic group,名,名 n.,noun,4,4,世界上有很多不同的民族。,Shìjiè shàng yǒu hěnduō bùtóng de mínzú.,There are a lot of different peoples in the world.,日本人是勤劳的民族。,Rìběn rén shì qínláo de mínzú.,The Japanese are an industrious people.,希腊人以前是信奉多神的民族。,Xīlàrén yǐqián shì xìnfèng duō shén de mínzú.,The Greeks used to worship several gods.
1513,末,mò,tip; end,名,名 n.,noun,4,4,学期末我们要参加考试。,Xuéqīmò wǒmen yào cānjiākǎoshì.,We have to take an exam at the end of the term.,文章末尾有一个简单的总结。,Wénzhāng mòwěi yǒu yígè jiǎndān de zǒngjié.,There is a brief summary at the end of the article.,本月末之前请完成报名。,Běnyuè mò zhīqián qǐng wánchéng bàomíng.,Please complete registration before the end of this month.
1514,母女,mǔnǚ,mother and daughter; mother-daughter,名,名 n.,noun,4,4,那对母女长得很像。,Nà duì mǔnǚ zhǎng dé hěn xiàng.,The mother and daughter look very much alike.,母女俩一起去商店买衣服。,Mǔnǚliǎ yìqǐ qù shāngdiàn mǎi yīfú.,The mother and daughter went shopping for clothes together.,她们的母女关系非常亲密。,Tāmen de mǔnǚ guānxì fēicháng qīnmì.,They have a very close mother-daughter relationship.
1515,母亲,mǔqīn,mother,名,名 n.,noun,4,4,他把我误认为是我的母亲。,Tā bǎ wǒ wùrènwèi shì wǒ de mǔqīn.,He mistook me for my mother.,我母亲从来没有惩罚过我。,Wǒ mǔqīn cónglái méiyǒu chéngfá guò wǒ.,My mother never punishes me.,我写了一封信给我的母亲。,Wǒ xiě le yìfēngxìn gěi wǒ de mǔqīn.,I wrote a letter to my mother.
1516,母子,mǔzǐ,mother and child; principal and interest,名,名 n.,noun,4,4,那对母子坐在我旁边。,Nà duì mǔzi zuòzài wǒ pángbiān.,The mother and son sat next to me.,母子俩一起准备晚饭。,Mǔziliǎ yìqǐ zhǔnbèi wǎnfàn.,The mother and son prepared dinner together.,他们的母子关系很亲密。,Tāmen de mǔzi guānxì hěn qīnmì.,They have a close mother-child relationship.
1517,目标,mùbiāo,target; goal,名,名 n.,noun,4,4,我的目标是成为一个医生。,Wǒ de mùbiāo shì chéngwéi yígè yīshēng.,My aim is to be a doctor.,我把我的手枪指向了目标。,Wǒ bǎ wǒ de shǒuqiāng zhǐxiàng le mùbiāo.,I aimed my gun at the target.,他终于达到了自己的目标。,Tā zhōngyú dádào le zìjǐ de mùbiāo.,Finally; he attained his goal.
1518,目的,mùdì,purpose; aim,名,名 n.,noun,4,4,为了正当目的可以不择手段。,Wèile zhèngdāng mùdì kěyǐ bùzéshǒuduàn.,The end justifies the means.,他买土地目的是要造房子。,Tā mǎi tǔdì mùdì shì yào zào fángzi.,He bought the land for the purpose of building a house on it.,他来这里的目的是什么？,Tā lái zhèlǐ de mùdì shì shénme?,For what purpose did he come here?
1519,目的地,mùdìdì,destination (location),名,名 n.,noun,4,4,许多人毫无目的地随波逐流。,Xǔduō rén háowú mùdìdì suíbōzhúliú.,Many people drift through life without a purpose.,这艘船即将到达她的目的地,Zhè sōu chuán jíjiāng dàodá tā de mùdìdì,The ship was on the point of arriving at her destination.,这艘船的目的地是孟买,Zhè sōu chuán de mùdìdì shì mèngmǎi,The ship set sail for Bombay.
1520,目前,mùqián,currently; at the present time,名,名 n.,noun,4,4,开学了，目前感觉还不错。,Kāixué le; mùqián gǎnjué hái búcuò.,School has started and I like it so far.,目前我没在做什么事情。,Mùqián wǒ méi zài zuò shénme shìqíng.,I'm not doing anything currently.,目前我的邮件有点问题。,Mùqián wǒ de yóujiàn yǒudiǎn wèntí.,I'm having problems with e-mail right now.
1521,耐心,nàixīn,to be patient; patience,形、名,形 adj.,adjective; noun,4,4,你必须对你的康复有耐心。,Nǐ bìxū duì nǐ de kāngfù yǒu nàixīn.,You have to be patient about your recovery.,老师应该对学生非常耐心。,Lǎoshī yīnggāi duì xuéshēng fēicháng nàixīn.,The teacher should be very patient with her students.,他的耐心已经到了极限。,Tā de nàixīn yǐjīng dào le jíxiàn.,His patience is worn out.
1522,南部,nánbù,southern part,名,名 n.,noun,4,4,这个省的南部气候温暖。,Zhège shěng de nánbù qìhòu wēnnuǎn.,The southern part of this province has a warm climate.,他们住在城市南部。,Tāmen zhù zài chéngshì nánbù.,They live in the southern part of the city.,南部地区今天可能下大雨。,Nánbù dìqū jīntiān kěnéng xià dàyǔ.,The southern region may have heavy rain today.
1523,难道,nándào,could it be that...?; don't tell me ...,副,副 adv.,adverb,4,4,他把我忘了，难道不是吗？,Tā bǎ wǒ wàng le; nándào búshì ma?,He had forgotten me; didn't he?,难道你不想念什么吗？,Nándào nǐ bù xiǎngniàn shénme ma?,Don't you miss anything?,这个房间太棒了，难道不是么？,Zhège fángjiān tàibàngle; nándào búshì me?,This room's pretty awesome; eh?
1524,男士,nánshì,man; gentleman,名,名 n.,noun,4,4,那位戴眼镜的男士是谁？,Nàwèi dàiyǎnjìng de nánshì shì shuí?,Who is that gentleman in spectacles?,她漂亮的外表赢得了很多男士的好感。,Tā piàoliàng de wàibiǎo yíngdé le hěnduō nánshì de hǎogǎn.,Her good looks gained her the favor of many men.,人们举著牌子，上面写著：「男士不得进入女士洗手间。」,Rénmen jǔ zhù páizi; shàngmiàn xiě zhù: 「 nánshì bùdé jìnrù nǚshì xǐshǒujiān. 」,"People were carrying signs saying; ""No men in women's bathrooms."""
1525,难受,nánshòu,to feel unwell; to suffer pain,形,形 adj.,adjective,4,4,哎呦好难受啊，全身发痒！,Āi yōu hǎo nánshòu a; quánshēn fāyǎng!,Grr! I'm itchy all over; and it's driving me crazy.,面包吃多了会难受的。,Miànbāo chī duō le huì nánshòu de.,Too much bread makes you sick.,我生病了，很难受！,Wǒ shēngbìng le; hěn nánshòu!,I'm sick; and it's miserable!
1526,难忘,nánwàng,unforgettable,动,动 v.,verb,4,4,那次旅行给我留下了难忘的回忆。,Nàcì lǚxíng gěi wǒ liúxià le nánwàng de huíyì.,That trip left me with unforgettable memories.,毕业典礼是一个难忘的时刻。,Bìyèdiǎnlǐ shì yígè nánwàng de shíkè.,The graduation ceremony was an unforgettable moment.,这是一次令人难忘的经历。,Zhè shì yícì lìngrénnánwàng de jīnglì.,This was an unforgettable experience.
1527,男性,nánxìng,the male sex; a male,名,名 n.,noun,4,4,女性一般比男性长寿十年。,Nǚxìng yìbān bǐ nánxìng chángshòu shínián.,Generally; women live 10 years longer than men.,女人喜欢男性的注意。,Nǚrén xǐhuān nánxìng de zhùyì.,Women like male attention.,小樱喜欢男性的注意。,Xiǎo yīng xǐhuān nánxìng de zhùyì.,Skura liked male attention.
1528,内,nèi,inside; inner,名,名 n.,noun,4,4,两个小时内太阳就下山了。,Liǎnggè xiǎoshí nèi tàiyáng jiù xiàshān le.,Within two hours the sun had set.,上帝在六天内创造了世界。,Shàngdì zài liùtiān nèi chuàngzào le shìjiè.,God created the world in six days.,水泥会在数个小时内凝固。,Shuǐní huì zài shùgè xiǎoshí nèi nínggù.,The cement will set in a couple of hours.
1529,内容,nèiróng,content; substance,名,名 n.,noun,4,4,箱子的内容在标签上面写着。,Xiāngzi de nèiróng zài biāoqiān shàngmiàn xiě zhe.,The contents of the box are listed on the label.,这本书的内容是什么？,Zhè běnshū de nèiróng shì shénme?,What is the book about?,这个议案合符我们的政策内容。,Zhège yìàn hé fú wǒmen de zhèngcè nèiróng.,This measure is in accord with our policy.
1530,内心,nèixīn,heart; innermost being,名,名 n.,noun,4,4,他的眼睛掩饰不了内心的恐慌。,Tā de yǎnjīng yǎnshì bùliǎo nèixīn de kǒnghuāng.,His eyes betrayed his fear.,请让我知道，你内心真正的想法。,Qǐng ràng wǒ zhīdào; nǐ nèixīn zhēnzhèng de xiǎngfǎ.,Please let me know what you really think.,梦虽然不会告诉你现实中将要发生什么，却能告诉你内心的真实想法。,Mèng suīrán búhuì gàosù nǐ xiànshí zhōng jiàngyào fāshēng shénme; què néng gàosù nǐ nèixīn de zhēnshí xiǎngfǎ.,While dreams cannot tell you what will happen to you in reality; they are able to convey your innermost thoughts.
1531,能否,néngfǒu,whether or not; is it possible?,动,动 v.,verb,4,4,能否请您给我看一下您的护照？,Néngfǒu qǐng nín gěi wǒ kàn yíxià nín de hùzhào?,Will you show me your passport; please?,能否告诉我去车站的路怎么走？,Néngfǒu gàosù wǒ qù chēzhàn de lù zěnme zǒu?,Could you tell me the way to the station?,这个计划能否成功还不得而知。,Zhège jìhuà néngfǒu chénggōng hái bùdéérzhī.,It is yet to be seen whether this plan will succeed or not.
1532,能够,nénggòu,to be capable of; can,动,动 v.,verb,4,4,没有人能够解决这个问题。,Méiyǒu rén nénggòu jiějué zhège wèntí.,Nobody can solve this problem.,我能够教你的就这么多了。,Wǒ nénggòu jiào nǐ de jiù zhème duō le.,There's nothing more I can teach you.,希望我们能够保持联络吧。,Xīwàng wǒmen nénggòu bǎochí liánluò ba.,I hope we will be able to keep in touch.
1533,能力,nénglì,capability,名,名 n.,noun,4,4,他们有思考和说话的能力。,Tāmen yǒu sīkǎo hé shuōhuà de nénglì.,They can think and speak.,学生们佩服她的领导能力。,Xuéshēng men pèifú tā de lǐngdǎo nénglì.,Students admire her leadership skills.,动物没有区分真假的能力。,Dòngwù méiyǒu qūfēn zhēnjiǎ de nénglì.,Animals can't tell what's real and what's fake.
1534,嗯,ǹg,mm; uh-huh,叹,叹 interj.,interjection,4,4,嗯，我明白你的意思了。,Ǹg; wǒ míngbai nǐ de yìsi le.,Mm; I understand what you mean now.,嗯，这个办法可以试试。,Ǹg; zhège bànfǎ kěyǐ shìshi.,Mm; we can try this method.,嗯，让我再想一想。,Ǹg; ràng wǒ zài xiǎng yì xiǎng.,Mm; let me think about it again.
1535,年底,niándǐ,year-end; the end of the year,名,名 n.,noun,4,4,这个项目计划在年底完成。,Zhège xiàngmù jìhuà zài niándǐ wánchéng.,This project is scheduled to be completed by year-end.,公司将在年底进行总结。,Gōngsī jiāng zài niándǐ jìnxíng zǒngjié.,The company will conduct a review at the end of the year.,我们希望年底前搬进新家。,Wǒmen xīwàng niándǐ qián bānjìn xīn jiā.,We hope to move into the new home before the end of the year.
1536,年龄,niánlíng,(a person's) age,名,名 n.,noun,4,4,没有人能猜得准她的年龄。,Méiyǒu rén néng cāi dé zhǔn tā de niánlíng.,Nobody can guess her age.,他看起来比他的实际年龄大。,Tā kànqǐlái bǐ tā de shíjì niánlíng dà.,He looks old for his age.,我的妹妹还没到上学的年龄。,Wǒ de mèimèi hái méi dào shàngxué de niánlíng.,My sister is too young to go to school.
1537,农村,nóngcūn,rural area; village,名,名 n.,noun,4,4,农村好像要大规模发展了。,Nóngcūn hǎoxiàng yào dàguīmó fāzhǎn le.,It seems the rural area will be developed on a large scale.,他毕业后回到了农村。,Tā bìyè hòu huídào le nóngcūn.,He went back to the village after he graduated.,在城市生活和在农村生活很不同。,Zài chéngshì shēnghuó hé zài nóngcūn shēnghuó hěn bùtóng.,Living in the city is really different to living in the country.
1538,弄,nòng,lane; alley,动,动 v.,verb,4,4,我让她把我的房间弄干净。,Wǒ ràng tā bǎ wǒ de fángjiān nòng gānjìng.,I got her to clean my room.,我把爸爸给我的表弄丢了。,Wǒ bǎ bàbà gěi wǒ de biǎo nòng diū le.,I lost the watch dad gave me.,我在哪儿可以弄到电话卡？,Wǒ zài nǎér kěyǐ nòng dào diànhuàkǎ?,Where can I get a telephone card?
1539,女性,nǚxìng,woman; the female sex,名,名 n.,noun,4,4,女性一般比男性长寿十年。,Nǚxìng yìbān bǐ nánxìng chángshòu shínián.,Generally; women live 10 years longer than men.,她是个有有魅力的女性。,Tā shì gè yǒu yǒu mèilì de nǚxìng.,She is a charming woman.,嫌疑人是一位白人女性。,Xiányírén shì yíwèi báirén nǚxìng.,The suspect is a caucasian female.
1540,暖和,nuǎnhuo,warm; nice and warm,形、动,形 adj.,adjective; verb,4,4,我泡了个澡身体暖和起来了。,Wǒ pào le gè zǎo shēntǐ nuǎnhuo qǐlái le.,I warmed myself in the bath.,她在火旁边让自己暖和起来。,Tā zài huǒ pángbiān ràng zìjǐ nuǎnhuo qǐlái.,She warmed herself by the fire.,新买的被子盖起来非常暖和。,Xīn mǎi de bèizi gàiqǐlái fēicháng nuǎnhuo.,The newly bought quilt is very warm when covered.
1541,偶尔,ǒu’ěr,occasionally; sometimes,副、形,副 adv.,adverb; adjective,4,4,我偶尔会在俱乐部碰到他。,Wǒ ǒuěr huì zài jùlèbù pèngdào tā.,Sometimes I see him at the club.,他偶尔会阅读一些侦探小说。,Tā ǒuěr huì yuèdú yìxiē zhēntànxiǎoshuō.,He occasionally reads detective novels.,让我们偶尔出去一起吃晚餐。,Ràng wǒmen ǒuěr chūqù yìqǐ chī wǎncān.,Let's go out and eat dinner together from time to time.
1542,拍,pāi,to pat; to clap,动、名,动 v.,verb; noun,4,4,请问可以给您拍张照片吗？,Qǐngwèn kěyǐ gěi nín pāi zhāng zhàopiān ma?,May I take a photo?,这些照片是在里面拍的吗？,Zhèxiē zhàopiān shì zài lǐmiàn pāi de ma?,Were these pictures taken inside?,这张照片是最近拍的吗？,Zhè zhāng zhàopiān shì zuìjìn pāi de ma?,This a recent photo?
1543,排,pái,a row; a line,动、名、量,动 v.,verb; noun; measure word,4,4,他叫男孩们排好队。,Tā jiào nánhái men pái hǎo duì.,He told the boys to line up.,排好队，不要插队！,Pái hǎo duì; búyào chāduì!,Queue up properly; no queue jumping!,你会开手排车吗?,Nǐ huì kāi shǒu pái chē ma?,Can you drive a manual transmission?
1544,牌,pái,signboard; mahjong tile,名,名 n.,noun,4,4,到市区的公车站牌在哪里？,Dào shìqū de gōngchēzhàn pái zài nǎlǐ?,Where is the bus stop for downtown?,我的房子靠近一个公车站牌。,Wǒ de fángzi kàojìn yígè gōngchēzhàn pái.,My house is close to a bus stop.,图书馆在公车站牌旁边。,Túshūguǎn zài gōngchēzhàn pái pángbiān.,The library is next to the bus stop.
1545,排队,páiduì,to line up,动,动 v.,verb,4,4,老师按照身高给孩子们排队。,Lǎoshī ànzhào shēngāo gěi háizi men páiduì.,The teacher lined the children up in order of height.,贝内迪托与排队的粉丝们击掌。,Bèi nèi dí tuō yǔ páiduì de fěnsī men jīzhǎng.,Benedito gave out high fives to fans in the queue.,他是排队的第一个。,Tā shì páiduì de dìyígè.,He was the first in line.
1546,排球,páiqiú,volleyball,名,名 n.,noun,4,4,我打排球的时候扭伤了手指。,Wǒ dǎ páiqiú de shíhòu niǔshāng le shǒuzhǐ.,I sprained my finger while playing volleyball.,我现在在打排球。,Wǒ xiànzài zài dǎ páiqiú.,I am playing volleyball now.,你喜欢打排球吗？,Nǐ xǐhuān dǎ páiqiú ma?,Do you like playing volleyball?
1547,牌子,páizi,sign; trademark,名,名 n.,noun,4,4,你喜欢什么牌子的酸奶？,Nǐ xǐhuān shénme páizi de suānnǎi?,What's your favorite brand of yogurt?,这个牌子的包包太贵了。,Zhège páizi de bāobāo tàiguì le.,The bags from this brand are too expensive.,这个牌子的漱口水的味道好怪。,Zhège páizi de shùkǒushuǐ de wèidào hǎo guài.,The flavors of this brand's mouthwash are weird.
1548,判断,pànduàn,to judge; to determine,动,动 v.,verb,4,4,不要以穿著来判断一个人。,Búyào yǐ chuānzhù lái pànduàn yígè rén.,Don't judge a man by his clothes.,我们可以信赖他的判断。,Wǒmen kěyǐxìnlài tā de pànduàn.,We can rely on his judgement.,不要根据封面来判断一本书。,Búyào gēnjù fēngmiàn lái pànduàn yì běnshū.,Don't judge a book by its cover.
1549,陪,péi,to accompany; to assist,动,动 v.,verb,4,4,明天有人要陪我去唱歌吗?,Míngtiān yǒurén yào péi wǒ qù chànggē ma?,Will anyone go singing with me tomorrow?,我陪家人度过圣诞夜。,Wǒ péi jiārén dùguò shèngdànyè.,I'm spending Christmas Eve with my family.,安没有朋友陪她玩。,Ān méiyǒu péngyǒu péi tā wán.,Ann had no friends to play with.
1550,批评,pīpíng,to criticize; criticism,动,动 v.,verb,4,4,一些人批评了我们的决定。,Yìxiē rén pīpíng le wǒmen de juédìng.,Some people criticized our decision.,工作越公开，批评就越多。,Gōngzuò yuè gōngkāi; pīpíng jiù yuè duō.,The more public the work; the more criticism you receive.,大多数的作家都讨厌被批评。,Dàduōshù de zuòjiā dōu tǎoyàn bèi pīpíng.,Most writers hate being criticized.
1551,皮肤,pífū,skin,名,名 n.,noun,4,4,演员的皮肤是化过妆的。,Yǎnyuán de pífū shì huà guò zhuāng de.,The actress' skin has makeup on it.,我的皮肤是干性的。,Wǒ de pífū shì gànxìng de.,I have dry skin.,她的皮肤比雪还白。,Tā de pífū bǐ xuě hái bái.,Her skin is whiter than snow.
1552,脾气,píqi,character; temperament,名,名 n.,noun,4,4,他早上总是有点脾气暴躁。,Tā zǎoshàng zǒngshì yǒudiǎn píqì bàozào.,He is always a little irritable in the morning.,他的急脾气迟早会惹祸上身。,Tā de jí píqì chízǎohuì rěhuòshàngshēn.,His quick temper will get him in trouble one day.,汤姆是个脾气暴躁的老人。,Tāngmǔ shì gè píqì bàozào de lǎorén.,Tom is a grumpy old man.
1553,皮鞋,píxié,leather shoes,名,名 n.,noun,4,4,正式场合最好穿皮鞋。,Zhèngshì chǎnghé zuìhǎo chuān píxié.,It is best to wear leather shoes on formal occasions.,这双皮鞋有点儿紧。,Zhè shuāng píxié yǒudiǎnér jǐn.,These leather shoes are a little tight.,下雨天不要穿这双皮鞋。,Xiàyǔtiān búyào chuān zhè shuāng píxié.,Do not wear these leather shoes on rainy days.
1554,篇,piān,sheet; piece of writing,名、量,名 n.,noun; measure word,4,4,我们已经有那篇课文了吗？,Wǒmen yǐjīng yǒu nà piān kèwén le ma?,Do we already have that text?,这是篇信息量很大的文章。,Zhè shì piān xìnxīliàng hěndà de wénzhāng.,This is a very informative article.,这篇新闻对我们来说很重要。,Zhè piān xīnwén duì wǒmen láishuō hěn zhòngyào.,This news is important to us.
1555,片,piàn,disk; sheet,名、量,名 n.,noun; measure word,4,4,我们在镇子这片很有名气。,Wǒmen zài zhènzi zhè piàn hěn yǒumíngqì.,We're pretty well known around town.,你要看一部法国片，是吗？,Nǐ yào kàn yíbù fǎguó piàn; shì ma?,You want to watch a French film; is that right?,医生给了她一些止疼药片。,Yīshēng gěi le tā yìxiē zhǐténgyào piàn.,The doctor has given her some tablets to take away the pain.
1556,乒乓球,pīngpāngqiú,table tennis ball; ping-pong,名,名 n.,noun,4,4,下课后我们一起打乒乓球。,Xiàkèhòu wǒmen yìqǐ dǎpīngpāngqiú.,We play table tennis together after class.,他是学校乒乓球队的队员。,Tā shì xuéxiào pīngpāngqiúduì de duìyuán.,He is a member of the school table tennis team.,这个乒乓球掉到桌子下面了。,Zhège pīngpāngqiú diào dào zhuōzi xiàmiàn le.,This table tennis ball fell under the table.
1557,平常,píngcháng,ordinary; common,形、名,形 adj.,adjective; noun,4,4,我平常早上八点钟起床。,Wǒ píngcháng zǎoshàng bādiǎnzhōng qǐchuáng.,I usually get up at eight o'clock.,我和平常一样起得早。,Wǒ hé píngcháng yíyàng qǐ dé zǎo.,I got up early as usual.,他比平常早一点到达。,Tā bǐ píngcháng zǎo yìdiǎn dàodá.,He arrived earlier than usual.
1558,破,pò,to capture; broken,动、形,动 v.,verb; adjective,4,4,我们来把这破事解决了。,Wǒmen lái bǎ zhè pò shì jiějué le.,Let's end this nonsense.,我的牛仔裤破了一个洞。,Wǒ de niúzǎikù pò le yígè dòng.,I got a hole in my jeans.,希望别破妈妈发现才好。,Xīwàng bié pò māmā fāxiàn cái hǎo.,I hope Mom doesn't find out.
1559,葡萄,pútao,grape,名,名 n.,noun,4,4,有人带了一些葡萄给我们。,Yǒurén dài le yìxiē pútáo gěi wǒmen.,Someone has brought us some grapes.,葡萄味的果冻是我最喜欢的。,Pútáo wèi de guǒdòng shì wǒ zuì xǐhuān de.,I like grape jelly best.,葡萄酒是用葡萄做成的。,Pútáojiǔ shì yòng pútáo zuòchéng de.,Wine is made from grapes.
1560,葡萄酒,pútaojiǔ,(grape) wine,名,名 n.,noun,4,4,你喜欢喝法国的葡萄酒吗？,Nǐ xǐhuān hē fǎguó de pútáojiǔ ma?,Do you like French wines?,我们喝葡萄酒或者啤酒吧。,Wǒmen hē pútáojiǔ huòzhě píjiǔ bā.,Let's drink wine or beer.,啤酒和葡萄酒我都喜欢喝。,Píjiǔ hé pútáojiǔ wǒ dōu xǐhuān hē.,I like drinking beer and wine.
1561,普遍,pǔbiàn,universal; general,形,形 adj.,adjective,4,4,地震后人们普遍觉得恐慌。,Dìzhèn hòu rénmen pǔbiàn juéde kǒnghuāng.,There was widespread panic after the earthquake.,学术造假比你想象的普遍。,Xuéshù zàojiǎ bǐ nǐ xiǎngxiàng de pǔbiàn.,Academic fraud is more common than you might think.,日本人普遍很内敛。,Rìběn rén pǔbiàn hěn nèiliǎn.,Japanese people are generally very reserved.
1562,普通,pǔtōng,common; ordinary,形,形 adj.,adjective,4,4,我只是一个普通的上班族。,Wǒ zhǐshì yígè pǔtōng de shàngbānzú.,I'm just a plain office worker.,可可不是一只普通的猩猩。,Kě kěbúshì yìzhī pǔtōng de xīngxīng.,Koko is not an ordinary gorilla.,他不是个普通的学生。,Tā búshì gè pǔtōng de xuéshēng.,He is no ordinary student.
1563,普通话,pǔtōnghuà,Putonghua; ordinary speech,名,名 n.,noun,4,4,普通话和北京话是不同的。,Pǔtōnghuà hé běijīng huà shì bùtóng de.,"""Putonghua"" and ""Beijinghua"" are not the same.",上海人普通话说得怎么样？,Shànghǎi rén pǔtōnghuà shuō dé zěnmeyàng?,What does Shanghai people's Mandarin sound like?,这不是普通话，而是上海话。,Zhè búshì pǔtōnghuà; érshì shànghǎi huà.,This isn't Mandarin; it's Shanghainese.
1564,期,qī,period; cycle,量,量 m.w.,measure word,4,4,这门课一共分为三期。,Zhè mén kè yígòng fēnwéi sānqī.,This course is divided into three sessions.,最新一期杂志已经出版了。,Zuìxīn yìqī zázhì yǐjīng chūbǎn le.,The latest issue of the magazine has been published.,项目第二期将在秋天开始。,Xiàngmù dìèrqī jiāng zài qiūtiān kāishǐ.,The second phase of the project will begin in autumn.
1565,期末,qīmò,end of term,名,名 n.,noun,4,4,期末考试安排在下周。,Qīmòkǎoshì ānpái zài xiàzhōu.,The final exam is scheduled for next week.,老师正在计算期末成绩。,Lǎoshī zhèngzài jìsuàn qīmò chéngjì.,The teacher is calculating final grades.,期末以前我们要交一份报告。,Qīmò yǐqián wǒmen yào jiāo yífèn bàogào.,We need to submit a report before the end of the term.
1566,期中,qīzhōng,interim; midterm,名,名 n.,noun,4,4,期中考试比我想象的难。,Qīzhōngkǎoshì bǐ wǒ xiǎngxiàng de nán.,The midterm exam was harder than I expected.,期中成绩下周公布。,Qīzhōng chéngjì xiàzhōu gōngbù.,Midterm grades will be announced next week.,老师在期中做了一次课程调查。,Lǎoshī zài qīzhōng zuò le yícì kèchéng diàochá.,The teacher conducted a course survey at midterm.
1567,其次,qícì,next; secondly,代,代 pron.,pronoun,4,4,其次，按照日程今天有将要发布的项目吗？,Qícì; ànzhào rìchéng jīntiān yǒu jiāngyào fābù de xiàngmù ma?,Secondly; is there any project scheduled to be released today?,首先，我一点钱也没有。其次，我也没有时间。,Shǒuxiān; wǒ yìdiǎn qián yě méiyǒu. qícì; wǒ yě méiyǒu shíjiān.,First; I don't have any money. Second; I don't have the time.,种一棵树，最好的时间是20年前，其次是现在。,Zhǒng yìkēshù; zuìhǎo de shíjiān shì 20 niánqián; qícì shì xiànzài.,The best time to plant a tree is 20 years ago. The second best time is now.
1568,其中,qízhōng,included among these; in,名,名 n.,noun,4,4,我的其中一个行李不见了。,Wǒ de qízhōng yígè xínglǐ bújiàn le.,One of my suitcases is missing.,她拿了其中一个玻璃花瓶。,Tā ná le qízhōng yígè bōlí huāpíng.,She picked up one of the glass vases.,这些狗中的其中一只是活的。,Zhèxiē gǒu zhōng de qízhōng yìzhī shì huó de.,One of the dogs is alive.
1569,起到,qǐdào,to play (a role); have (an effect),动,动 v.,verb,4,4,运动可以起到放松的作用。,Yùndòng kěyǐ qǐdào fàngsōng de zuòyòng.,Exercise can have a relaxing effect.,这条规定起到了保护作用。,Zhè tiáo guīdìng qǐdào le bǎohù zuòyòng.,This rule played a protective role.,他的建议没有起到预期的效果。,Tā de jiànyì méiyǒu qǐdào yùqī de xiàoguǒ.,His suggestion did not have the expected effect.
1570,气,qì,gas; air,名、动,名 n.,noun; verb,4,4,那就是我生他的气的原因。,Nà jiùshì wǒ shēng tā de qì de yuányīn.,That is why I am angry with him.,深吸一口气然后屏住气。,Shēn xī yìkǒuqì ránhòu bǐngzhù qì.,Take a breath and hold it.,我的脚踏车轮胎没气了。,Wǒ de jiǎotàchē lúntāi méi qì le.,My bicycle has a flat tire.
1571,气候,qìhòu,(meteorology) climate; (fig.) climate,名,名 n.,noun,4,4,伦敦的气候和东京的不同。,Lúndūn de qìhòu hé dōngjīng de bùtóng.,London's climate differs from that of Tokyo.,水稻生长在温暖的气候。,Shuǐdào shēngzhǎng zài wēnnuǎn de qìhòu.,Rice grows in warm climates.,这个国家的气候很温和。,Zhège guójiā de qìhòu hěn wēnhé.,This country has a mild climate.
1572,汽水,qìshuǐ,soda pop; carbonated soft drink,名,名 n.,noun,4,4,齐莉偷偷喝了莉玛的汽水。,Qí lì tōutōu hē le lì mǎ de qìshuǐ.,Ziri secretly drank Rima's soda.,我洗完澡之后喝了点汽水。,Wǒ xǐwán zǎo zhīhòu hē le diǎn qìshuǐ.,After taking a bath; I drank some soft drink.,我想让你帮我买瓶汽水。,Wǒ xiǎng ràng nǐ bāng wǒ mǎi píng qìshuǐ.,I want you to get me a soda.
1573,气温,qìwēn,air temperature,名,名 n.,noun,4,4,今天气温是华氏七十度。,Jīntiān qìwēn shì huáshì qīshí dù.,The temperature today is seventy degrees Fahrenheit.,暴风雨袭来; 气温随之下降。,Bàofēngyǔ xí lái; qìwēn suízhī xiàjiàng.,The storm sent the temperature down.,本周气温一直都很热。,Běnzhōu qìwēn yìzhí dōu hěn rè.,The temperature has stayed hot this week.
1574,千克,qiānkè,kilogram,量,量 m.w.,measure word,4,4,这个箱子重二十千克。,Zhège xiāngzi zhòng èrshí qiānkè.,This box weighs twenty kilograms.,我买了两千克苹果。,Wǒ mǎi le liǎng qiānkè píngguǒ.,I bought two kilograms of apples.,行李不能超过二十三千克。,Xínglǐ bùnéng chāoguò èrshísān qiānkè.,The luggage cannot exceed twenty-three kilograms.
1575,千万,qiānwàn,ten million; countless,副,副 adv.,adverb,4,4,千万不要忘记带教科书。,Qiānwàn búyào wàngjì dài jiàokēshū.,You must not forget your schoolbooks.,手脏的时候千万不要揉眼睛。,Shǒu zàng de shíhòu qiānwàn búyào róu yǎnjīng.,Never rub your eyes with dirty hands.,你千万不要和你父母说这件事。,Nǐ qiānwàn búyào hé nǐ fùmǔ shuō zhèjiàn shì.,You mustn't tell that to your parents.
1576,签证,qiānzhèng,visa; to issue a visa,动、名,动 v.,verb; noun,4,4,拜托您，请给我一张签证。,Bàituō nín; qǐng gěi wǒ yìzhāng qiānzhèng.,I beg you; give me a visa.,这个签证的有效期限是多久?,Zhège qiānzhèng de yǒuxiàoqīxiàn shì duōjiǔ?,How long is this visa good for?,只有得了签证才可以来中国。,Zhǐyǒu dé le qiānzhèng cái kěyǐ lái zhōngguó.,You can only come to China if you’ve got a visa.
1577,前方,qiánfāng,ahead; the front,名,名 n.,noun,4,4,前方五百米正在修路。,Qiánfāng wǔbǎimǐ zhèngzài xiūlù.,Roadwork is underway five hundred meters ahead.,请注意前方车辆。,Qǐng zhùyì qiánfāng chēliàng.,Please watch the vehicles ahead.,他看见前方有一家旅馆。,Tā kànjiàn qiánfāng yǒu yìjiā lǚguǎn.,He saw a hotel up ahead.
1578,前后,qiánhòu,all around; front and rear,名,名 n.,noun,4,4,春节前后车票很难买。,Chūnjié qiánhòu chēpiào hěn nán mǎi.,Tickets are hard to buy around Spring Festival.,会议前后我都很忙。,Huìyì qiánhòu wǒ dōu hěn máng.,I am busy both before and after the meeting.,请检查一下汽车的前后。,Qǐng jiǎncháyíxià qìchē de qiánhòu.,Please inspect the front and rear of the car.
1579,强,qiáng,stubborn; unyielding,形,形 adj.,adjective,4,4,我认为你比你想象的更强。,Wǒ rènwéi nǐ bǐ nǐ xiǎngxiàng de gèng qiáng.,I think you're a lot stronger than you know.,她的歌声有很强的表现力。,Tā de gēshēng yǒu hěn qiáng de biǎoxiànlì.,She has an extremely expressive singing voice.,你是动手能力强的人吗？,Nǐ shì dòngshǒu nénglì qiáng de rén ma?,Are you a hands-on person?
1580,敲,qiāo,to hit; to strike,动,动 v.,verb,4,4,一个丑男人敲了我的门。,Yígè chǒu nánrén qiāo le wǒ de mén.,An ugly man knocked on my door.,刚刚敲过了八点钟，不是吗？,Gānggāng qiāo guò le bādiǎnzhōng; búshì ma?,It has just struck eight; hasn't it?,等等，有人在敲我的门。,Děngděng; yǒurén zài qiāo wǒ de mén.,Hold on; someone is knocking at my door.
1581,桥,qiáo,bridge,名,名 n.,noun,4,4,这座桥是在两年前建造的。,Zhè zuò qiáo shì zài liǎngnián qián jiànzào de.,This bridge was built two years ago.,水流的强力把桥给冲垮了。,Shuǐliú de qiánglì bǎ qiáo gěi chōngkuǎ le.,The flow of the water was strong enough to wash away the bridge.,那座桥是罗马人修建的。,Nà zuò qiáo shì luómǎ rén xiūjiàn de.,The bridge was built by the Romans.
1582,巧,qiǎo,opportunely; coincidentally,形,形 adj.,adjective,4,4,真巧，我们又在这里见面了。,Zhēnqiǎo; wǒmen yòu zài zhèlǐ jiànmiàn le.,What a coincidence—we met here again.,她的手很巧，会做很多东西。,Tā de shǒu hěn qiǎo; huì zuò hěnduō dōngxī.,She is very skillful with her hands and can make many things.,这个设计既简单又巧。,Zhège shèjì jì jiǎndān yòu qiǎo.,This design is both simple and clever.
1583,巧克力,qiǎokèlì,chocolate (loanword),名,名 n.,noun,4,4,连巧克力中也含有维他命。,Lián qiǎokèlì zhōng yě hányǒu wéitāmìng.,Even chocolate contains vitamins.,那块巧克力里面有坚果吗？,Nà kuài qiǎokèlì lǐmiàn yǒu jiānguǒ ma?,Does that chocolate bar have nuts in it?,想吃一点巧克力奶酪吗？,Xiǎng chī yìdiǎn qiǎokèlì nǎilào ma?,How about some chocolate cheese?
1584,亲戚,qīnqi,a relative (i.e. family relation),名,名 n.,noun,4,4,一个好朋友胜过十个亲戚。,Yígè hǎo péngyǒu shèngguò shígè qīnqī.,One good friend is better than ten relatives.,你是不是长岛家的亲戚？,Nǐ shìbúshì zhǎngdǎo jiā de qīnqī?,Are you related to the Nagashima family?,我常常访问我的亲戚。,Wǒ chángcháng fǎngwèn wǒ de qīnqī.,I often visit my relatives.
1585,琴,qín,guqin 琴; musical instrument in general,名,名 n.,noun,4,4,他弹奏卡农琴从不出错。,Tā dànzòu kǎnóng qín cóngbù chūcuò.,He plays the qanun without mistakes.,这台琴应该好多年没调过音了。,Zhè tái qín yīnggāi hǎoduōnián méi diào guò yīn le.,This piano has probably not been tuned for years.,她每天都会练琴。,Tā měitiān dū huì liàn qín.,She practises the piano every day.
1586,轻,qīng,light; easy,形,形 adj.,adjective,4,4,轻一点，他会听见我们的。,Qīng yìdiǎn; tā huì tīngjiàn wǒmen de.,Be quiet; he might hear us.,这个笔记本电脑又薄又轻。,Zhège bǐjìběndiànnǎo yòu báo yòu qīng.,This laptop is thin and light.,轻井泽是著名的避暑胜地。,Qīng jǐng zé shì zhùmíng de bìshǔshèngdì.,Karuizawa is famous as a summer resort.
1587,青年,qīngnián,youthful years; young person,名,名 n.,noun,4,4,他善于在青年中识拔人才。,Tā shànyú zài qīngnián zhōng shí bá réncái.,He is good at spotting young talent.,附近有没有青年旅舍？,Fùjìn yǒuméiyǒu qīngnián lǚshè?,Is there a youth hostel near here?,他是个有为的青年。,Tā shì gè yǒu wéi de qīngnián.,He is a promising youth.
1588,轻松,qīngsōng,light; gentle,形,形 adj.,adjective,4,4,这是一个轻松取得的胜利。,Zhè shì yígè qīngsōng qǔdé de shènglì.,It's an easy victory.,我能很轻松地读西班牙文。,Wǒ néng hěn qīngsōng dì dú xībānyáwén.,I can read Spanish easily.,他轻松地解决了这个问题。,Tā qīngsōng dì jiějué le zhège wèntí.,He easily solved the problem.
1589,情况,qíngkuàng,circumstances; situation,名,名 n.,noun,4,4,首先，我们检查出勤情况。,Shǒuxiān; wǒmen jiǎnchá chūqín qíngkuàng.,Firstly; let's check the attendance.,发生这种情况的几率多大？,Fāshēng zhèzhǒng qíngkuàng de jīlǜ duō dà?,What are the chances of that happening?,我以前从未见过这种情况。,Wǒ yǐqián cóngwèijiànguò zhèzhǒng qíngkuàng.,I've never seen anything like this before.
1590,庆祝,qìngzhù,to celebrate,动,动 v.,verb,4,4,他或许不会再庆祝春节了。,Tā huòxǔ búhuì zài qìngzhù chūnjié le.,Perhaps he would not celebrate Chinese New Year again.,我们每年都庆祝圣诞节。,Wǒmen měinián dōu qìngzhù shèngdànjié.,We celebrate Christmas every year.,凯特几乎从未庆祝她的生日。,Kǎitè jīhū cóngwèi qìngzhù tā de shēngrì.,Kate hardly ever celebrates her birthday.
1591,球队,qiúduì,sports team,名,名 n.,noun,4,4,我们球队有一个摩洛哥球员。,Wǒmen qiúduì yǒu yígè móluògē qiúyuán.,Our team has a Moroccan player.,我最喜欢球队是阿森纳。,Wǒ zuì xǐhuān qiúduì shì āsēnnà.,Arsenal is my favourite football team.,你觉得哪支球队会赢？,Nǐ juéde nǎ zhī qiúduì huì yíng?,Which team do you think will win?
1592,球迷,qiúmí,fan (ball sports),名,名 n.,noun,4,4,体育场里有很多兴奋的球迷。,Tǐyùchǎng lǐ yǒu hěnduō xīngfèn de qiúmí.,There were a lot of excited fans in the stadium.,体育场挤满了棒球迷。,Tǐyùchǎng jǐmǎn le bàng qiúmí.,The stadium was flooded with baseball fans.,球迷们都希望球队能换个教练。,Qiúmí men dōu xīwàng qiúduì néng huàn gè jiàoliàn.,The fans all hope the club changes the manager.
1593,区,qū,area; region,名,名 n.,noun,4,4,你们这里有可爱动物区吗？,Nǐmen zhèlǐ yǒu kěài dòngwù qū ma?,Do you have a petting zoo area?,你需要离开你的舒适区。,Nǐ xūyào líkāi nǐ de shūshì qū.,You need to get out of your comfort zone.,您得在新宿区转车。,Nín dé zài xīnsù qū zhuǎnchē.,You need to change at Shinjuku.
1594,区别,qūbié,difference; to distinguish,动、名,动 v.,verb; noun,4,4,你们很容易就能看出区别。,Nǐmen hěn róngyì jiù néng kànchū qūbié.,You'll be able to see the difference very easily.,他来不来对我来说没区别。,Tā lái bù lái duì wǒ láishuō méi qūbié.,It makes no difference to me whether he comes or not.,雕鸮和仓鸮有什么区别？,Diāo xiāo hé cāng xiāo yǒu shénme qūbié?,What's the difference between an eagle-owl and a barn owl?
1595,取,qǔ,to take; to get,动,动 v.,verb,4,4,他从书架上取下那本书。,Tā cóng shūjiàshàng qǔ xià nàběnshū.,He got the book down from the shelf.,小宝宝的名字取好了吗？,Xiǎobǎobǎo de míngzì qǔ hǎolema?,Have you decided on a name for your baby?,他用狗爪子从火里取走坚果。,Tā yòng gǒu zhuǎzi cóng huǒ lǐ qǔ zǒu jiānguǒ.,He takes the nuts from the fire with the dog's foot.
1596,取得,qǔdé,to acquire; to get,动,动 v.,verb,4,4,这是一个轻松取得的胜利。,Zhè shì yígè qīngsōng qǔdé de shènglì.,It's an easy victory.,她理所当然的取得了胜利。,Tā lǐsuǒdāngrán de qǔdé le shènglì.,She's sure to succeed.,她取得了优异的英语成绩。,Tā qǔdé le yōuyì de yīngyǔ chéngjì.,She gets good marks in English.
1597,取消,qǔxiāo,to cancel; cancellation,动,动 v.,verb,4,4,棒球比赛因为天雨取消了。,Bàngqiú bǐsài yīnwèi tiān yǔ qǔxiāo le.,The baseball game was called off due to rain.,我们应该取消这次远足。,Wǒmen yīnggāi qǔxiāo zhècì yuǎnzú.,We should cancel the hike.,我取消了我旅馆的预订。,Wǒ qǔxiāo le wǒ lǚguǎn de yùdìng.,I canceled my hotel reservation.
1598,全,quán,all; whole,形、副,形 adj.,adjective; adverb,4,4,我没把真实情况全说出来。,Wǒ méi bǎ zhēnshíqíngkuàng quán shuō chūlái.,I didn't tell the whole truth.,遇难求上帝，过后全忘记。,Yùnàn qiú shàngdì; guòhòu quán wàngjì.,The danger past and God forgotten.,这条问题的答案全是错的。,Zhè tiáo wèntí de dáàn quán shì cuò de.,All the answers to this question were wrong.
1599,全部,quánbù,whole; all,名,名 n.,noun,4,4,我会向你全部解释清楚的。,Wǒhuì xiàng nǐ quánbù jiěshì qīngchǔ de.,I'll explain everything to you.,我把成语全部还给老师了。,Wǒ bǎ chéngyǔ quánbù huángěi lǎoshī le.,I gave all of the Chinese proverbs back to the teacher.,他们全部都应该被开除。,Tāmen quánbù dōu yīnggāi bèi kāichú.,They should all be fired.
1600,全都,quándōu,all; without exception,副,副 adv.,adverb,4,4,这里全都是语法纳粹党人。,Zhèlǐ quándōu shì yǔfǎ nàcuìdǎng rén.,It's all grammar nazis up in here.,那全都是她一个人做的。,Nà quándōu shì tā yígè rén zuò de.,She did it all by herself.,他们全都被他的笑话逗笑了。,Tāmen quándōu bèi tā de xiàohuà dòuxiào le.,They all laughed at his jokes.
1601,全球,quánqiú,entire; total,名,名 n.,noun,4,4,法西斯主义传播至全球。,Fǎxīsīzhǔyì chuánbō zhì quánqiú.,Fascists are globalized.,全球变暖让科学家担心。,Quánqiú biànnuǎn ràng kēxuéjiā dānxīn.,Global warming worries scientists.,放眼全球，立足本土。,Fàngyǎn quánqiú; lìzú běntǔ.,Think globally; act locally.
1602,全身,quánshēn,the whole body; (typography) em,名,名 n.,noun,4,4,哎呦好难受啊，全身发痒！,Āi yōu hǎo nánshòu a; quánshēn fāyǎng!,Grr! I'm itchy all over; and it's driving me crazy.,他们在雨中被淋得全身都湿了。,Tāmen zài yǔ zhōng bèi líndé quánshēn dōu shī le.,They got thoroughly wet in the rain.,我遇上了阵雨被淋得全身湿透。,Wǒ yùshàng le zhènyǔ bèi líndé quánshēn shītòu.,I was caught in a shower and got drenched to the skin.
1603,缺,quē,deficiency; lack,动,动 v.,verb,4,4,现在正缺良好的建筑木材。,Xiànzài zhèng quē liánghǎo de jiànzhù mùcái.,There is a shortage of good building wood.,这张桌子缺了个角。,Zhè zhāng zhuōzi quē le gè jiǎo.,This table is missing a leg.,我们国家不缺石油。,Wǒmen guójiā bù quē shíyóu.,We are not short of oil in this country.
1604,缺点,quēdiǎn,weak point; fault,名,名 n.,noun,4,4,你不觉得他有很多缺点吗？,Nǐ bù juédé tā yǒu hěnduō quēdiǎn ma?,You don't think he has many faults?,他最大的缺点就是话太多。,Tā zuìdà de quēdiǎn jiùshì huà tài duō.,His greatest fault is talking too much.,你们的优点和缺点是什么？,Nǐmen de yōudiǎn hé quēdiǎn shì shénme?,What are your strengths and weaknesses?
1605,缺少,quēshǎo,lack; shortage of,动,动 v.,verb,4,4,厨房里缺少一台洗碗机。,Chúfáng lǐ quēshǎo yìtái xǐwǎnjī.,The kitchen lacks a dishwasher.,水是生命所不可缺少的。,Shuǐ shì shēngmìng suǒ bùkě quēshǎo de.,Water is indispensable to life.,公司缺少领导团队。,Gōngsī quēshǎo lǐngdǎo tuánduì.,The company lacks leadership.
1606,却,què,but; yet,副,副 adv.,adverb,4,4,他虽然年轻却很值得信赖。,Tā suīrán niánqīng què hěn zhíde xìnlài.,He might be young but he's trustworthy.,我爱她，但是她却爱别人。,Wǒ ài tā; dànshì tā què ài biérén.,I love her; but she loves someone else.,他保证过会来却没有来。,Tā bǎozhèng guò huì lái què méiyǒu lái.,He promised to come; but he didn't come.
1607,确实,quèshí,indeed; really,副,副 adv.,adverb,4,4,请把他确实的地址告诉我。,Qǐng bǎ tā quèshí de dìzhǐ gàosù wǒ.,Tell me exactly where he lives.,他确实是个聪明的小孩。,Tā quèshí shì gè cōngmíng de xiǎohái.,He is a clever boy; to be sure.,我确实在这里丢了东西。,Wǒ quèshí zài zhèlǐ diū le dōngxī.,I'm clearly missing something here.
1608,然而,rán’ér,however; yet,连,连 conj.,conjunction,4,4,然而，相反的理论往往也是真的。,Ránér; xiāngfǎn de lǐlùn wǎngwǎng yě shì zhēnde.,And yet; the contrary is always true as well.,原版很好，然而葡萄牙语译文有误。,Yuánbǎn hěn hǎo; ránér pútáoyáyǔ yìwén yǒuwù.,The original edition is great; but the Portuguese translation contains errors.,我很累; 然而; 我必须完成我的回家作业。,Wǒ hěn lèi; ránér; wǒ bìxū wánchéng wǒ de huíjiā zuòyè.,I am tired; nevertheless; I must finish my homework.
1609,热闹,rènao,lively; bustling with noise and excitement,形、动、名,形 adj.,adjective; verb; noun,4,4,市场上到处都很热闹。,Shìchǎng shàng dàochù dōu hěn rènào.,There isn't a place in this market that isn't lively.,台湾的夜市很热闹。,Táiwān de yèshì hěn rènào.,Taiwan's night market is bustling.,这个小镇不大;可是很热闹.,Zhège xiǎozhèn bú dà; kěshì hěn rènào.,This village isn't big; but it's quite lively.
1610,人生,rénshēng,life (time on earth),名,名 n.,noun,4,4,他跟我讲了他的人生故事。,Tā gēn wǒ jiǎng le tā de rénshēng gùshì.,He told me his life's story.,他的人生充满了起起落落。,Tā de rénshēng chōngmǎn le qǐqǐluòluò.,His life was full of ups and downs.,98名乘客只有3人生还。,98 Míng chéngkè zhǐyǒu 3 rénshēng huán.,Only 3 out of the 98 passengers survived.
1611,人数,rénshù,number of people,名,名 n.,noun,4,4,学生人数一年比一年增加。,Xuéshēng rénshù yìnián bǐ yìnián zēngjiā.,The number of students grows year by year.,出国的人数一直在增加。,Chūguó de rénshù yìzhí zài zēngjiā.,The number of people who go abroad has been increasing.,遭受心脏病困扰的人数增加了。,Zāoshòu xīnzàngbìng kùnrǎo de rénshù zēngjiā le.,The number of people suffering from heart disease has increased.
1612,人员,rényuán,staff; crew,名,名 n.,noun,4,4,救助人员将为地震受灾者提供资助。,Jiùzhù rényuán jiāng wèi dìzhèn shòuzāi zhě tígōng zīzhù.,The rescue workers are going to hand out supplies to the victims of the earthquake.,全体销售人员通宵达旦地工作了一周。,Quántǐ xiāoshòu rényuán tōngxiāodádàn dì gōngzuò le yìzhōu.,The entire sales staff has worked around the clock for a week.,对计算机人员来说，断网的时候度日如年。,Duì jìsuànjī rényuán láishuō; duàn wǎng de shíhòu dùrìrúnián.,For computer people; days are like years without the internet.
1613,任何,rènhé,whatever; whatsoever,代,代 pron.,pronoun,4,4,任何任务都可能变得费力。,Rènhé rènwù dōu kěnéng biàndé fèilì.,Any task may become painful.,我在任何地方都没能找到。,Wǒ zài rènhé dìfāng dōu méi néng zhǎodào.,I couldn't find it anywhere.,这对于我来说没任何意义。,Zhè duìyú wǒ láishuō méi rènhé yìyì.,It doesn't make sense to me.
1614,任务,rènwu,assignment; mission,名,名 n.,noun,4,4,任何任务都可能变得费力。,Rènhé rènwù dōu kěnéng biàndé fèilì.,Any task may become painful.,为什么要接受这个任务？,Wèishénme yào jiēshòu zhège rènwù?,Why did you take it on?,群众妨碍了警员执行任务。,Qúnzhòng fángài le jǐngyuán zhíxíng rènwù.,The crowd obstructed the police in the discharge of their duties.
1615,扔,rēng,to throw away,动,动 v.,verb,4,4,罗德里戈把丽玛扔了回去。,Luódélǐgē bǎ lì mǎ rēng le huíqù.,Rodrigo threw Rima back.,他扔了一块石头到池塘里。,Tā rēng le yíkuài shítou dào chítáng lǐ.,He threw a rock into the pond.,这个男孩子向我扔石头。,Zhège nánháizi xiàng wǒ rēng shítou.,The boy threw stones at me.
1616,仍,réng,still; yet,副,副 adv.,adverb,4,4,如你所见，我们仍在工作。,Rú nǐ suǒ jiàn; wǒmen réng zài gōngzuò.,As you can see; we're still working.,这仍是一本男女皆爱的书。,Zhè réng shì yìběn nánnǚ jiē ài de shū.,It is; even now; a book loved by men and women alike.,阿尔及利亚仍国境贫困。,Āěrjílìyà réng guójìng pínkùn.,Algeria is still poor.
1617,仍然,réngrán,still; as before,副,副 adv.,adverb,4,4,我仍然无法相信你结婚了。,Wǒ réngrán wúfǎ xiàngxìn nǐ jiéhūn le.,I still can't believe you're married.,我们仍然有更多的时间。,Wǒmen réngrán yǒu gèng duō de shíjiān.,We still have more time.,我们仍然不知道为什么。,Wǒmen réngrán bù zhīdào wèishénme.,We still don't know why.
1618,日常,rìcháng,day-to-day; daily,形,形 adj.,adjective,4,4,热爱生活中的日常琐事，人生才会快乐。,Rèàishēnghuó zhōng de rìcháng suǒshì; rénshēng cái huì kuàilè.,In order to make life happy; you must love the everyday trifles.,他们坚持认为日常锻练是必得表出的行为。,Tāmen jiānchí rènwéi rìcháng duànliàn shì bì děi biǎo chū de xíngwéi.,They insist that daily exercise is an action that must be done.,如果你没办法买饭、衣服、住处这种日常需要等，你并不会得安心。,Rúguǒ nǐ méi bànfǎ mǎifàn; yīfú; zhùchù zhèzhǒng rìcháng xūyào děng; nǐ bìng búhuì dé ānxīn.,If you have no way to buy food; clothing; accommodation and other such daily necessities; you definitely won't be able to have peace of mind.
1619,日记,rìjì,diary,名,名 n.,noun,4,4,他旅行期间，写了旅游日记。,Tā lǚxíng qījiān; xiě le lǚyóu rìjì.,He kept a diary during the trip.,她已经写了三年的日记。,Tā yǐjīng xiě le sānnián de rìjì.,She has kept a diary for 3 years.,是谁趁我不在的时候看我的日记？,Shì shuí chèn wǒ bú zài de shíhòu kàn wǒ de rìjì?,Who was it that read my diary while I was out?
1620,日期,rìqī,date,名,名 n.,noun,4,4,他们决定了远足的日期了。,Tāmen juédìng le yuǎnzú de rìqī le.,They decided the date for the trip.,她用数字的形式写了日期。,Tā yòng shùzì de xíngshì xiě le rìqī.,She wrote the date in numeric form.,他决定推迟他出发的日期。,Tā juédìng tuīchí tā chūfā de rìqī.,He decided he would put off his departure.
1621,日子,rìzi,day; days of life,名,名 n.,noun,4,4,我们一起过了美好的日子。,Wǒmen yìqǐ guò le měihǎo de rìzi.,We had wonderful moments together.,雨让秋天的日子阴沉沉的。,Yǔ ràng qiūtiān de rìzi yīnchénchén de.,The rain made the autumn day dismal.,星期日是我休息的日子。,Xīngqīrì shì wǒ xiūxī de rìzi.,Sunday is my rest day.
1622,入,rù,to enter; to go into,动,动 v.,verb,4,4,他真是刚出狼窝又入虎穴。,Tā zhēnshì gāng chū lángwō yòu rù hǔxué.,He fell out of the frying pan into the fire.,登出后重新登入需要密码。,Dēngchū hòu chóngxīn dēng rù xūyào mìmǎ.,You need a password to log in again after logging out.,请把它充入我的账户。,Qǐng bǎ tā chōng rù wǒ de zhànghù.,Please add it to my account.
1623,入口,rùkǒu,entrance; to import,名,名 n.,noun,4,4,她在入口看到一个年轻男人。,Tā zài rùkǒu kàndào yígè niánqīng nánrén.,She saw a young man at the entrance.,他站在入口的边上。,Tā zhàn zài rùkǒu de biānshàng.,He stood by the entrance.,博物馆的入口在哪？,Bówùguǎn de rùkǒu zài nǎ?,Where is the entrance to the museum?
1624,入学,rùxué,to enter a school or college; to go to school for the first time as a child,动,动 v.,verb,4,4,我今天要参加入学试。,Wǒ jīntiān yào cānjiā rùxué shì.,I have to take the entrance examination today.,学生们，欢迎入学！,Xuéshēng men; huānyíng rùxué!,Welcome; students!,这周我就要入学了。,Zhè zhōu wǒ jiùyào rùxué le.,It is my enrollment this week.
1625,入住,rùzhù,to check in; move in,动,动 v.,verb,4,4,他入住了一间很好的旅馆。,Tā rùzhù le yìjiān hěn hǎo de lǚguǎn.,He checked in at a good hotel.,汤姆和玛丽入住了一家高档酒店。,Tāngmǔ hémǎlì rùzhù le yìjiā gāodàng jiǔdiàn.,Tom and Mary stayed at a fancy hotel.,真奇怪，他竟然被安排入住这种廉价酒店。,Zhēn qíguài; tā jìngrán bèi ānpái rùzhù zhèzhǒng liánjià jiǔdiàn.,It is strange that he should be put up at such a cheap hotel.
1626,散步,sànbù,to take a walk; to go for a walk,动,动 v.,verb,4,4,我连去散步的时间也没有。,Wǒ lián qù sànbù de shíjiān yě méiyǒu.,I don't even have time for a walk.,他每天早上在公园里散步。,Tā měitiān zǎoshàng zài gōngyuán lǐ sànbù.,He walks in the park every morning.,雨让我们没有办法去散步。,Yǔ ràng wǒmen méiyǒu bànfǎ qù sànbù.,Rain prevented us from taking a walk.
1627,扫码,sǎomǎ,to scan a code; scan a QR code,动,动 v.,verb,4,4,请扫码填写这份表格。,Qǐng sǎo mǎ tiánxiě zhèfèn biǎogé.,Please scan the code to complete this form.,买东西时可以扫码支付。,Mǎi dōngxī shí kěyǐ sǎo mǎ zhīfù.,You can scan a code to pay when shopping.,进入大楼前需要先扫码。,Jìnrù dàlóu qián xūyào xiān sǎo mǎ.,You need to scan the code before entering the building.
1628,森林,sēnlín,forest,名,名 n.,noun,4,4,我们在森林里开了一条路。,Wǒmen zài sēnlín lǐ kāi le yìtiáo lù.,We cleared a path through the woods.,3月21日是国际森林日。,3 Yuè 21 rì shì guójì sēnlín rì.,March 21 is International Day of Forests.,森林外有一个美丽的湖泊。,Sēnlín wài yǒu yígè měilì de húpō.,A beautiful lake lay just beyond the forest.
1629,商量,shāngliang,to consult; to talk over,动,动 v.,verb,4,4,有件事我一直想跟你商量。,Yǒujiànshì wǒ yìzhí xiǎng gēn nǐ shāngliáng.,There's something I've been meaning to discuss with you.,我不知道该和谁商量好。,Wǒ bù zhīdào gāi hé shuí shāngliáng hǎo.,I don't know who to consult with.,她想与他商量一些事。,Tā xiǎng yǔ tā shāngliáng yìxiē shì.,She wanted to go over a few things with him.
1630,商品,shāngpǐn,commodity; goods,名,名 n.,noun,4,4,大量生产降低许多商品的价格。,Dàliàng shēngchǎn jiàngdī xǔduō shāngpǐn de jiàgé.,Mass production reduced the price of many goods.,那商店里的商品全都打九折呢。,Nà shāngdiàn lǐ de shāngpǐn quándōu dǎ jiǔzhé ne.,Everything at that store is 10 percent off the regular price.,这个商品已售罄。,Zhège shāngpǐn yǐ shòuqìng.,This product is already sold out.
1631,伤心,shāngxīn,to grieve; to be broken-hearted,形,形 adj.,adjective,4,4,因为他的话，她非常伤心。,Yīnwèi tā dehuà; tā fēicháng shāngxīn.,She got really sad because of what he said.,怎么了？你为甚么伤心？,Zěnme le? nǐ wèi shénme shāngxīn?,What's wrong? Why are you sad?,没有比失去孩子更伤心的事。,Méiyǒu bǐ shīqù háizi gèng shāngxīn de shì.,There's nothing more painful than losing one's child.
1632,上门,shàngmén,to drop in; to visit,动,动 v.,verb,4,4,维修人员下午会上门检查。,Wéixiū rényuán xiàwǔ huìshàng mén jiǎnchá.,The repair worker will come to inspect it this afternoon.,这家商店提供送货上门服务。,Zhèjiā shāngdiàn tígōng sònghuòshàngmén fúwù.,This store offers home delivery.,第一次上门拜访要带礼物吗？,Dìyīcì shàngmén bàifǎng yào dài lǐwù ma?,Should you bring a gift on your first visit to someone’s home?
1633,稍,shāo,somewhat; a little,副,副 adv.,adverb,4,4,今天相比往常，稍暖一些。,Jīntiān xiāngbǐ wǎngcháng; shāo nuǎn yìxiē.,It's a bit warmer today than usual.,鲍勃比他兄弟稍胖点。,Bào bó bǐ tā xiōngdì shāo pàng diǎn.,Bob was somewhat chubbier than his brother.,麻烦您稍待一下。,Máfán nín shāo dài yíxià.,Will you wait a moment?
1634,稍微,shāowēi,a little bit,副,副 adv.,adverb,4,4,在这里稍微休息一下吧。,Zài zhèlǐ shāowēi xiūxī yíxià ba.,Let's rest here.,这种颜色比那种稍微深一点。,Zhèzhǒng yánsè bǐ nàzhǒng shāowēi shēn yìdiǎn.,This color is a bit darker than that one.,有没有比这些稍微大一点的？,Yǒuméiyǒu bǐ zhèxiē shāowēi dà yìdiǎn de?,Do you have one a little bigger than these?
1635,少见,shǎojiàn,rare; seldom seen,形,形 adj.,adjective,4,4,这么大的雪在这里很少见。,Zhème dà de xuě zài zhèlǐ hěnshǎo jiàn.,Snow this heavy is rare here.,他有一种少见的学习方法。,Tā yǒu yìzhǒng shǎojiàn de xuéxí fāngfǎ.,He has an unusual study method.,这种动物现在已经很少见了。,Zhèzhǒng dòngwù xiànzài yǐjīng hěnshǎo jiàn le.,This animal is now seldom seen.
1636,少量,shǎoliàng,a smidgen; a little bit,形,形 adj.,adjective,4,4,加入少量盐就可以了。,Jiārù shǎoliàng yán jiù kěyǐ le.,Adding a small amount of salt is enough.,医生建议他少量多餐。,Yīshēng jiànyì tā shǎoliàngduōcān.,The doctor advised him to eat small meals more often.,现场只剩下少量座位。,Xiànchǎng zhǐ shèngxià shǎoliàng zuòwèi.,Only a small number of seats remain.
1637,少数,shǎoshù,small number; few,名,名 n.,noun,4,4,只有少数的人是无忧无虑的。,Zhǐyǒu shǎoshù de rén shì wúyōuwúlǜ de.,Few people are free from cares.,只有少数的人能够理解他的说话。,Zhǐyǒu shǎoshù de rén nénggòu lǐjiě tā de shuōhuà.,Only a few understood what he said.,博物馆的参观者中有少数是外国人。,Bówùguǎn de cānguānzhě zhōng yǒu shǎoshù shì wàiguórén.,There was a sprinkling of foreigners among the visitors in the museum.
1638,少年,shàonián,early youth; youngster,名,名 n.,noun,4,4,我昨天遇到的少年叫托尼。,Wǒ zuótiān yùdào de shàonián jiào tuō ní.,The young man I met yesterday is named Tony.,少年犯罪最近一直在增长。,Shàonián fànzuì zuìjìn yìzhí zài zēngzhǎng.,Juvenile crimes have been increasing recently.,那个高个少年救了溺水儿童。,Nàge gāo gè shàonián jiù le nìshuǐ értóng.,That tall boy saved the drowning child.
1639,社会,shèhuì,society,名,名 n.,noun,4,4,社会上满是不称职的医生。,Shèhuì shàng mǎn shì búchènzhí de yīshēng.,The world is full of incompetent doctors.,尊重法律是我们社会的基础。,Zūnzhòng fǎlǜ shì wǒmen shèhuì de jīchǔ.,Respect for law is fundamental to our society.,我是个社会工作人员。,Wǒ shì gè shèhuì gōngzuòrényuán.,I'm a social worker.
1640,摄氏度,shèshìdù,°C (degrees Celsius),量,量 m.w.,measure word,4,4,今天最高气温是三十摄氏度。,Jīntiān zuìgāo qìwēn shì sānshí shèshìdù.,Today’s high temperature is thirty degrees Celsius.,水在零摄氏度以下会结冰。,Shuǐ zài língshèshìdù yǐxià huì jiébīng.,Water freezes below zero degrees Celsius.,房间温度保持在二十五摄氏度左右。,Fángjiān wēndù bǎochí zài èrshíwǔ shèshìdù zuǒyòu.,The room is kept at about twenty-five degrees Celsius.
1641,身,shēn,body; classifier for clothes,名、量,名 n.,noun; measure word,4,4,我喜欢她这身黑色的装束。,Wǒ xǐhuān tā zhè shēn hēisè de zhuāngshù.,I like her black clothes.,我们身在原子能时代。,Wǒmen shēn zài yuánzǐnéng shídài.,We are in the era of atomic energy.,无论你去了哪里，我将永伴你身。,Wúlùn nǐ qù le nǎlǐ; wǒ jiāng yǒng bàn nǐ shēn.,Wherever you go; I will go too.
1642,深,shēn,deep (lit. and fig.),形、（副）,形 adj.,adjective; adverb,4,4（5）,这个湖在这个地方很深。,Zhège hú zài zhège dìfāng hěn shēn.,The lake is deep here.,深吸一口气然后屏住气。,Shēn xī yìkǒuqì ránhòu bǐngzhù qì.,Take a breath and hold it.,她喜欢穿深颜色的衣服。,Tā xǐhuān chuān shēn yánsè de yīfú.,She likes to wear dark colours.
1643,身份证,shēnfènzhèng,identity card; ID,名,名 n.,noun,4,4,保镖要求看她的身份证。,Bǎobiāo yāoqiú kàn tā de shēnfènzhèng.,The bouncer asked to see her I.D.,我忘了带我的身份证。,Wǒ wàng le dài wǒ de shēnfènzhèng.,I forgot to bring my I.D. card.,他要了她的身份证。,Tā yào le tā de shēnfènzhèng.,He asked her for her ID.
1644,申请,shēnqǐng,application form; to apply for something,动,动 v.,verb,4,4,要申请的话，你得亲自去。,Yào shēnqǐng dehuà; nǐ dé qīnzì qù.,In order to apply; you have to go in person.,我们决定延长申请截止日期。,Wǒmen juédìng yáncháng shēnqǐng jiézhǐ rìqī.,We've decided to extend the application deadline.,我申请成为协会会员。,Wǒ shēnqǐng chéngwéi xiéhuìhuìyuán.,I applied for membership in the association.
1645,甚至,shènzhì,even; so much so that,连,连 conj.,conjunction,4,4,甚至在夏天，这里都很冷。,Shènzhì zài xiàtiān; zhèlǐ dōu hěn lěng.,It's cold here even in summer.,甚至我们的手指都不相像。,Shènzhì wǒmen de shǒuzhǐ dōu bù xiāngxiàng.,Not even our fingers look alike.,他们甚至不知道为什么。,Tāmen shènzhì bù zhīdào wèishénme.,They don't even know why.
1646,生,shēng,to be born; to grow,动,动 v.,verb,4,4,他出生在中国北方。,Tā chūshēng zài zhōngguó běifāng.,He was born in northern China.,春天很多植物开始生长。,Chūntiān hěnduō zhíwù kāishǐ shēngzhǎng.,Many plants begin to grow in spring.,她去年生了一个孩子。,Tā qùnián shēng le yígè háizi.,She gave birth to a child last year.
1647,生,shēng,raw; uncooked; unfamiliar,形、（副）,形 adj.,adjective,4,4（7-9）,这块肉还是生的。,Zhèkuài ròu háishì shēng de.,This piece of meat is still raw.,我不习惯吃生鸡蛋。,Wǒ bù xíguàn chī shēng jīdàn.,I am not used to eating raw eggs.,这个苹果太生了，不好吃。,Zhège píngguǒ tài shēng le; bù hǎochī.,This apple is too unripe to taste good.
1648,生命,shēngmìng,life; living being,名,名 n.,noun,4,4,总而言之，生命是很短的。,Zǒngéryánzhī; shēngmìng shì hěn duǎn de.,In a word; life is short.,空气是生命中不可或缺的。,Kōngqì shì shēngmìng zhòng bùkěhuòquē de.,Air is indispensable to life.,我失去了生命中的十五秒。,Wǒ shīqù le shēngmìng zhòng de shíwǔmiǎo.,I've lost 15 seconds of my life.
1649,生意,shēngyi,life force; vitality,名,名 n.,noun,4,4,我的生意终于走上了正轨。,Wǒ de shēngyì zhōngyú zǒushàng le zhèngguǐ.,My business has at last gotten on the right track.,这场生意正面临著赤字。,Zhèchǎng shēngyì zhèng miànlín zhù chìzì.,The business is in the red.,我们和很多国家有生意来往。,Wǒmen hé hěnduō guójiā yǒu shēngyì láiwǎng.,We are doing business with many countries.
1650,省,shěng,province,名,名 n.,noun,4,4,云南省在中国西南部。,Yúnnánshěng zài zhōngguó xīnánbù.,Yunnan Province is in southwestern China.,中国有很多省。,Zhōngguó yǒu hěnduō shěng.,China has many provinces.,他来自山东省。,Tā láizì shāndōngshěng.,He comes from Shandong Province.
1651,剩,shèng,to remain; to be left,动,动 v.,verb,4,4,她瘦得只剩皮包骨了。,Tā shòu dé zhǐ shèng píbāogǔ le.,She is all skin and bone.,我们还剩很多食物。,Wǒmen hái shèng hěnduō shíwù.,We still have a lot of food left.,所有的员工都回家了，只剩一位。,Suǒyǒu de yuángōng dōu huíjiā le; zhǐ shèng yíwèi.,All the workers went home save one.
1652,失败,shībài,to be defeated; to lose,动、形,动 v.,verb; adjective,4,4,你必须从失败中吸取教训。,Nǐ bìxū cóng shībài zhōng xīqǔjiàoxùn.,You must learn from mistakes.,这样的计划注定会失败的。,Zhèyàng de jìhuà zhùdìng huì shībài de.,Such a plan is bound to fail.,没有他的帮助，我会失败。,Méiyǒu tā de bāngzhù; wǒhuì shībài.,Without his help; I will fail.
1653,师傅,shīfu,master; qualified worker,名,名 n.,noun,4,4,宝石师傅在胸针上镶了一枚大珍珠。,Bǎoshí shīfù zài xiōngzhēn shàng xiāng le yìméi dà zhēnzhū.,The jeweler mounted a big pearl in the brooch.,早安，师傅。我应该怎么样提高听力能力？,Zǎoān; shīfù. wǒ yīnggāi zěnmeyàng tígāo tīnglì nénglì?,Good day; lords. In what way can I refine upon my adroitness in aural comprehension?,师傅，方向反了，我要去东边，你怎么往西边开？,Shīfù; fāngxiàng fǎn le; wǒ yào qù dōngbiān; nǐ zěnme wǎng xībiān kāi?,Driver; you're driving in the opposite direction. I want to go east. Why are you driving west?
1654,失去,shīqù,to lose,动,动 v.,verb,4,4,我失去了生命中的十五秒。,Wǒ shīqù le shēngmìng zhòng de shíwǔmiǎo.,I've lost 15 seconds of my life.,他听到消息后失去了理智。,Tā tīngdào xiāoxī hòu shīqù le lǐzhì.,He went mad when he heard the story.,士兵们失去了战斗的勇气。,Shìbīng men shīqù le zhàndòu de yǒngqì.,The soldiers lost the courage to fight.
1655,师生,shīshēng,teachers and students,名,名 n.,noun,4,4,全校师生参加了这次活动。,Quánxiàoshīshēng cānjiā le zhècì huódòng.,All teachers and students at the school joined the activity.,师生关系对学习很重要。,Shīshēngguānxì duì xuéxí hěn zhòngyào.,Teacher-student relationships are important for learning.,师生一起参观了博物馆。,Shīshēng yìqǐ cānguān le bówùguǎn.,Teachers and students visited the museum together.
1656,失望,shīwàng,disappointed; to lose hope,动、形,动 v.,verb; adjective,4,4,她的缺席令我们感到失望。,Tā de quēxí lìng wǒmen gǎndào shīwàng.,We were disappointed at her absence.,世界上的教育都让我失望。,Shìjiè shàng de jiàoyù dōu ràng wǒ shīwàng.,Education in this world disappoints me.,我对让你失望感到抱歉。,Wǒ duì ràng nǐ shīwàng gǎndào bàoqiàn.,I'm sorry to disappoint you.
1657,十分,shífēn,very; completely,副,副 adv.,adverb,4,4,美国的石油资源十分丰富。,Měiguó de shíyóuzīyuán shífēn fēngfù.,America abounds in oil.,我们过着十分平凡的生活。,Wǒmen guò zhe shífēn píngfán de shēnghuó.,We lead a very ordinary life.,这是一个十分愚蠢的决定。,Zhè shì yígè shífēn yúchǔn de juédìng.,It was a very stupid decision.
1658,实际,shíjì,reality; practice,名、形,名 n.,noun; adjective,4,4,他看起来比他的实际年龄大。,Tā kànqǐlái bǐ tā de shíjì niánlíng dà.,He looks old for his age.,他妈妈看起来比实际年龄年轻。,Tā māmā kànqǐlái bǐ shíjì niánlíng niánqīng.,His mother looks young for her age.,宇宙的实际大小至今无人知道。,Yǔzhòu de shíjì dàxiǎo zhìjīn wúrén zhīdào.,To date nobody knows the actual size of the cosmos.
1659,时间表,shíjiānbiǎo,schedule; timetable,名,名 n.,noun,4,4,有时间表吗？,Yǒu shíjiānbiǎo ma?,Is there a timetable?,根据时间表，这个任务应该在这周内结束。,Gēnjù shíjiānbiǎo; zhège rènwù yīnggāi zài zhè zhōu nèi jiéshù.,According to schedule; this task should be finished within this week.,汤姆检查电视时间表，看看在上映什么。,Tāngmǔ jiǎnchá diànshì shíjiānbiǎo; kànkàn zài shàngyìng shénme.,Tom checked the TV schedule to see what was on.
1660,实际上,shíjìshàng,in fact; in reality,副,副 adv.,adverb,4,4,他实际上是一个勤奋的人。,Tā shíjìshàng shì yígè qínfèn de rén.,He is; indeed; a hard worker.,这个男孩实际上是要去做。,Zhège nánhái shíjìshàng shì yào qù zuò.,The boy actually was going to do it.,实际上，我没有暗示什么。,Shíjìshàng; wǒ méiyǒu ànshì shénme.,Actually; I'm not suggesting anything.
1661,食品,shípǐn,foodstuff; food,名,名 n.,noun,4,4,请告诉我们哪儿有食品杂货店。,Qǐng gàosù wǒmen nǎér yǒu shípǐn záhuòdiàn.,Please tell us where there is a grocery store.,那个团体为难民们提供食品供给。,Nàge tuántǐ wéi nánmín men tígōng shípǐn gōngjǐ.,The organization furnished the refugees with food.,我不吃垃圾食品。,Wǒ bùchī lājī shípǐn.,I don't eat junk food.
1662,食堂,shítáng,dining hall; cafeteria,名,名 n.,noun,4,4,很多公立学校的食堂都很黑心。,Hěnduō gōnglìxuéxiào de shítáng dōu hěn hēixīn.,Many public school cafeterias are unscrupulous.,我是在食堂吃的饭。,Wǒ shì zài shítáng chī de fàn.,I ate in the canteen.,可惜大学食堂没有无花果饼干。,Kěxī dàxué shítáng méiyǒu wúhuāguǒ bǐnggān.,It's too bad the college dining hall doesn't have fig cookies.
1663,食物,shíwù,food,名,名 n.,noun,4,4,羽衣甘蓝被称为超级食物。,Yǔyī gānlán bèi chēngwéi chāojí shíwù.,Kale has been called a superfood.,你怎么在太空里找到食物？,Nǐ zěnme zài tàikōng lǐ zhǎodào shíwù?,How do you find food in outer space?,这个季节食物很容易变坏。,Zhège jìjié shíwù hěn róngyì biànhuài.,Food goes bad easily in this season.
1664,实在,shízài,really; actually,形、副,形 adj.,adjective; adverb,4,4,说实在的，我真的喜欢你。,Shuō shízài de; wǒ zhēnde xǐhuān nǐ.,Honestly; I really like you.,这只手机实在是太贵了。,Zhè zhǐ shǒujī shízài shì tàiguì le.,This cell phone is really expensive.,我的木床实在很笨重。,Wǒ de mùchuáng shízài hěn bènzhòng.,My wooden bed is actually quite heavy.
1665,十字路口,shízìlùkǒu,crossroads; intersection,名,名 n.,noun,4,4,请在下一个十字路口右转。,Qǐng zài xià yígè shízìlùkǒu yòuzhuǎn.,Turn right at the next intersection.,这个十字路口很危险。,Zhège shízìlùkǒu hěn wēixiǎn.,This intersection is dangerous.,十字路口出了车祸。,Shízìlùkǒu chū le chēhuò.,There's been an accident at the crossroads.
1666,使,shǐ,to make; to cause,动,动 v.,verb,4,4,我会使你成为一个男子汉。,Wǒhuì shǐ nǐ chéngwéi yígè nánzihàn.,I will make a man of you.,他使他儿子成了个有钱人。,Tā shǐ tā érzi chéng le gè yǒuqiánrén.,He made his son a wealthy man.,凯特使她的家人离家出走。,Kǎitè shǐ tā de jiārén líjiāchūzǒu.,Kate made her family leave home.
1667,使馆,shǐguǎn,embassy,名,名 n.,noun,4,4,我明天去使馆办理签证。,Wǒ míngtiān qù shǐguǎn bànlǐ qiānzhèng.,I am going to the embassy tomorrow to handle my visa.,使馆离这里大约三公里。,Shǐguǎn lí zhèlǐ dàyuē sān gōnglǐ.,The embassy is about three kilometers from here.,请向当地使馆了解最新规定。,Qǐng xiàng dāngdì shǐguǎn liǎojiě zuìxīn guīdìng.,Please ask the local embassy about the latest rules.
1668,使用,shǐyòng,to use; to employ,动,动 v.,verb,4,4,你可以随时使用这台电脑。,Nǐ kěyǐ suíshí shǐyòng zhè tái diànnǎo.,You can use this computer any time.,人类是唯一使用火的动物。,Rénlèi shì wéiyì shǐyòng huǒ de dòngwù.,Man is the only animal that uses fire.,你可以使用旅馆的游泳池。,Nǐ kěyǐ shǐyòng lǚguǎn de yóuyǒngchí.,You can use the hotel's swimming pool.
1669,市场,shìchǎng,marketplace; market (also in abstract),名,名 n.,noun,4,4,那个市场一直在急速扩展。,Nàge shìchǎng yìzhí zài jísù kuòzhǎn.,That market has been rapidly expanding.,中国是一个新兴市场。,Zhōngguó shì yígè xīnxīng shìchǎng.,China is an emerging market.,日本米市场禁止进口。,Rìběn mǐ shìchǎng jìnzhǐ jìnkǒu.,Japan's rice market is closed to imports.
1670,是否,shìfǒu,if; is or isn't,副,副 adv.,adverb,4,4,你是否有恶心呕吐的感觉。,Nǐ shìfǒu yǒu ěxīn ǒutù de gǎnjué.,Do you feel nauseous?,你是否坐公共汽车去上学？,Nǐ shìfǒu zuò gōnggòngqìchē qù shàngxué?,Do you go to school by bus?,这是否对于环境安全无害？,Zhè shìfǒu duìyú huánjìng ānquán wúhài?,Is this environmentally safe?
1671,适合,shìhé,to fit; to suit,动,动 v.,verb,4,4,那条连衣裙真的很适合她。,Nàtiáo liányīqún zhēnde hěn shìhé tā.,That dress really becomes her.,我认为这外套应该适合你。,Wǒ rènwéi zhè wàitào yīnggāi shìhé nǐ.,I think this coat should fit you.,那条领带很适合你的衬衫。,Nàtiáo lǐngdài hěn shìhé nǐ de chènshān.,That tie goes well with your shirt.
1672,世纪,shìjì,century,名,名 n.,noun,4,4,一百年被叫做一个世纪。,Yìbǎinián bèi jiàozuò yígè shìjì.,One hundred years is called a century.,一个世纪就是一百年。,Yígè shìjì jiùshì yìbǎinián.,A century is one hundred years.,一百年叫做一个世纪。,Yìbǎinián jiàozuò yígè shìjì.,A hundred years is called a century.
1673,视频,shìpín,video,名,名 n.,noun,4,4,我真的很喜欢看你的视频。,Wǒ zhēnde hěn xǐhuān kàn nǐ de shìpín.,I am really enjoying watching your video.,我感觉你还没把视频看完。,Wǒ gǎnjué nǐ hái méi bǎ shìpín kàn wán.,I think you haven't watched the video till the end.,我的录像机可以拍高清视频。,Wǒ de lùxiàngjī kěyǐ pāi gāoqīng shìpín.,My camera can shoot high-definition video.
1674,市区,shìqū,urban district; downtown,名,名 n.,noun,4,4,到市区的公车站牌在哪里？,Dào shìqū de gōngchēzhàn pái zài nǎlǐ?,Where is the bus stop for downtown?,越来越多的人迁往市区。,Yuèláiyuè duō de rén qiānwǎng shìqū.,More and more people are moving to urban areas.,我每周末都会去市区。,Wǒ měi zhōumò dū huì qù shìqū.,I go into town every weekend.
1675,试题,shìtí,exam question; test topic,名,名 n.,noun,4,4,老师正在准备考试试题。,Lǎoshī zhèngzài zhǔnbèi kǎoshì shìtí.,The teacher is preparing the exam questions.,这些试题比去年的难。,Zhèxiē shìtí bǐ qùnián de nán.,These test questions are harder than last year’s.,请认真阅读每一道试题。,Qǐng rènzhēn yuèdú měi yídào shìtí.,Please read every test question carefully.
1676,适应,shìyìng,to adapt; to fit,动,动 v.,verb,4,4,他很快就适应了新的环境。,Tā hěnkuài jiù shìyìng le xīn de huánjìng.,He soon got used to the new surroundings.,我不能适应这里的气候。,Wǒ bùnéng shìyìng zhèlǐ de qìhòu.,I can't adjust myself to the climate here.,他适应了新的生活方式。,Tā shìyìng le xīn de shēnghuó fāngshì.,He got accustomed to the new way of living.
1677,收费,shōufèi,to charge a fee,动,动 v.,verb,4,4,奥地利的高速公路是收费的。,Àodìlì de gāosùgōnglù shì shōufèi de.,In Austria; you have to pay to use the highway.,我为了停车计时收费器需要它。,Wǒ wèile tíngchē jìshí shōufèi qì xūyào tā.,I need it for the parking meter.,往返各地的收费如下。,Wǎngfǎn gèdì de shōufèi rúxià.,Round-trip fares to each destination are as follows.
1678,收入,shōurù,to take in; income,动、名,动 v.,verb; noun,4,4,靠你的收入你不能过活吗?,Kào nǐ de shōurù nǐ bùnéng guòhuó ma?,Can't you get by on your salary?,我的收入减少了百分之十。,Wǒ de shōurù jiǎnshǎo le bǎifēnzhīshí.,My income has decreased ten percent.,他的大部分收入付了租金。,Tā de dàbùfèn shōurù fù le zūjīn.,The majority of his income goes to pay his rent.
1679,收拾,shōushi,to tidy up; to pack,动,动 v.,verb,4,4,下午你把房间收拾干净。,Xiàwǔ nǐ bǎ fángjiān shōushí gānjìng.,Clean up the room in the afternoon.,她经常在饭后收拾桌子。,Tā jīngcháng zài fànhòu shōushí zhuōzi.,She always clears the table after a meal.,你收拾好东西了没有？,Nǐ shōushí hǎo dōngxī le méiyǒu?,Have you finished packing yet?
1680,收听,shōutīng,to listen to (a radio broadcast),动,动 v.,verb,4,4,我每天早上收听新闻广播。,Wǒ měitiān zǎoshàng shōutīng xīnwénguǎngbō.,I listen to the news broadcast every morning.,感谢大家收听今天的节目。,Gǎnxiè dàjiā shōutīng jīntiān de jiémù.,Thank you for listening to today’s program.,你可以用手机收听这门课程。,Nǐ kěyǐ yòng shǒujī shōutīng zhè mén kèchéng.,You can listen to this course on your phone.
1681,首,shǒu,head; chief,量,量 m.w.,measure word,4,4,这首诗本来是用法文写的。,Zhè shǒu shī běnlái shì yòng fǎwén xiě de.,This poem was originally written in French.,我们不如唱那首英语歌吧！,Wǒmen bùrú chàng nà shǒu yīngyǔgē ba!,I think we'd better sing that English song!,这首曲子，是动漫主题曲吗？,Zhè shǒu qǔzi; shì dòngmàn zhǔtíqū ma?,Is this an anime theme song?
1682,首都,shǒudū,capital (city),名,名 n.,noun,4,4,大马士革是叙利亚的首都。,Dàmǎshìgé shì xùlìyà de shǒudū.,Damascus is Syria's capital.,叶里温是亚美尼亚的首都。,Yè lǐ wēn shì yàměiníyà de shǒudū.,Yerevan is Armenia's capital.,布达佩斯是匈牙利的首都。,Bùdápèisī shì xiōngyálì de shǒudū.,Budapest is Hungary's capital.
1683,首先,shǒuxiān,first; in the first place,副、代,副 adv.,adverb; pronoun,4,4,首先，我们检查出勤情况。,Shǒuxiān; wǒmen jiǎnchá chūqín qíngkuàng.,Firstly; let's check the attendance.,首先，我要听听双方的意见。,Shǒuxiān; wǒ yào tīngtīng shuāngfāng de yìjiàn.,First; I should hear both sides.,首先，幸福跟钱有关系。,Shǒuxiān; xìngfú gēn qián yǒu guānxì.,Firstly; happiness is related to money.
1684,受不了,shòubuliǎo,unbearable; unable to endure,动,动 v.,verb,4,4,我受不了她没完没了的爱。,Wǒ shòubùliǎo tā méiwánméiliǎo de ài.,I cannot bear her endless love.,好热啊，我快受不了啦。,Hǎo rè a; wǒ kuài shòubùliǎo la.,I can't stand the heat.,我再也受不了那噪音了。,Wǒ zàiyě shòubùliǎo nà zàoyīn le.,I can't stand that noise any longer.
1685,售票员,shòupiàoyuán,ticket seller; ticket clerk,名,名 n.,noun,4,4,售票员告诉我还有两张票。,Shòupiàoyuán gàosù wǒ háiyǒu liǎngzhāng piào.,The ticket seller told me that two tickets were still available.,她向售票员问了车票的价格。,Tā xiàng shòupiàoyuán wèn le chēpiào de jiàgé.,She asked the ticket seller about the fare.,售票员正在帮助一位旅客。,Shòupiàoyuán zhèngzài bāngzhù yíwèi lǚkè.,The ticket seller is helping a traveler.
1686,受伤,shòushāng,to sustain injuries; wounded,动,动 v.,verb,4,4,我的朋友因为受伤去世了。,Wǒ de péngyǒu yīnwèi shòushāng qùshì le.,My friend died from a wound.,没有人因这个炸弹而受伤。,Méiyǒu rén yīn zhège zhàdàn ér shòushāng.,No one was injured by the bomb.,请让我看看你受伤的手臂。,Qǐng ràng wǒ kànkàn nǐ shòushāng de shǒubì.,Please show me your injured arm.
1687,输,shū,to lose; to be beaten,动,动 v.,verb,4,4,我最后还是输了那场官司。,Wǒ zuìhòu háishì shū le nàchǎng guānsī.,I have lost the case after all.,我们队输了第一场比赛。,Wǒmen duì shū le dìyīcháng bǐsài.,Our team lost the first match.,我们的队伍输了所有的比赛。,Wǒmen de duìwǔ shū le suǒyǒu de bǐsài.,Our team lost all of its games.
1688,熟,shú/shóu,ripe; mature,形,形 adj.,adjective,4,4,饭已经熟了。,Fàn yǐjīng shú le.,The food is cooked.,我跟这位老师很熟。,Wǒ gēn zhèwèi lǎoshī hěn shú.,I know this teacher well.,这条路我不太熟。,Zhè tiáo lù wǒ bú tài shú.,I am not very familiar with this road.
1689,熟悉,shúxi,to know well; to be familiar with,动,动 v.,verb,4,4,我对这位作者的名字很熟悉。,Wǒ duì zhèwèi zuòzhě de míngzì hěn shúxī.,I am familiar with the author's name.,她对你的母亲很熟悉。,Tā duì nǐ de mǔqīn hěn shúxī.,She knows your mother very well.,我对那个术语不熟悉。,Wǒ duì nàge shùyǔ bù shúxī.,I'm not familiar with that term.
1690,暑假,shǔjià,summer vacation,名,名 n.,noun,4,4,许多年轻人在暑假时出国。,Xǔduō niánqīngrén zài shǔjià shí chūguó.,Many people go abroad during summer vacation.,这个暑假你有去哪儿玩吗?,Zhège shǔjià nǐ yǒu qù nǎér wán ma?,Did you go anywhere during the summer vacation?,暑假期间，我在邮局工作。,Shǔjià qījiān; wǒ zài yóujú gōngzuò.,I worked in a post office during the summer vacation.
1691,数,shù,to count as; to regard as,名、数,名 n.,noun; numeral,4,4,他们人太多了，数不过来。,Tāmen rén tài duō le; shù bú guòlái.,They are too numerous to enumerate.,闭上你的眼睛，然后数到十。,Bì shàng nǐ de yǎnjīng; ránhòu shù dào shí.,Close your eyes; and count to ten.,我儿子现在可以数到100。,Wǒ érzi xiànzài kěyǐ shù dào 100.,My son can count up to a hundred now.
1692,数量,shùliàng,amount; quantity,名,名 n.,noun,4,4,对我来说，质量不如数量。,Duì wǒ láishuō; zhìliàng bùrú shùliàng.,I put quantity after quality.,近年的游客数量大幅增加。,Jìnnián de yóukè shùliàng dàfú zēngjiā.,The number of tourists has increased greatly in recent years.,去年官员的数量成倍增加了。,Qùnián guānyuán de shùliàng chéngbèizēngjiā le.,The number of officials doubled last year.
1693,树林,shùlín,Taiwan; woods,名,名 n.,noun,4,4,有一个穿过树林的小路。,Yǒu yígè chuānguò shùlín de xiǎolù.,There is a path through the wood.,我们在树林中迷路了。,Wǒmen zài shùlín zhōng mílù le.,We lost our way in the woods.,我自己走进了树林里。,Wǒ zìjǐ zǒujìn le shùlín lǐ.,I walked in the woods by myself.
1694,数字,shùzì,numeral; digital,名,名 n.,noun,4,4,她用数字的形式写了日期。,Tā yòng shùzì de xíngshì xiě le rìqī.,She wrote the date in numeric form.,4在日本是一个不幸的数字。,4 Zài rìběn shì yígè búxìng de shùzì.,'Four' is an unlucky number in Japan.,四在日本是一个不幸的数字。,Sì zài rìběn shì yígè búxìng de shùzì.,The number 4 is considered an unlucky number in Japan.
1695,帅,shuài,to command; handsome,形,形 adj.,adjective,4,4,他很聪明，而且他很帅。,Tā hěn cōngmíng; érqiě tā hěn shuài.,He's very smart; and he's handsome too.,他很年轻，更重要的是，他很帅。,Tā hěn niánqīng; gèng zhòngyào de shì; tā hěn shuài.,He is young and; what is more; handsome.,你男朋友真帅！,Nǐ nánpéngyǒu zhēn shuài!,Your boyfriend is really handsome.
1696,顺便,shùnbiàn,conveniently; in passing,副,副 adv.,adverb,4,4,顺便问一句，你今晚有空吗？,Shùnbiàn wèn yíjù; nǐ jīnwǎn yǒukòng ma?,By the way; are you free tonight?,顺便说一句，你最近见过他吗？,Shùnbiàn shuō yíjù; nǐ zuìjìn jiàn guò tā ma?,By the way; have you seen him lately?,我得顺便给你讲件事。,Wǒ dé shùnbiàn gěi nǐ jiǎng jiàn shì.,Incidentally; I have to tell you something.
1697,顺利,shùnlì,smoothly; without a hitch,形,形 adj.,adjective,4,4,祝今晚首演顺利，成功！,Zhù jīnwǎn shǒuyǎn shùnlì; chénggōng!,Good luck with tonight's performance!,直至目前为止一切都很顺利。,Zhízhì mùqiánwéizhǐ yíqiè dōu hěn shùnlì.,So far everything has been going well.,他好像做甚么事儿都很顺利。,Tā hǎoxiàng zuò shénme shìér dōu hěn shùnlì.,Everything seems to go right with him.
1698,顺序,shùnxù,sequence; order,名,名 n.,noun,4,4,请按照号码顺序排队。,Qǐng ànzhào hàomǎ shùnxù páiduì.,Please line up in numerical order.,这些步骤的顺序不能改变。,Zhèxiē bùzhòu de shùnxù bùnéng gǎibiàn.,The order of these steps cannot be changed.,老师按顺序点了每个学生的名字。,Lǎoshī àn shùnxù diǎn le měigè xuéshēng de míngzì.,The teacher called each student’s name in order.
1699,说法,shuōfǎ,way of speaking; wording,名,名 n.,noun,4,4,这种说法其实有点可疑。,Zhèzhǒng shuōfǎ qíshí yǒudiǎn kěyí.,This statement is actually kind of suspicious.,家属对军方的说法高度置疑。,Jiāshǔ duì jūnfāng de shuōfǎ gāodù zhìyí.,The family was highly doubtful of the statement from the military.,这个说法一下子就流行开来了。,Zhège shuōfǎ yíxiàzi jiù liúxíng kāilái le.,This saying suddenly became popular.
1700,说明,shuōmíng,caption; to explain,动、名,动 v.,verb; noun,4,4,你能帮我说明一下规则吗？,Nǐ néng bāng wǒ shuōmíng yíxià guīzé ma?,Will you explain the rule to me?,这正可以说明你是个骗子。,Zhè zhèng kěyǐ shuōmíng nǐ shì gè piànzi.,That just goes to show that you are a liar.,这正可以说明您是个骗子。,Zhè zhèng kěyǐ shuōmíng nín shì gè piànzi.,That just goes to prove that you are a liar.
1701,说明书,shuōmíngshū,synopsis; (technical) manual,名,名 n.,noun,4,4,吃药之前一定要仔细看说明书。,Chīyào zhīqián yídìng yào zǐxì kàn shuōmíngshū.,When taking drugs; follow the directions on the bottle carefully.,要是当时有好好读说明书就好了。,Yàoshì dāngshí yǒu hǎohǎo dú shuōmíngshū jiù hǎo le.,If only I read the user manual properly.,这种说明书应该写得简单易懂一点。,Zhèzhǒng shuōmíngshū yīnggāi xiě dé jiǎndān yìdǒng yìdiǎn.,Such manuals should be written in simpler language.
1702,硕士,shuòshì,master's degree; learned person,名,名 n.,noun,4,4,她正在读教育学硕士。,Tā zhèngzài dú jiàoyùxué shuòshì.,She is studying for a master’s degree in education.,获得硕士学位后，他开始工作。,Huòdé shuòshìxuéwèi hòu; tā kāishǐ gōngzuò.,After earning a master’s degree; he began working.,这个职位要求申请人具有硕士学历。,Zhège zhíwèi yāoqiú shēnqǐngrén jùyǒu shuòshì xuélì.,This position requires applicants to have a master’s degree.
1703,死,sǐ,to die; impassable,动、形、（副）,动 v.,verb; adjective; adverb,4,4（5）,上帝死了。我们杀死了他。,Shàngdì sǐ le. wǒmen shāsǐ le tā.,God died. We killed Him.,我出生前，我父亲就死了。,Wǒ chūshēng qián; wǒ fùqīn jiù sǐ le.,My dad died before I was born.,我宁愿死也不要跟你结婚！,Wǒ nìngyuàn sǐ yě búyào gēn nǐ jiéhūn!,I'd rather die than marry you!
1704,速度,sùdù,speed; rate,名,名 n.,noun,4,4,齐里移动的速度快多了。,Qí lǐ yídòng de sùdù kuài duō le.,Ziri was moving much faster.,你应该以安全速度驾驶。,Nǐ yīnggāi yǐ ānquán sùdù jiàshǐ.,You should drive at a safe speed.,为什么我的翻墙软件速度很慢？,Wèishénme wǒ de fānqiáng ruǎnjiàn sùdù hěn màn?,Why is my VPN so slow?
1705,塑料,sùliào,plastics,名,名 n.,noun,4,4,这些箱子是由塑料制成的。,Zhèxiē xiāngzi shì yóu sùliào zhìchéng de.,These boxes are made of plastic.,塑料盘子在烤箱里会化的。,Sùliào pánzi zài kǎoxiāng lǐ huì huà de.,A plastic dish will melt on the stove.,塑料代替了许多传统的原料。,Sùliào dàitì le xǔduō chuántǒng de yuánliào.,Plastics have taken the place of many conventional materials.
1706,酸,suān,sour; tart,形,形 adj.,adjective,4,4,这果子还太酸，没法吃。,Zhè guǒzi hái tài suān; méifǎ chī.,The fruit is still too sour to eat.,酸会和金属物质起化学反应。,Suān huì hé jīnshǔ wùzhì qǐ huàxuéfǎnyìng.,Acids react chemically with metals.,第二天我的腿很酸。,Dìèrtiān wǒ de tuǐ hěn suān.,I had sore legs the next day.
1707,酸奶,suānnǎi,yogurt,名,名 n.,noun,4,4,这个酸奶是什么口味的？,Zhège suānnǎi shì shénme kǒuwèi de?,What flavour does this yoghurt have?,你喜欢什么牌子的酸奶？,Nǐ xǐhuān shénme páizi de suānnǎi?,What's your favorite brand of yogurt?,她喜欢吃草莓味的酸奶。,Tā xǐhuān chī cǎoméi wèi de suānnǎi.,She likes to drink strawberry-flavored yogurt.
1708,算,suàn,to regard as; to figure,动、副,动 v.,verb; adverb,4,4,我正在算有多少人在那里。,Wǒ zhèngzài suàn yǒu duōshǎo rén zài nàlǐ.,I'm counting how many people there are.,算一算你花了多少钱买书。,Suàn yí suàn nǐ huā le duōshǎo qián mǎi shū.,Try to estimate how much you spent on books.,她还算满意自己的薪资。,Tā hái suàn mǎnyì zìjǐ de xīnzī.,She is content with her present salary.
1709,随便,suíbiàn,as one wishes; as one pleases,动、形、连,动 v.,verb; adjective; conjunction,4,4,我不能这么随便地请病假。,Wǒ bùnéng zhème suíbiàn dì qǐng bìngjià.,I can't just call in sick.,到5号轨道乘随便什么火车。,Dào 5 hào guǐdào chéng suíbiàn shénme huǒchē.,Take any train on track 5.,我三时左右随便吃了点东西。,Wǒ sān shí zuǒyòu suíbiàn chī le diǎn dōngxī.,I had a bite at around 3 o'clock.
1710,随着,suízhe,along with; following,介,介 prep.,preposition,4,4,她的美貌会随着时间而流逝。,Tā de měimào huì suízhe shíjiān ér liúshì.,Her beauty will fade in time.,我无奈只得跟随着她。,Wǒ wúnài zhǐdé gēn suízhe tā.,I was compelled to follow her.,随着故事的进行，谜题揭开了。,Suízhe gùshì de jìnxíng; mítí jiēkāi le.,As the story advances; the mystery unravels.
1711,孙女,sūnnǚ,son's daughter; granddaughter,名,名 n.,noun,4,4,奶奶每天去接孙女放学。,Nǎinǎi měitiān qù jiē sūnnǚ fàngxué.,Grandma picks up her granddaughter from school every day.,他的孙女今年五岁。,Tā de sūnnǚ jīnnián wǔsuì.,His granddaughter is five years old this year.,爷爷给孙女讲了一个故事。,Yéyé gěi sūnnǚ jiǎng le yígè gùshì.,Grandpa told his granddaughter a story.
1712,孙子,sūnzi,Sun Tzu; grandson,名,名 n.,noun,4,4,我的孙子还是个婴儿。,Wǒ de sūnzi háishì gè yīngér.,My grandson is still a baby.,传说彭祖是天帝的孙子。,Chuánshuō péngzǔ shì tiāndì de sūnzi.,It is said that Peng Zu was the grandson of a celestial emperor.,您有孙子、孙女吗?,Nín yǒu sūnzi; sūnnǚ ma?,Do you have grandchildren?
1713,所有,suǒyǒu,all; to have,形、（动、名）,形 adj.,adjective; verb; noun,4,4（5）,我把我所有的房子都卖了。,Wǒ bǎ wǒ suǒyǒu de fángzi dōu mài le.,I sold all my houses.,所有杰克做的事就是睡觉。,Suǒyǒu jiékè zuò de shì jiùshì shuìjiào.,All Jack does is sleep.,我做完了所有的回家作业。,Wǒ zuò wán le suǒyǒu de huíjiā zuòyè.,All my homework is done.
1714,台,tái,desk; table,量、（名）,量 m.w.,measure word; noun,4,4（5）,这台电脑是你的，不是吗？,Zhè tái diànnǎo shì nǐ de; búshì ma?,This computer is yours; right?,这台电脑你用多少钱买的？,Zhè tái diànnǎo nǐ yòng duōshǎo qián mǎi de?,How much was your new computer?,这台电脑是用电池供电的。,Zhè tái diànnǎo shì yòng diànchí gōngdiàn de.,This computer runs on batteries.
1715,抬,tái,to lift; to raise,动,动 v.,verb,4,4,她累得连脚也抬不起来了。,Tā lèi dé lián jiǎo yě tái bù qǐlái le.,She was so tired that she couldn't walk.,咱把家具抬上楼吧。,Zán bǎ jiājù tái shànglóu ba.,Let's take the furniture upstairs.,帮我抬包裹。,Bāng wǒ tái bāoguǒ.,Help me lift the package.
1716,抬头,táitóu,to raise head; to gain ground,动,动 v.,verb,4,4,她抬头望向天空。,Tā táitóu wàng xiàng tiānkōng.,She looked up at the sky.,他抬头望著天空。,Tā táitóu wàng zhù tiānkōng.,He was looking upward to the sky.,她抬头看著他。,Tā táitóu kàn zhù tā.,She lifted up her head and looked at him.
1717,态度,tàidù,manner; bearing,名,名 n.,noun,4,4,他常以反抗的态度对我们。,Tā cháng yǐ fǎnkàng de tàidù duì wǒmen.,He often takes a defiant attitude toward us.,我无法忍受她傲慢的态度。,Wǒ wúfǎrěnshòu tā àomàn de tàidù.,I couldn't put up with her arrogant behavior.,我不喜欢她说话的态度。,Wǒ bù xǐhuān tā shuōhuà de tàidù.,I don't like the way she speaks.
1718,弹,tán,crossomeoneall; bullet,动,动 v.,verb,4,4,我会弹钢琴。,Wǒ huì tán gāngqín.,I can play the piano.,她每天练习弹吉他。,Tā měitiān liànxí tán jítā.,She practices playing the guitar every day.,他弹得越来越好了。,Tā tán de yuèláiyuè hǎo le.,He is playing better and better.
1719,谈,tán,to chat; to speak,动,动 v.,verb,4,4,他们谈计划谈了几个小时。,Tāmen tán jìhuà tán le jǐgè xiǎoshí.,They talked over the plan for hours.,我们坐着谈很久以前的事。,Wǒmen zuò zhe tán hěnjiǔyǐqián de shì.,We sat talking about the remote past.,聚会上我和他谈得很愉快。,Jùhuì shàng wǒ hé tā tán dé hěn yúkuài.,I enjoyed talking with him at the party.
1720,汤,tāng,rushing current; soup,名,名 n.,noun,4,4,汤尼英语说得和你一样好。,Tāng ní yīngyǔ shuō dé hé nǐ yíyàng hǎo.,Tony speaks English as well as you.,这锅墩汤闻起来真美味。,Zhè guō dūn tāng wén qǐlái zhēn měiwèi.,The stew smells delicious.,这碗汤大咸了，喝不下。,Zhè wǎn tāng dà xián le; hē búxià.,This soup is too salty to eat.
1721,躺,tǎng,to recline; to lie down,动,动 v.,verb,4,4,我家的狗经常躺在草地上。,Wǒjiā de gǒu jīngcháng tǎng zài cǎodì shàng.,My dog often lies on the grass.,她在草地上躺了下来。,Tā zài cǎodì shàng tǎng le xiàlái.,She laid herself on the grass.,我觉得我要躺一下了。,Wǒ juéde wǒ yào tǎng yíxià le.,I think I'll lie down for a while.
1722,趟,tàng,to wade; to trample,量,量 m.w.,measure word,4,4,等一下，我得去趟洗手间。,Děng yíxià; wǒ dé qù tàng xǐshǒujiān.,Hang on; I need to go to the bathroom.,明天我要从香港去趟内地。,Míngtiān wǒ yào cóng xiānggǎng qù tàng nèidì.,Tomorrow; I am coming back from Hong Kong to the mainland.,这趟火车有卧铺车吗？,Zhè tàng huǒchē yǒu wòpùchē ma?,Does this train have a sleeping car?
1723,讨论,tǎolùn,to discuss; to talk over,动,动 v.,verb,4,4,我们明天讨论这件事好吗？,Wǒmen míngtiān tǎolùn zhèjiàn shì hǎo ma?,Let's discuss this tomorrow.,昨天我们讨论了这个计划。,Zuótiān wǒmen tǎolùn le zhège jìhuà.,We discussed the plan yesterday.,这个计划现在正在讨论中。,Zhège jìhuà xiànzài zhèngzài tǎolùn zhōng.,This plan is being discussed right now.
1724,讨厌,tǎoyàn,to dislike; to loathe,形、动,形 adj.,adjective; verb,4,4,这些人讨厌所有的外国人。,Zhèxiē rén tǎoyàn suǒyǒu de wàiguórén.,These people hate all foreigners.,我真的很讨厌这种下雨天。,Wǒ zhēnde hěn tǎoyàn zhèzhòng xiàyǔtiān.,I am fed up with this wet weather.,我讨厌在情人节一人独处。,Wǒ tǎoyàn zài qíngrénjié yì rén dúchǔ.,I hate being alone on Valentine's Day.
1725,特点,tèdiǎn,trait; feature,名,名 n.,noun,4,4,这里的天气有独一无二的特点。,Zhèlǐ de tiānqì yǒu dúyìwúèr de tèdiǎn.,The weather here has its own unique characteristics.,中国有中国的特点。,Zhōngguó yǒu zhōngguó de tèdiǎn.,China has Chinese characteristics.,这种新型的城市生活有什么特点？,Zhèzhǒng xīnxíng de chéngshì shēnghuó yǒu shénme tèdiǎn?,What's new about this way of urban living?
1726,提,tí,to lift; to put forward,动,动 v.,verb,4,4,艾马提，我们需要更多肉！,Ài mǎ tí; wǒmen xūyào gèng duō ròu!,Emet; we need more meat!,你可以帮我提我的袋子吗?,Nǐ kěyǐ bāng wǒ tí wǒ de dàizi ma?,Could you carry my bags for me?,您的建议在会议上提过了。,Nín de jiànyì zài huìyì shàng tí guò le.,Your suggestion came up at the meeting.
1727,提出,tíchū,to propose; to put forward,动,动 v.,verb,4,4,她就那件事给他提出建议。,Tā jiù nàjiànshì gěi tā tíchū jiànyì.,She advised him on that matter.,我向她提出约会的请求。,Wǒ xiàng tā tíchū yuēhuì de qǐngqiú.,I asked her for a date.,我们提出了请求支持的呼吁。,Wǒmen tíchū le qǐngqiú zhīchí de hūyù.,We made an appeal for support.
1728,提到,tídào,to mention; to refer to,动,动 v.,verb,4,4,喔！你提到一个重点了。,Ō! nǐ tídào yígè zhòngdiǎn le.,You have a point there.,电台没有提到这个事故。,Diàntái méiyǒu tídào zhège shìgù.,The radio didn't mention the incident.,他没有提到她的请求。,Tā méiyǒu tídào tā de qǐngqiú.,He made no mention of her request.
1729,提供,tígōng,to offer; to supply,动,动 v.,verb,4,4,他们这里提供一流的美食。,Tāmen zhèlǐ tígōng yìliú de měishí.,They serve excellent food here.,这家餐厅提供纯素食菜吗？,Zhèjiā cāntīng tígōng chún sùshí cài ma?,Does this restaurant serve vegan dishes?,谁来为风险投资提供资金？,Shuí lái wèi fēngxiǎntóuzī tígōng zījīn?,Who will provide capital for the venture?
1730,提前,tíqián,in advance; to shift to an earlier date,动,动 v.,verb,4,4,她提前一小时完成了工作。,Tā tíqián yì xiǎoshí wánchéng le gōngzuò.,She finished her work an hour in advance.,有些学生会提前参加考试。,Yǒuxiē xuéshēnghuì tíqián cānjiākǎoshì.,Some students take exams ahead of schedule.,我不想把结局提前透露给你。,Wǒ bùxiǎng bǎ jiéjú tíqián tòulù gěi nǐ.,I don't want to spoil the ending for you.
1731,提醒,tíxǐng,to remind; to warn of,动,动 v.,verb,4,4,请提醒我明天把报告寄了。,Qǐng tíxǐng wǒ míngtiān bǎ bàogào jì le.,Please remind me to mail the report tomorrow.,如果我忘记了请提醒我。,Rúguǒ wǒ wàngjì le qǐng tíxǐng wǒ.,In case I forget; please remind me.,我提醒他要去会见总裁。,Wǒ tíxǐng tā yào qù huìjiàn zǒngcái.,I reminded him of his interview with the president.
1732,体检,tǐjiǎn,medical checkup; physical exam,动,动 v.,verb,4,4,公司要求新员工参加体检。,Gōngsī yāoqiú xīn yuángōng cānjiā tǐjiǎn.,The company requires new employees to have a physical exam.,我每年都会做一次体检。,Wǒ měinián dū huì zuò yícì tǐjiǎn.,I have a physical checkup every year.,体检结果下周可以查看。,Tǐjiǎn jiéguǒ xiàzhōu kěyǐ chákàn.,The physical-exam results will be available next week.
1733,体温,tǐwēn,(body) temperature,名,名 n.,noun,4,4,一个护士量了我的体温。,Yígè hùshì liàng le wǒ de tǐwēn.,A nurse took my temperature.,医生治疗了他们的降低体温。,Yīshēng zhìliáo le tāmen de jiàngdī tǐwēn.,They were treated for hypothermia.,我每六小时量一次体温。,Wǒ měi liùxiǎoshí liàng yícì tǐwēn.,I took my temperature every six hours.
1734,体重,tǐzhòng,body weight,名,名 n.,noun,4,4,他的体重超过80公斤。,Tā de tǐzhòng chāoguò 80 gōngjīn.,He is over 80 kilos.,我用浴室的体重计量了体重。,Wǒ yòng yùshì de tǐzhòng jìliàng le tǐzhòng.,I weighed myself on the bathroom scales.,最近我的体重减少了。,Zuìjìn wǒ de tǐzhòng jiǎnshǎo le.,I've lost weight recently.
1735,填写,tiánxiě,to fill in a form; to write data in a box (on a questionnaire or web form),动,动 v.,verb,4,4,确保亲自填写注册表格。,Quèbǎo qīnzì tiánxiě zhùcè biǎogé.,Be sure to fill out the registration form in person.,您只需填写这个表格就可以了。,Nín zhǐ xū tiánxiě zhège biǎogé jiù kěyǐ le.,All you have to do is fill in this form.,请先填写这张表格。,Qǐng xiān tiánxiě zhè zhāng biǎogé.,Please fill out this form first.
1736,条件,tiáojiàn,condition; circumstance,名,名 n.,noun,4,4,我不想在这些条件下工作。,Wǒ bùxiǎng zài zhèxiē tiáojiàn xià gōngzuò.,I don't want to work under these conditions.,人们的生活条件越来越好了。,Rénmen de shēnghuó tiáojiàn yuèláiyuè hǎo le.,People's living conditions are getting better and better.,孩子学钢琴要具备哪些条件？,Háizi xué gāngqín yào jùbèi nǎxiē tiáojiàn?,What are the prerequisites for a child to learn the piano?
1737,听力,tīnglì,hearing; listening ability,名,名 n.,noun,4,4,我外父太老了，听力不好。,Wǒ wàifù tài lǎo le; tīnglì bùhǎo.,Because of his age; my grandfather doesn't hear well.,我爷爷的听力不太好。,Wǒ yéyé de tīnglì bútàihǎo.,My grandfather is a bit hard of hearing.,早安，师傅。我应该怎么样提高听力能力？,Zǎoān; shīfù. wǒ yīnggāi zěnmeyàng tígāo tīnglì nénglì?,Good day; lords. In what way can I refine upon my adroitness in aural comprehension?
1738,听众,tīngzhòng,audience; listeners,名,名 n.,noun,4,4,他知道如何去吸引他的听众。,Tā zhīdào rúhé qù xīyǐn tā de tīngzhòng.,He knows how to captivate his audience.,她的演说感动了听众。,Tā de yǎnshuō gǎndòng le tīngzhòng.,Her speech moved the audience.,你估计听众有多少?,Nǐ gūjì tīngzhòng yǒu duōshǎo?,How large is the audience?
1739,停,tíng,to stop; to halt,动,动 v.,verb,4,4,我能把我的车停在这儿吗？,Wǒ néng bǎ wǒ de chē tíng zài zhèér ma?,Could I park my car here?,我们的火车突然停了下来。,Wǒmen de huǒchē tūrán tíng le xiàlái.,Our train stopped suddenly.,你不能把你的车停在这里。,Nǐ bùnéng bǎ nǐ de chē tíng zài zhèlǐ.,You can't park your car here.
1740,停车,tíngchē,to park; to stop working,动,动 v.,verb,4,4,我们有在这里停车的许可。,Wǒmen yǒu zài zhèlǐ tíngchē de xǔkě.,We got permission to park here.,这列火车在昆山车站停车吗？,Zhè liè huǒchē zài kūnshān chēzhàn tíngchē ma?,Does this train stop at Kunshan station?,你不能在这附近停车。,Nǐ bùnéng zài zhè fùjìn tíngchē.,You can't park around here.
1741,停车场,tíngchēchǎng,parking lot; car park,名,名 n.,noun,4,4,我们花了很长时间找停车场。,Wǒmen huā le hěn zhǎngshíjiān zhǎo tíngchēchǎng.,We spent a lot of time looking for a parking lot.,我们有一个顾客专用的停车场。,Wǒmen yǒu yígè gùkè zhuānyòng de tíngchēchǎng.,We have a parking lot for the customers.,停车场是免费的。,Tíngchēchǎng shì miǎnfèi de.,The parking lot is free of charge.
1742,停止,tíngzhǐ,to stop; to halt,动,动 v.,verb,4,4,莎米的心几乎停止了跳动。,Shā mǐ de xīn jīhū tíngzhǐ le tiàodòng.,Sami's heart almost stopped.,他们是不会停止折磨我的。,Tāmen shì búhuì tíngzhǐ zhémó wǒ de.,They wouldn't stop torturing me.,停止，不然我就开枪了。,Tíngzhǐ; bùrán wǒ jiù kāiqiāng le.,Stop; or I'll shoot.
1743,通,tōng,to go through; to know well,动、形、（量）,动 v.,verb; adjective; measure word,4,4（7-9）,这里头没有一件事说得通。,Zhèlǐ tóu méiyǒu yíjiàn shì shuō dé tōng.,None of this makes any sense.,我们跟叔叔通了电话。,Wǒmen gēn shūshū tōng le diànhuà.,We talked on the phone with our uncle.,他能通英语甚至法语。,Tā néng tōng yīngyǔ shènzhì fǎyǔ.,He can speak not only English; but also French.
1744,通过,tōngguò,to pass through; to get through,动、介,动 v.,verb; preposition,4,4,我通过了一个语言的考试。,Wǒ tōngguò le yígè yǔyán de kǎoshì.,I passed a language test.,该法案在两议院获得通过。,Gāi fǎàn zài liǎng yìyuàn huòdé tōngguò.,The bill passed both Houses.,尼克没有通过考试，是吗？,Níkè méiyǒu tōngguò kǎoshì; shì ma?,Nick didn't pass the exam; did he?
1745,通知,tōngzhī,to notify; to inform,动、名,动 v.,verb; noun,4,4,她来到的时候我会通知你。,Tā láidào de shíhòu wǒhuì tōngzhī nǐ.,I'll let you know when she arrives.,他把交通事故通知了警察。,Tā bǎ jiāotōngshìgù tōngzhī le jǐngchá.,He notified the police of the traffic accident.,如果你要改变主意，通知我。,Rúguǒ nǐ yào gǎibiàn zhǔyì; tōngzhī wǒ.,Should you change your mind; let me know.
1746,童年,tóngnián,childhood,名,名 n.,noun,4,4,她的故事带我回到了童年。,Tā de gùshì dài wǒ huídào le tóngnián.,Her story took me back to my childhood.,那首歌总是让我忆起童年。,Nàshǒugē zǒngshì ràng wǒ yìqǐ tóngnián.,That song always reminds me of my childhood.,这首歌勾起了我童年的回忆。,Zhè shǒugē gōuqǐ le wǒ tóngnián de huíyì.,This song reminds me of my childhood.
1747,同时,tóngshí,simultaneously; at the same time,名、连,名 n.,noun; conjunction,4,4,她可以同时做这两件事。,Tā kěyǐ tóngshí zuò zhè liǎngjiànshì.,She can do both at the same time.,你能同时做多少个工作？,Nǐ néng tóngshí zuò duōshǎo gè gōngzuò?,How many jobs can you do at once?,我不能同时注意两件事。,Wǒ bùnéng tóngshí zhùyì liǎngjiànshì.,I can't focus on two things at the same time.
1748,同样,tóngyàng,same; equal,形,形 adj.,adjective,4,4,她犯了和以前同样的错误。,Tā fàn le hé yǐqián tóngyàng de cuòwù.,She made the same mistake as before.,小人物同样可以创造历史。,Xiǎorénwù tóngyàng kěyǐ chuàngzào lìshǐ.,Small timers can also create history.,她又犯了同样的错误了。,Tā yòu fàn le tóngyàng de cuòwù le.,She made the same mistake again.
1749,桶,tǒng,bucket; barrel,名,名 n.,noun,4,4,我将水倒入了桶中。,Wǒ jiāng shuǐ dàorù le tǒng zhōng.,I poured water into the bucket.,酒被放在桶里发酵。,Jiǔ bèi fàngzài tǒng lǐ fājiào.,Wine is put in barrels to mature.,这个桶装满了水。,Zhège tǒng zhuāngmǎn le shuǐ.,The bucket was full of water.
1750,痛,tòng,ache; pain,形、（副）,形 adj.,adjective; adverb,4,4（7-9）,我下次会注意啦，好痛喔。,Wǒ xiàcì huì zhùyì la; hǎo tòng ō.,Oww; it hurts. I'll pay attention next time.,萨米手上的割伤犯痛了。,Sàmǐ shǒushàng de gēshāng fàn tòng le.,Sami's cut bit his hand.,我今天起床的时候脖子很痛。,Wǒ jīntiān qǐchuáng de shíhòu bózi hěn tòng.,I got up today with a pain in my neck.
1751,头痛,tóutòng,headache; head hurts,形,形 adj.,adjective,4,4,我这次头痛就是好不起来。,Wǒ zhècì tóutòng jiùshì hǎo bù qǐlái.,I can't get rid of this headache.,他正遭受严重头痛的困扰。,Tā zhèng zāoshòu yánzhòng tóutòng de kùnrǎo.,He was suffering from a bad headache.,一杯咖啡纾解了我的头痛。,Yìbēi kāfēi shūjiě le wǒ de tóutòng.,A cup of coffee relieved me of my headache.
1752,图,tú,diagram; picture,名、（动）,名 n.,noun; verb,4,4（7-9）,图姆要大家以为他死亡了。,Tú mǔ yào dàjiā yǐwéi tā sǐwáng le.,Tom wanted everyone to think he'd died.,他的爱好是画有花的图。,Tā de àihào shì huà yǒu huā de tú.,His hobby is painting pictures of flowers.,让我用一张图来说明。,Ràng wǒ yòng yìzhāng tú lái shuōmíng.,Let me explain it with a diagram.
1753,图片,túpiàn,picture; photograph,名,名 n.,noun,4,4,为什么你要烧这些图片呢？,Wèishénme nǐ yào shāo zhèxiē túpiàn ne?,Why are you burning these pictures?,这张图片经过数位修改。,Zhè zhāng túpiàn jīngguò shùwèi xiūgǎi.,The image was digitally altered.,他们在相册里面加了些图片。,Tāmen zài xiàngcè lǐmiàn jiā le xiē túpiàn.,They add pictures to their album.
1754,土,tǔ,earth; dust,名、（形）,名 n.,noun; adjective,4,4（6）,她更新了花盆里的土。,Tā gēngxīn le huāpénlǐ de tǔ.,She renewed the soil in the flower pot.,今天下这么大的雨，土松着呢。,Jīntiān xià zhème dà de yǔ; tǔ sōng zhe ne.,It is still raining a lot today; and the soil is being broken up.,溥天之下，莫非王土；率土之滨，莫非王臣。,Pǔ tiān zhīxià; mòfēi wáng tǔ; lǜtǔzhībīn; mòfēi wáng chén.,Under the vast heaven; no land is not the king's land; at the edges of the land; no one is not the king's subject.
1755,推,tuī,to push forward; to cut,动,动 v.,verb,4,4,你少把一切都推到他头上。,Nǐ shǎo bǎ yíqiè dōu tuī dào tā tóushàng.,Don’t you try and blame this on him.,土耳其禁止了推特的访问。,Tǔěrqí jìnzhǐ le tuī tè de fǎngwèn.,Turkey has blocked access to Twitter.,推特就是荒谬的绝佳例子。,Tuī tè jiùshì huāngmiù de juéjiā lìzi.,Twitter is a good example of absurdity.
1756,推迟,tuīchí,to postpone; to put off,动,动 v.,verb,4,4,她推迟了去墨西哥的行程。,Tā tuīchí le qù mòxīgē de xíngchéng.,She put off going to Mexico.,他决定推迟他出发的日期。,Tā juédìng tuīchí tā chūfā de rìqī.,He decided he would put off his departure.,聚会已经推迟到了下周二。,Jùhuì yǐjīng tuīchí dào le xià zhōuèr.,The party has been put off until next Tuesday.
1757,推出,tuīchū,to push out; to release,动,动 v.,verb,4,4,他们推出了新型弹道飞弹。,Tāmen tuīchū le xīnxíng dàndàofēidàn.,They unveiled new ballistic missiles.,她把他推出窗户。,Tā bǎ tā tuīchū chuānghù.,She pushed him out the window.,舅舅的公司上个月推出了一款新产品。,Jiùjiù de gōngsī shànggèyuè tuīchū le yìkuǎn xīn chǎnpǐn.,My uncle's company launched a new product last month.
1758,脱,tuō,to escape; to shed,动,动 v.,verb,4,4,蕾拉脱了衣服，赚到了钱。,Lěi lā tuō le yīfú; zhuàn dào le qián.,Layla stripped and made money.,他们在她眼前脱下我的衣服。,Tāmen zài tā yǎnqián tuō xià wǒ de yīfú.,They took off my clothes in front of her eyes.,你把袜子脱在哪儿了？,Nǐ bǎ wàzi tuō zài nǎér le?,Where did you take your socks off?
1759,袜子,wàzi,socks; stockings,名,名 n.,noun,4,4,你的袜子破了一个洞呀。,Nǐ de wàzi pò le yígè dòng ya.,There is a hole in your sock.,他将袜子的里外穿反了。,Tā jiāng wàzi de lǐwài chuān fǎn le.,He had his socks on inside out.,只有鞋子知道袜子的洞。,Zhǐyǒu xiézi zhīdào wàzi de dòng.,Only shoes know about holes in socks.
1760,外出,wàichū,to go out; to go away,动,动 v.,verb,4,4,孩子们不喜欢摸黑外出。,Háizi men bù xǐhuān mōhēi wàichū.,Children don't like to go out in the dark.,我曾经每周末都和朋友外出。,Wǒ céngjīng měi zhōumò dōu hé péngyǒu wàichū.,I used to go out with friends every weekend.,晚饭后你不可以外出。,Wǎnfàn hòu nǐ bù kěyǐ wàichū.,You must not go out after dinner.
1761,外套,wàitào,coat; jacket,名,名 n.,noun,4,4,她穿了一件宽松的长外套。,Tā chuān le yíjiàn kuānsōng de zhǎng wàitào.,She wore a long; loose coat.,她披上一件外套，上了路。,Tā pīshàng yíjiàn wàitào; shàng le lù.,She threw on a coat and set off.,我认为这外套应该适合你。,Wǒ rènwéi zhè wàitào yīnggāi shìhé nǐ.,I think this coat should fit you.
1762,完全,wánquán,complete; whole,形、副,形 adj.,adjective; adverb,4,4,我完全记不起你的名字了。,Wǒ wánquán jì bù qǐ nǐ de míngzì le.,I quite forget your name.,这个问题已经完全解决了。,Zhège wèntí yǐjīng wánquán jiějué le.,The matter is all settled.,我完全不知道他去哪里了。,Wǒ wánquán bù zhīdào tā qù nǎlǐ le.,I have no idea where he has gone.
1763,晚安,wǎn’ān,Good night!; Good evening!,动,动 v.,verb,4,4,晚安。祝你做个好梦。,Wǎnān. zhù nǐ zuò gè hǎo mèng.,Good night. Sweet dreams.,我要睡觉了，晚安。,Wǒ yào shuìjiào le; wǎnān.,I've got to go to bed. Good night.,我要睡了。晚安。,Wǒ yào shuì le. wǎnān.,I'm going to bed. Good night.
1764,晚餐,wǎncān,evening meal; dinner,名,名 n.,noun,4,4,晚餐之后你才可以看电视。,Wǎncān zhīhòu nǐ cái kěyǐ kàndiànshì.,You can watch TV after supper.,我们在晚上九点时吃晚餐。,Wǒmen zài wǎnshàng jiǔdiǎn shí chī wǎncān.,We have our evening meal at 9 here.,我的朋友邀请我去吃晚餐。,Wǒ de péngyǒu yāoqǐng wǒ qù chī wǎncān.,My friend invited me to go out to dinner.
1765,网购,wǎnggòu,to shop online; online shopping,动,动 v.,verb,4,4,现在很多人喜欢网购。,Xiànzài hěnduō rén xǐhuān wǎng gòu.,Many people now enjoy shopping online.,网购前要注意商品评价。,Wǎng gòu qián yào zhùyì shāngpǐn píngjià.,Check product reviews before shopping online.,她通过网购买了一件毛衣。,Tā tōngguò wǎng gòumǎi le yíjiàn máoyī.,She bought a sweater online.
1766,往往,wǎngwǎng,usually; in many cases,副,副 adv.,adverb,4,4,女人往往比男人活得更长。,Nǚrén wǎngwǎng bǐ nánrén huó dé gèng zhǎng.,Women tend to live longer than men.,温度计往往低于零度。,Wēndùjì wǎngwǎng dīyú língdù.,Thermometers often go below zero.,红发的人往往有雀斑。,Hóng fā de rén wǎngwǎng yǒu quèbān.,Red-haired people tend to have freckles.
1767,网页,wǎngyè,web page,名,名 n.,noun,4,4,这个网页打开得很慢。,Zhège wǎngyè dǎkāi dé hěn màn.,This web page loads very slowly.,请把报名网页发给我。,Qǐng bǎ bàomíng wǎngyè fāgěi wǒ.,Please send me the registration web page.,网页上有详细的课程介绍。,Wǎngyè shàng yǒu xiángxì de kèchéng jièshào.,The web page contains a detailed course introduction.
1768,网友,wǎngyǒu,online friend; Internet user,名,名 n.,noun,4,4,我在网上认识了一位网友。,Wǒ zài wǎngshàng rènshí le yíwèi wǎngyǒu.,I met an online friend on the internet.,很多网友支持这个计划。,Hěnduō wǎngyǒu zhīchí zhège jìhuà.,Many internet users support this plan.,网友们正在讨论这条新闻。,Wǎngyǒu men zhèngzài tǎolùn zhè tiáo xīnwén.,Internet users are discussing this news.
1769,网址,wǎngzhǐ,website; web address,名,名 n.,noun,4,4,请把学校的网址发给我。,Qǐng bǎ xuéxiào de wǎngzhǐ fāgěi wǒ.,Please send me the school’s website address.,我在浏览器里输入了网址。,Wǒ zài liúlǎnqì lǐ shūrù le wǎngzhǐ.,I entered the web address in the browser.,这个网址已经不能打开了。,Zhège wǎngzhǐ yǐjīng bùnéng dǎkāi le.,This web address no longer works.
1770,危险,wēixiǎn,dangerous,形、名,形 adj.,adjective; noun,4,4,他没有意识到自己有危险。,Tā méiyǒu yìshí dào zìjǐ yǒu wēixiǎn.,He was not aware of the danger.,我不觉得你会有任何危险。,Wǒ bù juédé nǐ huì yǒu rènhé wēixiǎn.,I don't think you're in any danger.,士兵们对危险习以为常。,Shìbīng men duì wēixiǎn xíyǐwéicháng.,Soldiers are used to danger.
1771,为,wéi,to do; to act as,动,动 v.,verb,4,4,这次活动分为三个部分。,Zhècì huódòng fēnwéi sāngè bùfèn.,This activity is divided into three parts.,他长大后成为了一名医生。,Tā zhǎngdà hòu chéngwéi le yìmíng yīshēng.,He became a doctor after growing up.,大家都以她为榜样。,Dàjiā dōu yǐ tā wèi bǎngyàng.,Everyone regards her as a role model.
1772,味,wèi,taste; flavor,名,名 n.,noun,4,4,这个西瓜吃起来有大蒜味。,Zhège xīguā chī qǐlái yǒu dàsuàn wèi.,This watermelon tastes like garlic.,这个冰淇淋不是草莓味的。,Zhège bīngqílín búshì cǎoméi wèi de.,This ice cream is not strawberry flavoured.,她不喜欢吃椰子味的东西。,Tā bù xǐhuān chī yēzi wèi de dōngxī.,She does not like to eat coconut-flavored things.
1773,味道,wèidào,flavor; taste,名,名 n.,noun,4,4,这道菜里有点大蒜的味道。,Zhè dàocài lǐ yǒudiǎn dàsuàn de wèidào.,This dish has a bit of garlic flavor.,咳嗽糖浆有股甘草的味道。,Késòu tángjiāng yǒu gǔ gāncǎo de wèidào.,The cough syrup has a licorice flavoring.,新鲜出炉的蛋挞味道一流。,Xīnxiānchūlú de dàn tà wèidào yìliú.,Egg tarts; when freshly baked; are a real delicacy.
1774,卫生,wèishēng,health; hygiene,形、名,形 adj.,adjective; noun,4,4,我刚把你家的卫生做完。,Wǒ gāng bǎ nǐjiā de wèishēng zuò wán.,I just finished cleaning your place.,这食物不卫生。,Zhè shíwù bú wèishēng.,This food is unhygienic.,中国的卫生当局正在采取措施来阻止冠状病毒的传播。,Zhōngguó de wèishēng dāngjú zhèngzài cǎiqǔcuòshī lái zǔzhǐ guānzhuàngbìngdú de chuánbō.,China's health authorities are taking steps to stop the spread of the coronavirus.
1775,温度,wēndù,temperature,名,名 n.,noun,4,4,今天早上温度降到了零下。,Jīntiān zǎoshàng wēndù jiàngdào le língxià.,The temperature has fallen below zero this morning.,北极与南极的温度不一样。,Běijí yǔ nánjí de wēndù bù yíyàng.,The temperature at the North Pole is different from at the South Pole.,这里很热，温度是 26 度。,Zhèlǐ hěn rè; wēndù shì 26 dù.,It's very hot here; it's 26 degrees.
1776,闻,wén,to hear; news,动,动 v.,verb,4,4,纯素食者们闻起来更好。,Chún sùshízhě men wén qǐlái gènghǎo.,Vegans smell better.,这锅墩汤闻起来真美味。,Zhè guō dūn tāng wén qǐlái zhēn měiwèi.,The stew smells delicious.,不是所有的酯闻起来都很香。,Búshì suǒyǒu de zhǐ wén qǐlái dōu hěn xiāng.,Not all esters smell good.
1777,文件,wénjiàn,document; file,名,名 n.,noun,4,4,我的公事包里装满了文件。,Wǒ de gōngshìbāo lǐ zhuāngmǎn le wénjiàn.,My briefcase is full of papers.,我的文件在那个箱子里。,Wǒ de wénjiàn zài nàge xiāngzi lǐ.,My papers were in that box.,你把文件存到哪个文件夹了?,Nǐ bǎ wénjiàn cún dào nǎge wénjiànjiā le?,In which folder did you save the file?
1778,文章,wénzhāng,article; essay,名,名 n.,noun,4,4,这是篇信息量很大的文章。,Zhè shì piān xìnxīliàng hěndà de wénzhāng.,This is a very informative article.,翻译文章时我们用了字典。,Fānyì wénzhāng shí wǒmen yòng le zìdiǎn.,When translating articles we used a dictionary.,文章开头讲了当前的形势。,Wénzhāng kāitóu jiǎng liǎo dàngqián de xíngshì.,The article begins with an account of the current situation.
1779,文字,wénzì,character; script,名,名 n.,noun,4,4,我没有时间翻译这段文字。,Wǒ méiyǒu shíjiān fānyì zhè duàn wénzì.,I don't have time to translate this text.,偶尔也会收录一些精彩的文字。,Ǒuěr yě huì shōulù yìxiē jīngcǎi de wénzì.,Occasionally; wondrous texts were included.,我最喜欢的德文字是「手套」。,Wǒ zuì xǐhuān de dé wénzì shì 「 shǒutào 」.,"My favorite word in German is the word for ""glove""."
1780,污染,wūrǎn,to pollute; to contaminate (lit. and fig.),动,动 v.,verb,4,4,手机如同马桶一样被细菌污染。,Shǒujī rútóng mǎtǒng yíyàng bèi xìjūn wūrǎn.,A cell phone is as contaminated with bacteria as a toilet is.,这水被石油污染了。,Zhè shuǐ bèi shíyóu wūrǎn le.,This water was polluted by oil.,废水经常污染海洋。,Fèishuǐ jīngcháng wūrǎn hǎiyáng.,Sewage often pollutes the ocean.
1781,无,wú,not to have; no,动,动 v.,verb,4,4,除死无大事，讨饭到了家。,Chú sǐ wú dàshì; tǎofàn dào le jiā.,When only death remains; the last resort is to beg for food.,所有病人最终无一生还。,Suǒyǒu bìngrén zuìzhōng wú yìshēng huán.,All the patients eventually died.,山上无老虎，猴子称大王。,Shānshàng wú lǎohǔ; hóuzi chēng dàwáng.,When there is no tigers in mountains; the monkey becomes the king.
1782,无法,wúfǎ,incapable; unable,动,动 v.,verb,4,4,我无法表达我对你的感谢。,Wǒ wúfǎ biǎodá wǒ duì nǐ de gǎnxiè.,I can't thank you enough.,太热了所以我们无法工作。,Tài rè le suǒyǐ wǒmen wúfǎ gōngzuò.,It's too hot for us to work.,我无法独自面对这种生活。,Wǒ wúfǎ dúzì miànduì zhèzhǒng shēnghuó.,I can't face this life alone.
1783,无聊,wúliáo,bored; boring,形,形 adj.,adjective,4,4,珍过了一个很无聊的周末。,Zhēn guò le yígè hěn wúliáo de zhōumò.,Jane had a very boring weekend.,每天都这样岂不是很无聊！,Měitiān dōu zhèyàng qǐ búshì hěn wúliáo!,Spending every day like this must be boring!,他的演讲让我很无聊。,Tā de yǎnjiǎng ràng wǒ hěn wúliáo.,His speech bored me.
1784,无论,wúlùn,no matter what or how; regardless of whether...,连,连 conj.,conjunction,4,4,无论何时都要扣好安全带。,Wúlùn héshí dōu yào kòuhǎo ānquándài.,Fasten your seat belt at all times.,无论你去哪里我都会跟著你。,Wúlùn nǐ qù nǎlǐ wǒ dū huì gēn zhù nǐ.,I will follow you wherever you go.,无论从哪方面看，她很健康。,Wúlùn cóng nǎ fāngmiàn kàn; tā hěn jiànkāng.,To all appearances; she is healthy.
1785,午餐,wǔcān,luncheon,名,名 n.,noun,4,4,我们在两点钟吃了晚午餐。,Wǒmen zài liǎngdiǎnzhōng chī le wǎn wǔcān.,We had a late lunch at two.,我们在学校有一个早午餐。,Wǒmen zài xuéxiào yǒu yígè zǎo wǔcān.,We had an early lunch at school.,我和麦可在餐厅吃了午餐。,Wǒ hé mài kě zài cāntīng chī le wǔcān.,Michael and I had lunch at the restaurant.
1786,误会,wùhuì,to misunderstand; to mistake,动、名,动 v.,verb; noun,4,4,这只不过全是个大误会而已。,Zhè zhǐbúguò quán shì gè dà wùhuì éryǐ.,It's all just a big misunderstanding.,我们之间肯定有误会。,Wǒmen zhījiān kěndìng yǒu wùhuì.,There must be some misunderstanding between us.,我很抱歉误会了您。,Wǒ hěn bàoqiàn wùhuì le nín.,I'm sorry I misunderstood you.
1787,吸,xī,to breathe; to suck in,动,动 v.,verb,4,4,深吸一口气然后屏住气。,Shēn xī yìkǒuqì ránhòu bǐngzhù qì.,Take a breath and hold it.,每天吸一根香烟是个好习惯。,Měitiān xī yìgēn xiāngyān shì gè hǎo xíguàn.,Smoking one cigarette a day is a good habit.,你是不是吸毒吸傻了？,Nǐ shìbúshì xīdú xī shǎ le?,Do you have a drug problem?
1788,西部,xībù,western part,名,名 n.,noun,4,4,中国西部有很多美丽的风景。,Zhōngguó xībù yǒu hěnduō měilì de fēngjǐng.,Western China has a great deal of beautiful scenery.,这条铁路连接东部和西部。,Zhè tiáo tiělù liánjiē dōngbù hé xībù.,This railway connects the east and west.,他在西部工作了三年。,Tā zài xībù gōngzuò le sānnián.,He worked in the western region for three years.
1789,西红柿,xīhóngshì,tomato,名,名 n.,noun,4,4,茄子，胡萝卜，西红柿。,Qiézi; húluóbo; xīhóngshì.,Eggplant; carrot; tomato.,她在她花园里种西红柿。,Tā zài tā huāyuánlǐ zhǒng xīhóngshì.,She grows tomatoes in her garden.,梅格买了一罐西红柿。,Méi gé mǎi le yíguàn xīhóngshì.,Meg bought a can of tomatoes.
1790,吸引,xīyǐn,to attract; to appeal to,动,动 v.,verb,4,4,那座泳池看来的确很吸引人。,Nà zuò yǒngchí kànlái díquè hěn xīyǐn rén.,That pool really looks inviting.,他的演讲吸引了我们的注意。,Tā de yǎnjiǎng xīyǐn le wǒmen de zhùyì.,His speech captured our attention.,他知道如何去吸引他的听众。,Tā zhīdào rúhé qù xīyǐn tā de tīngzhòng.,He knows how to captivate his audience.
1791,细,xì,thin or slender; finely particulate,形,形 adj.,adjective,4,4,心有猛虎，细嗅蔷薇。,Xīn yǒu měnghǔ; xì xiù qiángwēi.,In me the tiger sniffs the rose.,鸟用细树枝筑巢。,Niǎo yòng xì shùzhī zhùcháo.,Birds build nests of twigs.,愿要大、志要坚、气要柔、心要细。,Yuàn yào dà; zhì yào jiān; qì yào róu; xīn yào xì.,Wish big; aim high; be gentle; be careful.
1792,细心,xìxīn,careful; attentive,形,形 adj.,adjective,4,4,他的工作表现得很不细心。,Tā de gōngzuò biǎoxiàn dé hěn bú xìxīn.,His work showed carelessness.,他每件事做之前都会细心计划。,Tā měijiànshì zuò zhīqián dū huì xìxīn jìhuà.,He always plans a thing out carefully before he does it.,你真细心。,Nǐ zhēn xìxīn.,You're so caring.
1793,下降,xiàjiàng,to decline; to drop,动,动 v.,verb,4,4,加拿大的犯罪率下降了。,Jiānádà de fànzuìlǜ xiàjiàng le.,Canada's crime rate is decreasing.,我的视力正慢慢下降。,Wǒ de shìlì zhèng mànmàn xiàjiàng.,My eyesight is getting worse.,暴风雨袭来; 气温随之下降。,Bàofēngyǔ xí lái; qìwēn suízhī xiàjiàng.,The storm sent the temperature down.
1794,鲜,xiān,fresh; delicious,形,形 adj.,adjective,4,4,这些蔬菜很鲜，今天刚送到。,Zhèxiē shūcài hěn xiān; jīntiān gāng sòngdào.,These vegetables are very fresh; they arrived today.,这条鱼味道很鲜。,Zhè tiáo yú wèidào hěn xiān.,This fish has a delicious fresh flavor.,她穿了一件颜色鲜亮的外套。,Tā chuān le yíjiàn yánsè xiānliàng de wàitào.,She wore a brightly colored coat.
1795,鲜花,xiānhuā,fresh flowers,名,名 n.,noun,4,4,她提着一只满是鲜花的篮子。,Tā tí zhe yìzhī mǎn shì xiānhuā de lánzi.,She was carrying a basket full of flowers.,别把鲜花插在牛粪上。,Bié bǎ xiānhuā chā zài niúfèn shàng.,Don't cast pearls before swine.,她非常喜欢鲜花。,Tā fēicháng xǐhuān xiānhuā.,She is very fond of flowers.
1796,咸,xián,all; everyone,形,形 adj.,adjective,4,4,这碗汤有点儿咸。,Zhè wǎn tāng yǒudiǎnér xián.,This bowl of soup is a little salty.,这个菜太咸了。,Zhège cài tài xián le.,This dish is too salty.,海水很咸，不能喝。,Hǎishuǐ hěn xián; bùnéng hē.,Seawater is salty and cannot be drunk.
1797,现金,xiànjīn,cash,名,名 n.,noun,4,4,少了一个戒指和一点现金。,Shǎo le yígè jièzhǐ hé yìdiǎn xiànjīn.,A ring and some cash are missing.,用现金付的话会有折扣吗?,Yòng xiànjīn fù dehuà huì yǒu zhékòu ma?,Is there a discount if you pay in cash?,我没现金，写张支票可以吗？,Wǒ méi xiànjīn; xiě zhāng zhīpiào kěyǐ ma?,I haven't got any cash. Can I write a cheque?
1798,羡慕,xiànmù,to envy; to admire,动,动 v.,verb,4,4,我一点也不羡慕你的生活。,Wǒ yìdiǎn yě bú xiànmù nǐ de shēnghuó.,I don't envy your life. Not even a little bit.,我不得不说我羡慕你们。,Wǒ bùdébù shuō wǒ xiànmù nǐmen.,I have to say I envy you guys.,我很羡慕你现在的生活。,Wǒ hěn xiànmù nǐ xiànzài de shēnghuó.,I'm really jealous of your life right now.
1799,线上,xiànshàng,online,名,名 n.,noun,4,4,这次会议改为线上举行。,Zhècì huìyì gǎiwéi xiàn shàng jǔxíng.,This meeting has been moved online.,线上课程可以反复收听。,Xiàn shàng kèchéng kěyǐ fǎnfù shōutīng.,Online courses can be listened to repeatedly.,请在线上填写申请表。,Qǐng zàixiàn shàng tiánxiě shēnqǐngbiǎo.,Please complete the application form online.
1800,线下,xiànxià,offline; in person,名,名 n.,noun,4,4,我们下周举行一次线下活动。,Wǒmen xiàzhōu jǔxíng yícì xiànxià huódòng.,We will hold an in-person event next week.,这家店只有线下服务。,Zhèjiā diàn zhǐyǒu xiànxià fúwù.,This shop only provides in-person service.,线上报名以后还要线下确认。,Xiàn shàng bàomíng yǐhòu háiyào xiànxià quèrèn.,After registering online; you still need to confirm in person.
1801,现有,xiànyǒu,currently existing; currently available,动、形,动 v.,verb; adjective,4,4,我们要充分利用现有资源。,Wǒmen yào chōngfènlìyòng xiànyǒu zīyuán.,We should make full use of existing resources.,现有座位已经全部订完。,Xiànyǒu zuòwèi yǐjīng quánbù dìng wán.,All currently available seats have been booked.,这个计划是在现有条件下制定的。,Zhège jìhuà shì zài xiànyǒu tiáojiàn xià zhìdìng de.,This plan was developed under the existing conditions.
1802,香,xiāng,fragrant; sweet smelling,形,形 adj.,adjective,4,4,直树年纪跟香织一样大。,Zhí shù niánjì gēn xiāng zhī yíyàng dà.,Naoki is as old as Kaori.,不是所有的酯闻起来都很香。,Búshì suǒyǒu de zhǐ wén qǐlái dōu hěn xiāng.,Not all esters smell good.,闻起来好香喔。你在煮什么？,Wén qǐlái hǎo xiāng ō. nǐ zài zhǔ shénme?,This smells great! What are you cooking?
1803,相比,xiāngbǐ,to compare,动,动 v.,verb,4,4,相比棒球，我更喜欢足球。,Xiāngbǐ bàngqiú; wǒ gèng xǐhuān zúqiú.,I prefer football to baseball.,今天相比往常，稍暖一些。,Jīntiān xiāngbǐ wǎngcháng; shāo nuǎn yìxiē.,It's a bit warmer today than usual.,与狗相比，我更喜欢猫。,Yǔ gǒu xiāngbǐ; wǒ gèng xǐhuān māo.,I prefer cats to dogs.
1804,相反,xiāngfǎn,opposite; contrary,形、连,形 adj.,adjective; conjunction,4,4,我的想法跟他的正好相反。,Wǒ de xiǎngfǎ gēn tā de zhènghǎo xiāngfǎn.,My idea went against his.,他做的和我要求的相反。,Tā zuò de hé wǒ yāoqiú de xiāngfǎn.,He did the reverse of what I asked.,结果与我们预期的相反。,Jiéguǒ yǔ wǒmen yùqī de xiāngfǎn.,The result is opposite to what we expected.
1805,相互,xiānghù,each other; mutual,副,副 adv.,adverb,4,4,狮子为了得到食物相互争斗。,Shīzi wèile dédào shíwù xiānghù zhēngdòu.,The lions fought with each other to get food.,他们礼节性地相互打了个招呼。,Tāmen lǐjiéxìng dì xiānghù dǎlegè zhāohū.,They exchanged formal greetings.,我们的爱是相互的。,Wǒmen de ài shì xiānghù de.,Our love is mutual.
1806,相同,xiāngtóng,identical; same,形,形 adj.,adjective,4,4,你犯了跟上次相同的错误。,Nǐ fàn le gēn shàngcì xiāngtóng de cuòwù.,You made the same mistake as last time.,猪与人类的一些特性相同。,Zhū yǔ rénlèi de yìxiē tèxìng xiāngtóng.,Pigs share certain characteristics with human beings.,她穿著跟昨天相同的衣服。,Tā chuānzhù gēn zuótiān xiāngtóng de yīfú.,She is wearing the same dress that she had on yesterday.
1807,详细,xiángxì,detailed; in detail,形,形 adj.,adjective,4,4,他详细地解释了他的计划。,Tā xiángxì dì jiěshì le tā de jìhuà.,He explained his plans in detail.,详细叙述一下这起事故吧。,Xiángxì xùshù yíxià zhè qǐ shìgù ba.,Describe that accident in detail.,他详细地描述了事故状况。,Tā xiángxì dì miáoshù liǎo shìgù zhuàngkuàng.,He described the incident in detail.
1808,响,xiǎng,echo; sound,动、形,动 v.,verb; adjective,4,4,我听到前门的门铃响了。,Wǒ tīngdào qiánmén de ménlíng xiǎng le.,I heard the front doorbell ring.,他睡着的时候，打呼声很响。,Tā shuìzháo de shíhòu; dǎhūshēng hěn xiǎng.,He was snoring loudly while he slept.,收音机的声音有点响。,Shōuyīnjī de shēngyīn yǒudiǎn xiǎng.,The radio is a bit loud.
1809,想法,xiǎngfǎ,way of thinking; opinion,名,名 n.,noun,4,4,你们为什么有那样的想法？,Nǐmen wèishénme yǒu nàyàng de xiǎngfǎ?,What makes you think so?,我的想法跟他的正好相反。,Wǒ de xiǎngfǎ gēn tā de zhènghǎo xiāngfǎn.,My idea went against his.,他想到了一个绝妙的想法。,Tā xiǎngdào le yígè juémiào de xiǎngfǎ.,He thought of a brilliant idea.
1810,项,xiàng,back of neck; item,量,量 m.w.,measure word,4,4,会议讨论了三项重要问题。,Huìyì tǎolùn le sānxiàng zhòngyào wèntí.,The meeting discussed three important issues.,这是本周的第一项任务。,Zhè shì běnzhōu de dìyīxiàng rènwù.,This is the first task of the week.,学校正在开展一项调查。,Xuéxiào zhèngzài kāizhǎn yíxiàng diàochá.,The school is conducting a survey.
1811,消息,xiāoxi,news; information,名,名 n.,noun,4,4,我听到那消息，十分高兴。,Wǒ tīngdào nà xiāoxī; shífēngāoxìng.,I was glad at the news.,她听到那个消息后惊呆了。,Tā tīngdào nàge xiāoxī hòu jīngdāi le.,She was amazed to hear the news.,这一消息证实了我的怀疑。,Zhè yì xiāoxī zhèngshí le wǒ de huáiyí.,The news confirmed my suspicions.
1812,小吃,xiǎochī,snack; refreshments,名,名 n.,noun,4,4,这条街有很多当地小吃。,Zhè tiáo jiē yǒu hěnduō dāngdì xiǎochī.,This street has many local snacks.,桂林米粉是很受欢迎的小吃。,Guìlín mǐfěn shì hěn shòuhuānyíng de xiǎochī.,Guilin rice noodles are a popular local snack.,我们边走边尝了几种小吃。,Wǒmen biān zǒu biān cháng le jǐzhǒng xiǎochī.,We tried several snacks while walking.
1813,小伙子,xiǎohuǒzi,young man; young guy,名,名 n.,noun,4,4,有个小伙子在我的瑜伽班里。,Yǒu gè xiǎohuǒzi zài wǒ de yújiā bānlǐ.,There's a guy in my yoga class.,小伙子，在这儿干嘛呢？,Xiǎohuǒzi; zài zhèér gànmá ne?,What are you doing here; young man?,她看不起这个小伙子。,Tā kànbùqǐ zhège xiǎohuǒzi.,She scorned the boy.
1814,小说,xiǎoshuō,novel; fiction,名,名 n.,noun,4,4,比起小说，他更喜欢诗歌。,Bǐqǐ xiǎoshuō; tā gèng xǐhuān shīgē.,He prefers poetry to fiction.,他最新的小说叫甚么名字？,Tā zuìxīn de xiǎoshuō jiào shénme míngzì?,What's his most recent novel?,她在5年里写了5本小说。,Tā zài 5 nián lǐ xiě le 5 běn xiǎoshuō.,She wrote 5 novels in 5 years.
1815,小组,xiǎozǔ,group,名,名 n.,noun,4,4,我想要加入乔的小组。,Wǒ xiǎngyào jiārù qiáo de xiǎozǔ.,I want to join Joe's group.,现代船只只需要一小组的船员。,Xiàndài chuánzhī zhǐ xūyào yì xiǎozǔ de chuányuán.,Modern ships only need a small crew.,我的评论引起了小组内的争论。,Wǒ de pínglùn yǐnqǐ le xiǎozǔ nèi de zhēnglùn.,My comment sparked off an argument in the group.
1816,效果,xiàoguǒ,result; effect,名,名 n.,noun,4,4,这个药没有有害的副作用效果。,Zhège yào méiyǒu yǒuhài de fùzuòyòng xiàoguǒ.,This medicine doesn't have any harmful side effects.,效果让我爸爸满意。,Xiàoguǒ ràng wǒ bàbà mǎnyì.,My father was happy with the result.,效果不错。,Xiàoguǒ búcuò.,It works well.
1817,笑话,xiàohua,joke; jest,名、动,名 n.,noun; verb,4,4,你为什么要讲这个笑话呢？,Nǐ wèishénme yào jiǎng zhège xiàohuà ne?,Why did you tell this joke?,也许这就是个天大的笑话。,Yěxǔ zhè jiùshì gè tiāndà de xiàohuà.,Maybe this is all one big joke.,这是我听过最好笑的笑话。,Zhè shì wǒ tīng guò zuìhǎo xiào de xiàohuà.,That is the funniest joke that I have ever heard.
1818,血,xiě,blood; colloquial pr.,名,名 n.,noun,4,4,他的手受伤了，流了很多血。,Tā de shǒu shòushāng le; liú le hěn duō xiě.,His hand was injured and bled a lot.,衣服上有一点儿血。,Yīfu shàng yǒu yìdiǎnr xiě.,There is a little blood on the clothing.,护士给他抽了血。,Hùshi gěi tā chōu le xiě.,The nurse drew his blood.
1819,心,xīn,heart; mind,名,名 n.,noun,4,4,莎米的心几乎停止了跳动。,Shā mǐ de xīn jīhū tíngzhǐ le tiàodòng.,Sami's heart almost stopped.,幸福是由自己的心决定的。,Xìngfú shì yóu zìjǐ de xīn juédìng de.,Happiness is determined by your heart.,这名士兵被授予紫心勋章。,Zhè míng shìbīng bèi shòuyǔ zǐ xīn xūnzhāng.,This soldier was awarded the Purple Heart.
1820,辛苦,xīnkǔ,exhausting; hard,形、动,形 adj.,adjective; verb,4,4,我不喜欢任何辛苦的工作。,Wǒ bù xǐhuān rènhé xīnkǔ de gōngzuò.,I don't like anything like hard work.,你不必这么辛苦地工作。,Nǐ búbì zhème xīnkǔ dì gōngzuò.,You don't have to work so hard.,安迪一定练习得很辛苦。,Ān dí yídìng liànxí dé hěn xīnkǔ.,Andy must have practiced very hard.
1821,心情,xīnqíng,mood; frame of mind,名,名 n.,noun,4,4,他的答案取决于他的心情。,Tā de dáàn qǔjuéyú tā de xīnqíng.,His answer depends on his mood.,笑容是坏心情的最佳药方。,Xiàoróng shì huài xīnqíng de zuìjiā yàofāng.,Smiling is the best remedy for negative emotions.,我最近一直没心情看电影。,Wǒ zuìjìn yìzhí méi xīnqíng kàn diànyǐng.,I haven't been in the mood lately to watch any films.
1822,信号,xìnhào,signal,名,名 n.,noun,4,4,他给了我们开始的信号。,Tā gěi le wǒmen kāishǐ de xìnhào.,He gave us the signal to begin.,以前人们用烟作为联络信号。,Yǐqián rénmen yòng yān zuòwéi liánluò xìnhào.,Back then; people communicated using smoke signals.,地下室里的信号很差。,Dìxiàshì lǐ de xìnhào hěn chà.,The reception in the cellar is really bad.
1823,信息,xìnxī,information; news,名,名 n.,noun,4,4,不要让这些信息泄露出去。,Búyào ràng zhèxiē xìnxī xièlòu chūqù.,Don't let this information leak out.,这些信息对我们非常重要。,Zhèxiē xìnxī duì wǒmen fēicháng zhòngyào.,The information is very important to us.,我会给你所有必要的信息。,Wǒhuì gěi nǐ suǒyǒu bìyào de xìnxī.,I'll provide you with all the necessary information.
1824,信心,xìnxīn,confidence; faith (in someone or something),名,名 n.,noun,4,4,他很有信心赢这场比赛。,Tā hěn yǒu xìnxīn yíng zhèchǎng bǐsài.,He is sure of winning the game.,他对自己没有多少信心。,Tā duì zìjǐ méiyǒu duōshǎo xìnxīn.,He has little confidence in himself.,他完全丧失了能成功的信心。,Tā wánquán sàngshī le néng chénggōng de xìnxīn.,He had lost all faith in his ability to succeed.
1825,兴奋,xīngfèn,excited; excitement,形、动,形 adj.,adjective; verb,4,4,我兴奋得吃不下任何东西。,Wǒ xīngfèn dé chībúxià rènhé dōngxī.,I'm too excited to eat anything.,咖啡和茶使我感到兴奋。,Kāfēi hé chá shǐ wǒ gǎndào xīngfèn.,Coffee and tea stimulate me.,萨米对此感到非常兴奋。,Sàmǐ duìcǐ gǎndào fēicháng xīngfèn.,Sami is really excited about it.
1826,星星,xīngxing,the stars in the sky; (coll.) a star,名,名 n.,noun,4,4,你的眼睛让我想到了星星。,Nǐ de yǎnjīng ràng wǒ xiǎngdào le xīngxīng.,Your eyes remind me of stars.,月亮和星星在上空照耀着。,Yuèliàng hé xīngxīng zài shàngkōng zhàoyào zhe.,The moon and stars were shining above us.,昨晚我们在屋顶上看星星。,Zuówǎn wǒmen zài wūdǐng shàng kàn xīngxīng.,Last night we were stargazing on the roof.
1827,醒,xǐng,to wake up; to be awake,动,动 v.,verb,4,4,我母亲昨天很晚还醒着。,Wǒ mǔqīn zuótiān hěn wǎn hái xǐng zhe.,My mother was up late last night.,今天早晨被头给疼醒了。,Jīntiān zǎochén bèi tóu gěi téng xǐng le.,I woke up with a headache this morning.,她一醒，我们就放音乐。,Tā yì xǐng; wǒmen jiù fàng yīnyuè.,As soon as she wakes up; we'll turn on the music.
1828,性,xìng,nature; character,后缀,后缀 suff.,suffix,4,4,生命是一种致命的性传染病。,Shēngmìng shì yìzhǒng zhìmìng de xìng chuánrǎnbìng.,Life is a fatal sexually transmitted disease.,习惯是第二天性。,Xíguàn shì dìèrtiān xìng.,Habit is second nature.,此制图员出名于其制图的精准性。,Cǐ zhìtúyuán chūmíng yú qí zhìtú de jīngzhǔn xìng.,This cartographer is famous for the precision in his maps.
1829,性别,xìngbié,gender; sex,名,名 n.,noun,4,4,阴阳人与跨性别是两码事。,Yīnyángrén yǔ kuà xìngbié shì liǎngmǎshì.,Intersex and trans are two different things.,亚历克斯是非二元性别。,Yàlìkèsī shìfēi èryuán xìngbié.,Alex is non-binary.,嫌疑犯目前性别不明。,Xiányífàn mùqián xìngbié bùmíng.,The suspect's gender is currently unknown.
1830,幸福,xìngfú,happiness; happy,名、形,名 n.,noun; adjective,4,4,我们最终都会获得幸福的。,Wǒmen zuìzhōng dū huì huòdé xìngfú de.,We will become happy in the long run.,买新的电视不会让你幸福。,Mǎi xīn de diànshì búhuì ràng nǐ xìngfú.,Buying a new TV won't make you happy.,幸福是由自己的心决定的。,Xìngfú shì yóu zìjǐ de xīn juédìng de.,Happiness is determined by your heart.
1831,性格,xìnggé,nature; disposition,名,名 n.,noun,4,4,她是一个性格坚强的女人。,Tā shì yígè xìnggé jiānqiáng de nǚrén.,She's a woman of strong character.,我很喜欢你为人设想的性格。,Wǒ hěn xǐhuān nǐ wéi rén shèxiǎng de xìnggé.,I love how you think of other people's needs before your own.,他有一个很好的性格。,Tā yǒu yígè hěn hǎo de xìnggé.,He has a wonderful personality.
1832,兄弟,xiōngdì,brothers; younger brother,名,名 n.,noun,4,4,我们的兄弟今天不在这里。,Wǒmen de xiōngdì jīntiān bú zài zhèlǐ.,Our brother isn't here today.,我把他误认为是他的兄弟。,Wǒ bǎ tā wùrènwèi shì tā de xiōngdì.,I mistook him for his brother.,她把我误认为是我的兄弟。,Tā bǎ wǒ wùrènwèi shì wǒ de xiōngdì.,She mistook me for my brother.
1833,熊,xióng,incapable; bear,名,名 n.,noun,4,4,班杰明用步枪射了一只熊。,Bān jié míng yòng bùqiāng shè le yìzhī xióng.,Benjamin shot a bear with a rifle.,这只熊正在吃一个苹果。,Zhè zhǐ xióng zhèngzài chī yígè píngguǒ.,The bear was eating an apple.,这只灰熊有0.5吨重。,Zhè zhǐ huī xióng yǒu 0. 5 dūnzhòng.,This grizzly bear weighs half a ton.
1834,修,xiū,to decorate; to embellish,动,动 v.,verb,4,4,裁缝师要帮我重新修裤脚。,Cáiféngshī yào bāng wǒ chóngxīn xiū kùjiǎo.,The tailor is going to redo the hem of my pants.,他在牛津大学修了英语文学。,Tā zài niújīndàxué xiū le yīngyǔ wénxué.,He read English Literature at Oxford University.,诶，我大学到底要修什么啊?,Éi; wǒ dàxué dàodǐ yào xiū shénme a?,Hey; what in the world am I going to major in at college?
1835,修理,xiūlǐ,to repair; to fix someone,动,动 v.,verb,4,4,我让他修理了我的脚踏车。,Wǒ ràng tā xiūlǐ le wǒ de jiǎotàchē.,I got him to fix my bicycle.,我父亲修理了我的旧手表。,Wǒ fùqīn xiūlǐ le wǒ de jiù shǒubiǎo.,My father repaired my old watch.,我让我哥修理我的自行车。,Wǒ ràng wǒ gē xiūlǐ wǒ de zìxíngchē.,I had my brother repair my bicycle.
1836,许多,xǔduō,many; a lot of,数,数 num.,numeral,4,4,我遇到了许多没见过的人。,Wǒ yùdào le xǔduō méi jiàn guò de rén.,I've met so many new people.,她捡了许多漂亮的小石头。,Tā jiǎn le xǔduō piàoliàng de xiǎoshítou.,She picked up beautiful stones.,他尝试了许多不同的方法。,Tā chángshì le xǔduō bùtóng de fāngfǎ.,He tried many different methods.
1837,学费,xuéfèi,tuition fee,名,名 n.,noun,4,4,这所大学的学费是多少？,Zhè suǒ dàxué de xuéfèi shì duōshǎo?,How much is the tuition at this university?,他靠奖学金支付学费。,Tā kào jiǎngxuéjīn zhīfù xuéfèi.,He pays his tuition with a scholarship.,学校允许学生分两次交学费。,Xuéxiào yǔnxǔ xuéshēng fēn liǎngcì jiāoxuéfèi.,The school allows students to pay tuition in two installments.
1838,学院,xuéyuàn,college; educational institute,名,名 n.,noun,4,4,她在外国语学院学习。,Tā zài wàiguóyǔ xuéyuàn xuéxí.,She studies at the college of foreign languages.,学院下个月举办学术活动。,Xuéyuàn xiàgèyuè jǔbàn xuéshùhuódòng.,The college will hold an academic event next month.,这所学院有很多国际学生。,Zhè suǒ xuéyuàn yǒu hěnduō guójì xuéshēng.,This college has many international students.
1839,压,yā,to press; to push down,动,动 v.,verb,4,4,他压低声线，喃喃自语地说了些话。,Tā yā dīshēng xiàn; nánnánzìyǔ dì shuō le xiē huà.,He muttered something under his breath.,强宾不压主。,Qiángbīn bù yā zhǔ.,A guest should not try to make himself superior to the host.,獾行进时步伐稳定，身体压得很低、贴近地面；旱獭则尤其在兴奋时会疾奔，身体呈波浪状起伏摆动。,Huān xíngjìn shí bùfá wěndìng; shēntǐ yā dé hěn dī; tiējìn dìmiàn; hàntǎ zé yóuqí zài xīngfèn shíhuì jíbēn; shēntǐ chéng bōlàngzhuàng qǐfú bǎidòng.,The badger travels steadily; with its body very low and close to the ground; the marmot; especially when excited; gallops along; with undulatory movements of the body.
1840,压力,yālì,pressure,名,名 n.,noun,4,4,你用什么方式释放压力？,Nǐ yòng shénme fāngshì shìfàng yālì?,How do you relieve stress?,我在压力之下工作表现最好。,Wǒ zài yālì zhīxià gōngzuò biǎoxiàn zuìhǎo.,I work best under pressure.,我通过运动来缓解压力。,Wǒ tōngguò yùndòng lái huǎnjiě yālì.,I exercise to relieve stress.
1841,牙膏,yágāo,toothpaste,名,名 n.,noun,4,4,大多数牙膏里含有氟化物。,Dàduōshù yágāo lǐ hányǒu fúhuàwù.,Most toothpastes contain fluoride.,在哪儿我能找到牙膏？,Zài nǎér wǒ néng zhǎodào yágāo?,Where can I find toothpaste?,不能把牙膏塞回管里。,Bùnéng bǎ yágāo sāi huí guǎn lǐ.,You can't put toothpaste back in the tube.
1842,亚洲,Yàzhōu,Asia,名,名 n.,noun,4,4,我对亚洲的历史很感兴趣。,Wǒ duì yàzhōu de lìshǐ hěngǎnxìngqù.,I am interested in Asian history.,亚洲的大小约四倍于欧洲。,Yàzhōu de dàxiǎo yuē sìbèi yú ōuzhōu.,Asia is roughly four times the size of Europe.,大象生活在亚洲和非洲。,Dàxiàng shēnghuó zài yàzhōu hé fēizhōu.,Elephants live in Asia and Africa.
1843,烟,yān,smoke; mist,名,名 n.,noun,4,4,你最好别抽这么多烟了。,Nǐ zuìhǎo bié chōu zhème duō yān le.,You had better not smoke so much.,以前人们用烟作为联络信号。,Yǐqián rénmen yòng yān zuòwéi liánluò xìnhào.,Back then; people communicated using smoke signals.,烟从烟囱里冒了出来。,Yān cóng yāncōng lǐ mào le chūlái.,The smoke went upward through the chimney.
1844,盐,yán,salt,名,名 n.,noun,4,4,能不能请你把盐递给我？,Néng bùnéng qǐng nǐ bǎ yán dìgěi wǒ?,Could you pass me the salt; please?,请把盐和胡椒粉拿给我。,Qǐng bǎ yán hé hújiāofěn nágěi wǒ.,Pass me the salt and pepper; please.,我妈妈忘了往沙拉里加盐了。,Wǒ māmā wàng le wǎng shālā lǐjiā yán le.,My mom forgot to add salt to the salad.
1845,严格,yángé,strict; stringent,形、动,形 adj.,adjective; verb,4,4,他对自己的孩子很严格。,Tā duì zìjǐ de háizi hěn yángé.,He was severe with his children.,他在这方面不是很严格。,Tā zài zhèfāngmiàn búshì hěn yángé.,He's not very strict about this.,不要太严格，他们只是小孩。,Búyào tài yángé; tāmen zhǐshì xiǎohái.,Don't be too strict. They're just kids.
1846,研究,yánjiū,research; a study,动,动 v.,verb,4,4,他对英国茶文化很有研究。,Tā duì yīngguó cháwénhuà hěn yǒu yánjiū.,He researched British tea culture in great detail.,凯教授已研究昆虫四十年。,Kǎi jiàoshòu yǐ yánjiū kūnchóng sìshínián.,Professor Kai has been studying insects for forty years.,西面大楼的扩建在研究中。,Xīmiàn dàlóu de kuòjiàn zài yánjiū zhōng.,The expansion of the building's west end is being studied.
1847,研究生,yánjiūshēng,postgraduate student; research student,名,名 n.,noun,4,4,她是中文系的研究生。,Tā shì zhōngwénxì de yánjiūshēng.,She is a graduate student in the Chinese department.,研究生需要完成一篇论文。,Yánjiūshēng xūyào wánchéng yìpiān lùnwén.,Graduate students need to complete a thesis.,他大学毕业后考上了研究生。,Tā dàxuébìyè hòu kǎoshàng le yánjiūshēng.,After university; he was admitted to graduate school.
1848,严重,yánzhòng,grave; serious,形,形 adj.,adjective,4,4,不要把事情看得这么严重。,Búyào bǎ shìqíng kàn dé zhème yánzhòng.,Don't take things so seriously.,他正遭受严重头痛的困扰。,Tā zhèng zāoshòu yánzhòng tóutòng de kùnrǎo.,He was suffering from a bad headache.,她犯了一个严重的错误。,Tā fàn le yígè yánzhòng de cuòwù.,She made a serious mistake.
1849,演,yǎn,to develop; to evolve,动,动 v.,verb,4,4,她在电影里演一名医生。,Tā zài diànyǐng lǐ yǎn yìmíng yīshēng.,She plays a doctor in the movie.,今晚是谁演这个角色？,Jīnwǎn shì shuí yǎn zhège juésè?,Who is playing this role tonight?,这场争论越演越激烈。,Zhèchǎng zhēnglùn yuè yǎn yuè jīliè.,The debate grew increasingly intense.
1850,演唱,yǎnchàng,sung performance; to sing for an audience,动,动 v.,verb,4,4,歌手将在音乐会上演唱新歌。,Gēshǒu jiāng zài yīnyuèhuì shàng yǎnchàng xīn gē.,The singer will perform a new song at the concert.,她第一次上台演唱时很紧张。,Tā dìyīcì shàngtáiyǎnchàng shí hěn jǐnzhāng.,She was nervous the first time she sang on stage.,全体演员一起演唱了最后一首歌。,Quántǐ yǎnyuán yìqǐ yǎnchàng le zuìhòu yìshǒugē.,All the performers sang the final song together.
1851,演出,yǎnchū,to perform; performance,动,动 v.,verb,4,4,这种行为是对演出的不尊重。,Zhèzhǒng xíngwéi shì duì yǎnchū de bù zūnzhòng.,This behavior shows a lack of respect for the performance.,你喜欢昨晚的演出吧？,Nǐ xǐhuān zuówǎn de yǎnchū ba?,Did you enjoy the performance last night?,我今天去看演出了。,Wǒ jīntiān qù kàn yǎnchū le.,I went to see a show today.
1852,眼镜,yǎnjìng,spectacles; eyeglasses,名,名 n.,noun,4,4,他把眼镜落在我们这里了。,Tā bǎ yǎnjìng luò zài wǒmen zhèlǐ le.,He left his glasses at our place.,他不知道自己需要带眼镜。,Tā bù zhīdào zìjǐ xūyào dài yǎnjìng.,He didn't know he needed glasses.,你用我的眼镜做了什么?,Nǐ yòng wǒ de yǎnjìng zuò le shénme?,What did you do with my glasses?
1853,眼前,yǎnqián,before eyes; now,名,名 n.,noun,4,4,他们在她眼前脱下我的衣服。,Tāmen zài tā yǎnqián tuō xià wǒ de yīfú.,They took off my clothes in front of her eyes.,我不敢相信眼前发生的这一切。,Wǒ bùgǎnxiāngxìn yǎnqián fāshēng de zhè yíqiè.,I cannot believe what's happening in front of my eyes.,我屏气观看眼前光景。,Wǒ bǐngqì guānkàn yǎnqián guāngjǐng.,I watched what was unfolding in front of my eyes with bated breath.
1854,演员,yǎnyuán,actor or actress; performer,名,名 n.,noun,4,4,我还从没听说过这个演员。,Wǒ hái cóng méitīngshuōguò zhège yǎnyuán.,I've never heard of the actor.,他不是歌手，但是个演员。,Tā búshì gēshǒu; dànshì gè yǎnyuán.,He is not a singer; but an actor.,我听说她是个有名的演员。,Wǒ tīngshuō tā shì gè yǒumíng de yǎnyuán.,I hear that she's a famous actress.
1855,阳光,yángguāng,sunshine; upbeat,名,名 n.,noun,4,4,夏日的阳光照在我们身上。,Xiàrì de yángguāng zhào zài wǒmen shēnshàng.,The summer sun glared down on us.,这是一个没有阳光的世界。,Zhè shì yígè méiyǒu yángguāng de shìjiè.,This is a world where the sun doesn't shine.,不要在阳光下逗留太久。,Búyào zài yángguāng xià dòuliú tàijiǔ.,Don't stay in the sun too long.
1856,养成,yǎngchéng,to cultivate; to raise,动,动 v.,verb,4,4,你们该养成使用字典的习惯。,Nǐmen gāi yǎngchéng shǐyòng zìdiǎn de xíguàn.,You should try to form the habit of using your dictionaries.,他养成了熬夜的习惯。,Tā yǎngchéng le áoyè de xíguàn.,He fell into the habit of keeping late hours.,好习惯是从小养成的。,Hǎo xíguàn shì cóngxiǎo yǎngchéng de.,Good habits should be cultivated in childhood.
1857,样子,yàngzi,appearance; manner,名,名 n.,noun,4,4,宫崎不是它往日的样子了。,Gōngqí búshì tā wǎngrì de yàngzi le.,Miyazaki is not what it used to be.,好莱坞不是以前的样子了。,Hǎoláiwù búshì yǐqián de yàngzi le.,Hollywood isn't what it used to be.,她不喜欢这条裙子的样子。,Tā bù xǐhuān zhè tiáo qúnzi de yàngzi.,She doesn't like the look of the skirt.
1858,邀请,yāoqǐng,to invite; invitation,动,动 v.,verb,4,4,我邀请了肯，比尔和由美。,Wǒ yāoqǐng le kěn; bǐěr hé yóu měi.,I invited Ken; Bill and Yumi.,我被邀请参加他们的婚礼。,Wǒ bèi yāoqǐng cānjiā tāmen de hūnlǐ.,I was invited to their wedding.,我的朋友邀请我去吃晚饭。,Wǒ de péngyǒu yāoqǐng wǒ qù chīwǎnfàn.,My friends invited me to dinner.
1859,要是,yàoshi,(coll.) if,连,连 conj.,conjunction,4,4,要是他不同意，他就会说。,Yàoshì tā bù tóngyì; tā jiù huì shuō.,He’ll say if he doesn’t agree.,要是我能去音乐会就好了。,Yàoshì wǒ néng qù yīnyuèhuì jiù hǎo le.,If only I can go to the concert!,我要是老了你还会爱我吗？,Wǒ yàoshì lǎo le nǐ hái huì àiwǒma?,Will you still love me when I'm old?
1860,钥匙,yàoshi,key,名,名 n.,noun,4,4,现在，我把钥匙放哪里了？,Xiànzài; wǒ bǎ yàoshi fàng nǎlǐ le?,Now where did I put the key?,她把钥匙放在她的口袋里。,Tā bǎ yàoshi fàngzài tā de kǒudài lǐ.,She put the key in her pocket.,哦;我把我的钥匙忘了。,Ó; wǒ bǎ wǒ de yàoshi wàng le.,Oh; I forgot my keys.
1861,也许,yěxǔ,perhaps; maybe,副,副 adv.,adverb,4,4,这也许是我们最后的会议。,Zhè yěxǔ shì wǒmen zuìhòu de huìyì.,This may be our last meeting.,谢谢。也许我们会回来的。,Xièxiè. yěxǔ wǒmen huì huílái de.,Thanks. Maybe we'll come back.,也许这就是个天大的笑话。,Yěxǔ zhè jiùshì gè tiāndà de xiàohuà.,Maybe this is all one big joke.
1862,夜,yè,night,名、量,名 n.,noun; measure word,4,4,夜里山上的温度很低。,Yèlǐ shānshàng de wēndù hěn dī.,The temperature in the mountains is very low at night.,我们在小村子里住了一夜。,Wǒmen zài xiǎocūnzi lǐ zhù le yíyè.,We stayed one night in the small village.,雨下了整整一夜。,Yǔ xià le zhěngzhěng yíyè.,It rained for the entire night.
1863,夜晚,yèwǎn,night,名,名 n.,noun,4,4,那真是很热、很热的夜晚。,Nà zhēnshì hěn rè; hěn rè de yèwǎn.,It was a very; very hot night.,我永远不会忘记这个夜晚。,Wǒ yǒngyuǎn búhuì wàngjì zhège yèwǎn.,I will never forget this night!,我们经常在夜晚打保龄球。,Wǒmen jīngcháng zài yèwǎn dǎ bǎolíngqiú.,At night; we usually go bowling.
1864,叶子,yèzi,leaf; (slang) marijuana,名,名 n.,noun,4,4,一片叶子正在掉下来。,Yípiàn yèzi zhèngzài diàoxiàlái.,A leaf is falling.,叶子慢慢的飘落下来。,Yèzi mànmàn de piāoluò xiàlái.,The leaves slowly fell.,梅格发现了四片叶子的三叶草。,Méi gé fāxiàn le sìpiàn yèzi de sānyècǎo.,Meg found a four leaf clover.
1865,一切,yíqiè,everything; all,代,代 pron.,pronoun,4,4,不要担心，一切都会好的。,Búyào dānxīn; yíqiè dū huì hǎo de.,Don't worry; everything will be OK.,你少把一切都推到他头上。,Nǐ shǎo bǎ yíqiè dōu tuī dào tā tóushàng.,Don’t you try and blame this on him.,如果相信，一切皆有可能。,Rúguǒ xiāngxìn; yíqiè jiē yǒu kěnéng.,All things are possible if you believe.
1866,已,yǐ,already; to stop,副,副 adv.,adverb,4,4,医护人员已抵达事发现场。,Yīhùrényuán yǐ dǐdá shìfā xiànchǎng.,Paramedics are on the scene.,您现在已连线到网际网路。,Nín xiànzài yǐ liánxiàn dào wǎngjìwǎnglù.,You are now connected to the Internet.,凯教授已研究昆虫四十年。,Kǎi jiàoshòu yǐ yánjiū kūnchóng sìshínián.,Professor Kai has been studying insects for forty years.
1867,以内,yǐnèi,within; less than,名,名 n.,noun,4,4,请在三天以内回复。,Qǐng zài sāntiān yǐnèi huífù.,Please reply within three days.,六岁以内的儿童可以免费进入。,Liùsuì yǐnèi de értóng kěyǐ miǎnfèi jìnrù.,Children aged six and under can enter free of charge.,费用应该控制在预算以内。,Fèiyòng yīnggāi kòngzhì zài yùsuàn yǐnèi.,The cost should be kept within the budget.
1868,意见,yìjiàn,idea; opinion,名,名 n.,noun,4,4,他的意见大体上说是对的。,Tā de yìjiàn dàtǐshàng shuō shì duì de.,His opinion is generally correct.,他的意见都不是非常有用。,Tā de yìjiàn dōu búshì fēicháng yǒuyòng.,None of his advice was very useful.,我认为他的意见非常重要。,Wǒ rènwéi tā de yìjiàn fēicháng zhòngyào.,I think his opinion is very important.
1869,一生,yìshēng,all life; throughout life,名,名 n.,noun,4,4,他一生中经历过很多东西。,Tā yìshēng zhōng jīnglì guò hěnduō dōngxī.,He had various experiences in his life.,也许我要在牢里度过一生。,Yěxǔ wǒ yào zài láo lǐ dùguò yìshēng.,Maybe I will have to spend my entire life in prison.,他给我讲述了他的一生。,Tā gěi wǒ jiǎngshù le tā de yìshēng.,He told me the story of his life.
1870,艺术,yìshù,art,名,名 n.,noun,4,4,他对艺术一点也不感兴趣。,Tā duì yìshù yìdiǎn yě bùgǎnxìngqù.,He is not interested in art at all.,我父亲一点也不懂艺术。,Wǒ fùqīn yìdiǎn yě bù dǒng yìshù.,My father is far from artistic.,我对现代艺术不感兴趣。,Wǒ duì xiàndài yìshù bùgǎnxìngqù.,Modern art doesn't interest me.
1871,因此,yīncǐ,thus; consequently,连,连 conj.,conjunction,4,4,因此，天气一点也不热。,Yīncǐ; tiānqì yìdiǎn yě bú rè.,So; it isn't hot at all.,因此，我们必须自己照顾自己。,Yīncǐ; wǒmen bìxū zìjǐ zhàogù zìjǐ.,Hence; we have to take care of ourselves.,因此我跟你说，你不要一个人去。,Yīncǐ wǒ gēn nǐ shuō; nǐ búyào yígè rén qù.,That's why I told you that you shouldn't go alone.
1872,引起,yǐnqǐ,to lead to; to cause,动,动 v.,verb,4,4,披头士的发型引起了轰动。,Pītóushì de fàxíng yǐnqǐ le hōngdòng.,The hair style of the Beatles created a sensation.,我们的到来引起了注意。,Wǒmen de dàolái yǐnqǐ le zhùyì.,Our arrival drew attention.,咖啡不能引起我的兴趣。,Kāfēi bùnéng yǐnqǐ wǒ de xìngqù.,Coffee does not arouse my interest.
1873,印象,yìnxiàng,a memory; impression (something that stays in mind),名,名 n.,noun,4,4,我对你们的工作印象深刻。,Wǒ duì nǐmen de gōngzuò yìnxiàng shēnkè.,I'm very impressed by your work.,我没有见过那男人的印象。,Wǒ méiyǒu jiàn guò nà nánrén de yìnxiàng.,I have no recollection of seeing the man.,中国给我许多不同的印象。,Zhōngguó gěi wǒ xǔduō bùtóng de yìnxiàng.,China gives me many different impressions.
1874,赢,yíng,to beat; to win,动,动 v.,verb,4,4,你觉得今天的比赛谁会赢？,Nǐ juéde jīntiān de bǐsài shuí huì yíng?,Who do you think will win today's competition?,谁能赢这场比赛还说不定。,Shuí néng yíng zhèchǎng bǐsài hái shuōbúdìng.,It's still not certain who's going to win this match.,他早就知道自己不会赢。,Tā zǎojiù zhīdào zìjǐ búhuì yíng.,He knew he could not win.
1875,赢得,yíngdé,to win; to gain,动,动 v.,verb,4,4,她很幸运地赢得了奖学金。,Tā hěn xìngyùndì yíngdé le jiǎngxuéjīn.,Luckily she won a scholarship.,我们已经赢得了这场战斗。,Wǒmen yǐjīng yíngdé le zhèchǎng zhàndòu.,We have already won this battle.,这部电影为她赢得了人气。,Zhèbù diànyǐng wèi tā yíngdé le rénqì.,The movie gained her great popularity.
1876,应聘,yìngpìn,to accept a job offer; to apply for an advertised position,动,动 v.,verb,4,4,她准备应聘一家公司的翻译职位。,Tā zhǔnbèi yìngpìn yìjiā gōngsī de fānyì zhíwèi.,She is preparing to apply for a translation position at a company.,应聘时需要带上个人材料。,Yìngpìn shí xūyào dàishàng gèrén cáiliào.,You need to bring your personal documents when applying for the job.,共有五十人应聘这个岗位。,Gòngyǒu wǔshí rén yìngpìn zhège gǎngwèi.,Fifty people applied for this position.
1877,勇敢,yǒnggǎn,brave; courageous,形,形 adj.,adjective,4,4,她是个女孩，但她勇敢。,Tā shì gè nǚhái; dàn tā yǒnggǎn.,She's a girl; but she's brave.,你很勇敢，不是吗？,Nǐ hěn yǒnggǎn; búshì ma?,You're very brave; aren't you?,她很勇敢，不是吗？,Tā hěn yǒnggǎn; búshì ma?,She's very courageous; isn't she?
1878,永远,yǒngyuǎn,forever; eternal,副、名,副 adv.,adverb; noun,4,4,我看他永远也不会回来了。,Wǒ kàn tā yǒngyuǎn yě búhuì huílái le.,I think he'll never return.,她永远也做不到保守秘密。,Tā yǒngyuǎn yě zuò búdào bǎoshǒu mìmì.,She can never keep a secret.,我永远不会忘了她的回答。,Wǒ yǒngyuǎn búhuì wàng le tā de huídá.,I will never forget her answer.
1879,用来,yònglái,to be used for,动,动 v.,verb,4,4,这个器具是用来晾衣服的。,Zhège qìjù shì yònglái liàngyīfú de.,This machine is used to dry clothes.,这些工具是用来造房子的。,Zhèxiē gōngjù shì yònglái zào fángzi de.,These tools are used for building a house.,交通灯是用来控制交通的。,Jiāotōngdēng shì yònglái kòngzhì jiāotōng de.,Traffic lights are used to regulate traffic.
1880,用于,yòngyú,to use in; to use on,动,动 v.,verb,4,4,用于那个义大利酱的香草可能是荷兰芹。,Yòngyú nàge yìdàlì jiàng de xiāngcǎo kěnéng shì hélán qín.,The herb used in that pasta sauce might be parsley.,英语是一种世界性的语言，用于世界各地。,Yīngyǔ shì yìzhǒng shìjièxìng de yǔyán; yòngyú shìjiègèdì.,English is a universal language and is used all over the world.,当我是个孩子的时候，我会把大部分时间都用于室内阅读。,Dāng wǒ shì gè háizi de shíhòu; wǒhuì bǎ dàbùfèn shíjiān dōu yòngyú shìnèi yuèdú.,When I was a child; I spent most of my time indoors reading.
1881,优点,yōudiǎn,merit; benefit,名,名 n.,noun,4,4,你们的优点和缺点是什么？,Nǐmen de yōudiǎn hé quēdiǎn shì shénme?,What are your strengths and weaknesses?,这方法有什么优点和缺点？,Zhè fāngfǎ yǒu shénme yōudiǎn hé quēdiǎn?,What are the advantages and drawbacks of this method?,她不自豪她所有的优点。,Tā bú zìháo tā suǒyǒu de yōudiǎn.,With all her merits she was not proud.
1882,幽默,yōumò,humorous; (loanword) humor,形,形 adj.,adjective,4,4,你班上最幽默的人是谁？,Nǐ bānshàng zuì yōumò de rén shì shuí?,Who's the funniest person in your class?,她很瞧不起我，认为我没有幽默细胞。,Tā hěn qiáobùqǐ wǒ; rènwéi wǒ méiyǒu yōumò xìbāo.,She looks down on me for not having a sense of humor.,汤姆很幽默。,Tāngmǔ hěn yōumò.,Tom's funny.
1883,优秀,yōuxiù,outstanding; excellent,形,形 adj.,adjective,4,4,玛莎是一位优秀的钢琴家。,Mǎshā shì yíwèi yōuxiù de gāngqínjiā.,Martha is an excellent pianist.,爱迪生不是个优秀的学生。,Àidíshēng búshì gè yōuxiù de xuéshēng.,Edison was not a bright student.,第二优秀是远远不够的。,Dìèr yōuxiù shì yuǎnyuǎnbúgòu de.,Second best is never enough.
1884,由,yóu,to follow; from,介,介 prep.,preposition,4,4,我邀请了肯，比尔和由美。,Wǒ yāoqǐng le kěn; bǐěr hé yóu měi.,I invited Ken; Bill and Yumi.,人是由灵魂和肉身组成的。,Rén shì yóu línghún hé ròushēn zǔchéng de.,Man consists of soul and body.,这些箱子是由塑料制成的。,Zhèxiē xiāngzi shì yóu sùliào zhìchéng de.,These boxes are made of plastic.
1885,油,yóu,oil; fat,名,名 n.,noun,4,4,油是从橄榄中提炼出来的。,Yóu shìcóng gǎnlǎn zhōng tíliàn chūlái de.,Oil is extracted from olives.,你什么时候才要给门上油?,Nǐ shénme shíhòu cái yào gěi ménshàng yóu?,When are you finally going to oil your door?,这个引擎耗用最多的油。,Zhège yǐnqíng hàoyòng zuì duō de yóu.,This engine consumes the most oil.
1886,尤其,yóuqí,especially; particularly,副,副 adv.,adverb,4,4,你尤其不该空腹喝酒。,Nǐ yóuqí bùgāi kōngfù hējiǔ.,You should especially not drink on an empty stomach.,我很喜欢音乐，尤其是古典音乐。,Wǒ hěn xǐhuān yīnyuè; yóuqí shì gǔdiǎnyīnyuè.,I like music; especially classical music.,尤其是要有耐心。,Yóuqí shì yào yǒu nàixīn.,Above all; be patient.
1887,游玩,yóuwán,to amuse oneself; to have fun,动,动 v.,verb,4,4,周末我们去公园游玩。,Zhōumò wǒmen qù gōngyuán yóuwán.,We are going to the park for fun this weekend.,游客可以在古城游玩一整天。,Yóukè kěyǐ zài gǔchéng yóuwán yìzhěngtiān.,Visitors can spend a whole day exploring the old town.,孩子们在海边开心地游玩。,Háizi men zài hǎibiān kāixīn dì yóuwán.,The children played happily by the sea.
1888,由于,yóuyú,due to; thanks to,介、连,介 prep.,preposition; conjunction,4,4,由于火车延误，我迟到了。,Yóuyú huǒchē yánwù; wǒ chídào le.,I was late as a result of the train delay.,公司由于缺乏资本倒闭了。,Gōngsī yóuyú quēfá zīběn dǎobì le.,The firm went under due to lack of capital.,由于天气恶劣，飞机延误了。,Yóuyú tiānqì èliè; fēijī yánwù le.,Due to bad weather; the plane was late.
1889,友好,yǒuhǎo,friendly; amicable,形,形 adj.,adjective,4,4,这个学校的学生很友好。,Zhège xuéxiào de xuéshēng hěn yǒuhǎo.,The students of this school are kind.,他的老板是个很友好的美国人。,Tā de lǎobǎn shì gè hěn yǒuhǎo de měiguó rén.,His boss is friendly; he's American.,萨米一直都很友好。,Sàmǐ yìzhí dōu hěn yǒuhǎo.,Sami was nice the whole time.
1890,友情,yǒuqíng,friendly feelings; friendship,名,名 n.,noun,4,4,借钱还得快，友情永不坏。,Jièqián hái dé kuài; yǒuqíng yǒngbú huài.,Short accounts make long friends.,他们的友情酝酿成了爱情。,Tāmen de yǒuqíng yùnniàng chéng le àiqíng.,Their friendship ripened into a deep love.,还有什么比友情更好呢？,Háiyǒu shénme bǐ yǒuqíng gènghǎo ne?,What is better than friendship?
1891,有趣,yǒuqù,interesting; fascinating,形,形 adj.,adjective,4,4,我昨晚做了一个有趣的梦。,Wǒ zuówǎn zuò le yígè yǒuqù de mèng.,I had a funny dream last night.,我觉得这个工作非常有趣。,Wǒ juéde zhège gōngzuò fēicháng yǒuqù.,I found the work very interesting.,这不是一个很有趣的小说。,Zhè búshì yígè hěn yǒuqù de xiǎoshuō.,It wasn't a very interesting novel.
1892,有效,yǒuxiào,effective; in effect,动,动 v.,verb,4,4,这毒药用来治蟑螂很有效。,Zhè dúyào yònglái zhì zhāngláng hěn yǒuxiào.,This poison is very effective in getting rid of roaches.,这份工作录取仍然有效。,Zhèfèn gōngzuò lùqǔ réngrán yǒuxiào.,The job offer still stands.,耐心有时候是最有效的武器。,Nàixīn yǒushíhòu shì zuì yǒuxiào de wǔqì.,Patience is sometimes the most effective weapon.
1893,友谊,yǒuyì,companionship; fellowship,名,名 n.,noun,4,4,希望这是美好友谊的开始。,Xīwàng zhè shì měihǎo yǒuyì de kāishǐ.,I hope that this is the beginning of a beautiful friendship.,你的友谊对我来说意义重大。,Nǐ de yǒuyì duì wǒ láishuō yìyì zhòngdà.,Your friendship means a lot to me.,我们的友谊受到了考验。,Wǒmen de yǒuyì shòudào le kǎoyàn.,Our friendship was put to the test.
1894,有着,yǒuzhe,to have; to possess,动,动 v.,verb,4,4,蒙娜丽莎有着神秘的微笑。,Méngnàlìshā yǒuzhe shénmì de wēixiào.,The Mona Lisa has an enigmatic smile.,他们的货品有着最高的品质。,Tāmen de huòpǐn yǒuzhe zuìgāo de pǐnzhì.,Their goods are of the highest quality.,他有着奇妙的想法。,Tā yǒuzhe qímiào de xiǎngfǎ.,He has queer ideas.
1895,愉快,yúkuài,cheerful; cheerily,形,形 adj.,adjective,4,4,祝您有一个愉快的圣诞节。,Zhùnín yǒu yígè yúkuài de shèngdànjié.,Have a good Christmas.,聚会上我和他谈得很愉快。,Jùhuì shàng wǒ hé tā tán dé hěn yúkuài.,I enjoyed talking with him at the party.,你度过愉快的时光了吗？,Nǐ dùguò yúkuài de shíguāng le ma?,Did you have a good time?
1896,于是,yúshì,thereupon; as a result,连,连 conj.,conjunction,4,4,于是我停止阅读。,Yúshì wǒ tíngzhǐ yuèdú.,So I stopped reading.,他不知道该怎么做，于是便找我帮忙。,Tā bù zhīdào gāi zěnme zuò; yúshì biàn zhǎo wǒ bāngmáng.,Not knowing what to do; he asked me for help.,艾伦太累了，于是早早地上床睡觉了。,Àilún tài lèi le; yúshì zǎozǎo dì shàngchuángshuìjiào le.,Ellen was so tired that she went to bed early.
1897,与,yǔ,and; to give,介、连,介 prep.,preposition; conjunction,4,4,行与行之间要留一个空间。,Xíng yǔ xíng zhījiān yào liú yígè kōngjiān.,Leave a space between the lines.,那可与你说你会做的相违。,Nà kě yǔ nǐ shuō nǐ huì zuò de xiāngwéi.,That's not what you said you'd do.,在上课时不要与他人讲话。,Zài shàngkèshí búyào yǔ tārén jiǎnghuà.,Do not talk to others during class!
1898,语法,yǔfǎ,grammar,名,名 n.,noun,4,4,这里全都是语法纳粹党人。,Zhèlǐ quándōu shì yǔfǎ nàcuìdǎng rén.,It's all grammar nazis up in here.,阿拉伯语的语法很难理解。,Ālābóyǔ de yǔfǎ hěn nán lǐjiě.,Arabic grammar is hard to understand.,这个句子在语法上是正确的。,Zhège jùzi zài yǔfǎ shàng shì zhèngquè de.,This sentence is grammatically correct.
1899,预习,yùxí,to prepare a lesson,动,动 v.,verb,4,4,上课前请先预习课文。,Shàngkè qián qǐng xiān yùxí kèwén.,Please preview the text before class.,认真预习可以提高学习效率。,Rènzhēn yùxí kěyǐ tígāo xuéxí xiàolǜ.,Careful preview improves study efficiency.,他每天晚上预习第二天的课程。,Tā měitiānwǎnshàng yùxí dìèrtiān de kèchéng.,He previews the next day’s lessons every evening.
1900,原来,yuánlái,originally; formerly,名、形、副,名 n.,noun; adjective; adverb,4,4,把书放回它原来的地方。,Bǎ shū fàng huí tā yuánlái de dìfāng.,Put the book back where it was.,原来他们前天去电影院啦。,Yuánlái tāmen qiántiān qù diànyǐngyuàn la.,It turns out that they went to the cinema the day before yesterday.,她的头发长回原来的长度了。,Tā de tóufà zhǎng huí yuánlái de chángdù le.,Her hair grew back to its original length.
1901,原谅,yuánliàng,to excuse; to forgive,动,动 v.,verb,4,4,要原谅，但是不要遗忘。,Yào yuánliàng; dànshì búyào yíwàng.,Forgive; but don't forget.,他告诉我他已经获得了原谅。,Tā gàosù wǒ tā yǐjīng huòdé le yuánliàng.,He told me that he'd been forgiven.,原谅别人就是善待自己。,Yuánliàng biérén jiùshì shàndài zìjǐ.,Forgiving others is a kind deed to yourself.
1902,原因,yuányīn,root cause; origin,名,名 n.,noun,4,4,那就是我生他的气的原因。,Nà jiùshì wǒ shēng tā de qì de yuányīn.,That is why I am angry with him.,你怎么解释你缺席的原因？,Nǐ zěnme jiěshì nǐ quēxí de yuányīn?,How do you account for your absence?,那是我搬到波士顿的原因。,Nà shì wǒ bān dào bōshìdùn de yuányīn.,That's the reason I moved to Boston.
1903,远离,yuǎnlí,to be far from; to keep away from,动,动 v.,verb,4,4,一天一苹果，医生远离我。,Yìtiān yì píngguǒ; yīshēng yuǎnlí wǒ.,An apple a day keeps the doctor away.,我想要一艘船带我远离这里。,Wǒ xiǎngyào yìsōuchuán dài wǒ yuǎnlí zhèlǐ.,I want a boat that will take me far away from here.,儿童应该远离河流。有危险。,Értóng yīnggāi yuǎnlí héliú. yǒu wēixiǎn.,Children should keep away from the river. It's dangerous.
1904,院长,yuànzhǎng,department head; dean,名,名 n.,noun,4,4,院长在开学典礼上讲话。,Yuànzhǎng zài kāixuédiǎnlǐ shàng jiǎnghuà.,The dean spoke at the opening ceremony.,我向院长介绍了这个计划。,Wǒ xiàng yuànzhǎng jièshào le zhège jìhuà.,I introduced this plan to the dean.,那位院长负责管理整个学院。,Nàwèi yuànzhǎng fùzéguǎnlǐ zhěnggè xuéyuàn.,That dean is responsible for managing the entire college.
1905,院子,yuànzi,courtyard; garden,名,名 n.,noun,4,4,我的房子有一个小院子。,Wǒ de fángzi yǒu yígè xiǎo yuànzi.,My house has a small yard.,我在我的院子里种了棵桃树。,Wǒ zài wǒ de yuànzi lǐ zhǒng le kē táoshù.,I planted a peach tree in my yard.,艾美上星期六在院子里工作。,Ài měi shàng xīngqīliù zài yuànzi lǐ gōngzuò.,Amy worked in the yard last Saturday.
1906,约,yuē,to invite; approximately,动、副,动 v.,verb; adverb,4,4,我们乘了约六小时的飞机。,Wǒmen chéng le yuē liùxiǎoshí de fēijī.,We were flying about six hours.,我们约的是今天还是明天？,Wǒmen yuē de shì jīntiān háishì míngtiān?,Is our appointment today or tomorrow?,这里到车站约十分钟路程。,Zhèlǐ dào chēzhàn yuē shífēnzhōng lùchéng.,It is about ten minutes' walk to the station.
1907,约会,yuēhuì,appointment; engagement,动、名,动 v.,verb; noun,4,4,我父母不让我和男生约会。,Wǒ fùmǔ búràng wǒ hé nánshēng yuēhuì.,My parents won't let me date.,你儿子正在和我女儿约会。,Nǐ érzi zhèngzài hé wǒ nǚér yuēhuì.,Your son is dating my daughter.,我向她提出约会的请求。,Wǒ xiàng tā tíchū yuēhuì de qǐngqiú.,I asked her for a date.
1908,月饼,yuèbing,mooncake (esp. for the Mid-Autumn Festival),名,名 n.,noun,4,4,月饼是中国点心的一种。,Yuèbǐng shì zhōngguó diǎnxīn de yìzhǒng.,The mooncake is a kind of Chinese snack.,中秋节要吃月饼。,Zhōngqiūjié yào chī yuèbǐng.,You eat mooncakes during the Mid-Autumn Festival.,在中秋节，家人团聚，一起吃月饼、赏月。,Zài zhōngqiūjié; jiārén tuánjù; yìqǐ chī yuèbǐng; shǎngyuè.,On Mid-Autumn Day; families gather; eat moon cake together; and watch the moon.
1909,阅读,yuèdú,to read; reading,动,动 v.,verb,4,4,他在用伯伯尔语阅读圣经。,Tā zài yòng bóbo ěryǔ yuèdú shèngjīng.,He's reading the Bible in Berber.,灯光太暗了，我没法阅读。,Dēngguāng tàiàn le; wǒ méifǎ yuèdú.,The light is too dim for me to read easily.,我想把阅读灯关了，行吗？,Wǒ xiǎng bǎ yuèdú dēng guān le; xíng ma?,I'd like to turn off the reading lamp; is that OK?
1910,月份,yuèfèn,month,名,名 n.,noun,4,4,所有月份中我最喜欢五月。,Suǒyǒu yuèfèn zhōng wǒ zuì xǐhuān wǔyuè.,I like May the best of all the months.,7月份工业生产大幅增长。,7 Yuèfèn gōngyèshēngchǎn dàfú zēngzhǎng.,Industrial production rose sharply in July.,一月通常是最冷的月份。,Yíyuè tōngcháng shì zuì lěng de yuèfèn.,January is usually the coldest month.
1911,云,yún,cloud,名,名 n.,noun,4,4,那朵云对我来说像一只兔子。,Nà duǒ yún duì wǒ láishuō xiàng yìzhī tùzi.,That cloud looks like a rabbit to me.,云愈来愈多，可能快下雨了。,Yún yùláiyùduō; kěnéng kuài xiàyǔ le.,It's getting cloudy. It may rain soon.,在云的遮蔽下无法见到月亮。,Zài yún de zhēbì xià wúfǎ jiàndào yuèliàng.,The moon is invisible behind the clouds.
1912,允许,yǔnxǔ,to permit; to allow,动,动 v.,verb,4,4,我不允许有人在课上睡觉。,Wǒ bù yǔnxǔ yǒurén zài kè shàng shuìjiào.,I do not allow sleeping in class.,天气允许，我明天就开始。,Tiānqì yǔnxǔ; wǒ míngtiān jiù kāishǐ.,Weather permitting; I'll start tomorrow.,是谁允许你做这样的事的？,Shì shuí yǔnxǔ nǐ zuò zhèyàng de shì de?,Who gave you the right to do such a thing?
1913,杂志,zázhì,magazine,名,名 n.,noun,4,4,这份杂志每个月出刊两次。,Zhèfèn zázhì měigè yuè chūkān liǎngcì.,The magazine is issued twice a month.,她刚刚买了两本娱乐杂志。,Tā gānggāng mǎi le liǎngběn yúlè zázhì.,She just bought two entertainment magazines.,杂志比报纸报导得更深入。,Zázhì bǐ bàozhǐ bàodǎo dé gēng shēnrù.,A magazine can tell more about a story than a newspaper.
1914,再次,zàicì,one more time; once again,副,副 adv.,adverb,4,4,此地为两军再次交战之地。,Cǐdì wèi liǎng jūn zàicì jiāozhàn zhī dì.,That was where the two armies would fight again.,让我们很快地再次见面。,Ràng wǒmen hěnkuài dì zàicì jiànmiàn.,Let's meet again soon.,我很高兴再次见到了她。,Wǒ hěn gāoxìng zàicì jiàndào le tā.,I was happy to see her again.
1915,再说,zàishuō,what's more; to say again,动、连,动 v.,verb; conjunction,4,4,你回来的时候我们再说。,Nǐ huílái de shíhòu wǒmen zàishuō.,We can talk when you get back.,又再说妈妈的坏话了喔？,Yòu zàishuō māmā de huàihuà le ō?,Talking bad about mother again; eh?,抱歉，你能再说一遍吗？,Bàoqiàn; nǐ néng zàishuō yíbiàn ma?,I'm sorry; could you say that again?
1916,暂时,zànshí,temporary; provisional,形,形 adj.,adjective,4,4,他们说情况只是暂时的。,Tāmen shuō qíngkuàng zhǐshì zànshí de.,They said the situation was only temporary.,这个问题暂时放在一边。,Zhège wèntí zànshí fàngzài yìbiān.,That problem has been shelved for the time being.,暂时藏在仓库里好了。,Zànshí cáng zài cāngkù lǐ hǎo le.,Hide it inside the warehouse for now.
1917,暂停,zàntíng,to suspend; time-out,动,动 v.,verb,4,4,比赛因为大雨暂停了。,Bǐsài yīnwèi dàyǔ zàntíng le.,The match was suspended because of heavy rain.,请暂停播放这段视频。,Qǐng zàntíng bōfàng zhè duàn shìpín.,Please pause this video.,系统维护期间服务将暂时暂停。,Xìtǒngwéihù qījiān fúwù jiāng zànshí zàntíng.,Service will be temporarily suspended during system maintenance.
1918,早餐,zǎocān,breakfast,名,名 n.,noun,4,4,麻烦你叫我起床吃早餐啦。,Máfán nǐ jiào wǒ qǐchuáng chī zǎocān la.,Please wake me for breakfast.,我打算八点在房里吃早餐。,Wǒ dǎsuàn bādiǎn zài fánglǐ chī zǎocān.,I'd like breakfast in my room at 8 sharp.,我的早餐总是咖啡和土司。,Wǒ de zǎocān zǒngshì kāfēi hé tǔsī.,I always have coffee and toast for breakfast.
1919,早晨,zǎochen,early morning,名,名 n.,noun,4,4,我每天早晨吃一碗麦片粥。,Wǒ měitiān zǎochén chī yìwǎn màipiànzhōu.,Every morning I eat a bowl of oatmeal.,今天早晨被头给疼醒了。,Jīntiān zǎochén bèi tóu gěi téng xǐng le.,I woke up with a headache this morning.,在早晨，我总是喝一杯咖啡。,Zài zǎochén; wǒ zǒngshì hēyìbēi kāfēi.,I always drink a cup of coffee in the morning.
1920,责任,zérèn,responsibility; blame,名,名 n.,noun,4,4,遵守法律是每个人的责任。,Zūnshǒu fǎlǜ shì měigè rén de zérèn.,To obey the law is everyone's duty.,父母承担教育子女的责任。,Fùmǔ chéngdān jiàoyù zǐnǚ de zérèn.,Parents are responsible for their children's education.,她总是把责任往自己身上揽。,Tā zǒngshì bǎ zérèn wǎng zìjǐ shēnshàng lǎn.,She's always blaming herself.
1921,增加,zēngjiā,to raise; to increase,动,动 v.,verb,4,4,我将增加画龙点睛的功能。,Wǒ jiāng zēngjiā huàlóngdiǎnjīng de gōngnéng.,I'll add the finishing touch.,学生人数一年比一年增加。,Xuéshēng rénshù yìnián bǐ yìnián zēngjiā.,The number of students grows year by year.,近年的游客数量大幅增加。,Jìnnián de yóukè shùliàng dàfú zēngjiā.,The number of tourists has increased greatly in recent years.
1922,增长,zēngzhǎng,to grow; to increase,动,动 v.,verb,4,4,7月份工业生产大幅增长。,7 Yuèfèn gōngyèshēngchǎn dàfú zēngzhǎng.,Industrial production rose sharply in July.,少年犯罪最近一直在增长。,Shàonián fànzuì zuìjìn yìzhí zài zēngzhǎng.,Juvenile crimes have been increasing recently.,缅甸反华情绪正在增长。,Miǎndiān fǎnhuá qíngxù zhèngzài zēngzhǎng.,Anti-Chinese sentiment is on the rise in Myanmar.
1923,招聘,zhāopìn,to recruit; to invite applications for a job,动,动 v.,verb,4,4,公司正在招聘中文教师。,Gōngsī zhèngzài zhāopìn zhōngwén jiàoshī.,The company is recruiting Chinese teachers.,招聘信息已经发布在网上。,Zhāopìn xìnxī yǐjīng fābù zài wǎngshàng.,The recruitment notice has been posted online.,这次招聘包括笔试和面试。,Zhècì zhāopìn bāokuò bǐshì huó miànshì.,This recruitment process includes a written test and an interview.
1924,着,zháo,all right!; trick,动,动 v.,verb,4,4,我昨晚很快就睡着了。,Wǒ zuówǎn hěn kuài jiù shuìzháo le.,I fell asleep quickly last night.,衣服不小心被火烧着了。,Yīfu bù xiǎoxīn bèi huǒ shāozháo le.,The clothing accidentally caught fire.,天气冷，你别着凉。,Tiānqì lěng; nǐ bié zháoliáng.,It is cold; do not catch a chill.
1925,着火,zháohuǒ,to catch fire,动,动 v.,verb,4,4,哦，不！我的房子着火了！,Ó; bù! wǒ de fángzi zháohuǒ le!,Oh; no! My house is on fire!,化学工厂一着火就爆炸了。,Huàxuégōngchǎng yì zháohuǒ jiù bàozhà le.,Once the chemical plant caught fire; it exploded.,至少20户人家着火了。,Zhìshǎo 20 hù rénjiā zháohuǒ le.,At least 20 households caught fire.
1926,者,zhě,-er; -ist,助,助 part.,particle,4,4,我天生是一个乐观主义者。,Wǒ tiānshēng shì yígè lèguānzhǔyì zhě.,I am an optimist by nature.,我父亲总是说天助自助者。,Wǒ fùqīn zǒngshì shuō tiān zhù zìzhù zhě.,My father always said that heaven helps those who help themselves.,社会变态者是冷漠的。,Shèhuì biàntài zhě shì lěngmò de.,A sociopath is cold.
1927,真正,zhēnzhèng,genuine; real,形、副,形 adj.,adjective; adverb,4,4,没有甚么是真正有保证的。,Méiyǒu shénme shì zhēnzhèng yǒu bǎozhèng de.,Nothing is really guaranteed.,可那不是真正的问题所在。,Kě nà búshì zhēnzhèng de wèntísuǒzài.,But that's not the real problem.,你尝过真正饥饿的滋味吗？,Nǐ cháng guò zhēnzhèng jīè de zīwèi ma?,Do you know what it is like to be really hungry?
1928,整,zhěng,exactly; in good order,形,形 adj.,adjective,4,4,那孩子现在又在整什么了？,Nà háizi xiànzài yòu zài zhěng shénme le?,What is the child up to now?,我打算八点整在房里吃早餐。,Wǒ dǎsuàn bādiǎn zhěng zài fánglǐ chī zǎocān.,I'd like breakfast in my room at 8 sharp.,我们彼此同意在十点整见面。,Wǒmen bǐcǐ tóngyì zài shídiǎn zhěng jiànmiàn.,We made an agreement to meet exactly at ten.
1929,整个,zhěnggè,whole; entire,形,形 adj.,adjective,4,4,乌云逐渐布满了整个天空。,Wūyún zhújiàn bùmǎn le zhěnggè tiānkōng.,The sky has gradually clouded over.,我整个下午都在看那本书。,Wǒ zhěnggè xiàwǔ dōu zài kàn nàběnshū.,I've been reading that book all afternoon.,我整个下午都在读这本书。,Wǒ zhěnggè xiàwǔ dōu zàidú zhè běnshū.,I have been reading the book all afternoon.
1930,整理,zhěnglǐ,to arrange; to tidy up,动,动 v.,verb,4,4,肯每天早上自己整理床舖。,Kěn měitiān zǎoshàng zìjǐ zhěnglǐ chuáng pù.,Ken makes his own bed every morning.,我想请你帮我整理花园。,Wǒ xiǎng qǐng nǐ bāng wǒ zhěnglǐ huāyuán.,I would like you to assist me with my gardening.,我一直想整理书桌。,Wǒ yìzhí xiǎng zhěnglǐ shūzhuō.,I keep meaning to organize my desk.
1931,证,zhèng,to admonish; certificate,名,名 n.,noun,4,4,请让我看看您的登机证好吗?,Qǐng ràng wǒ kànkàn nín de dēngjī zhèng hǎo ma?,May I see your boarding pass; please?,这应证了我的想法。,Zhè yīng zhèng le wǒ de xiǎngfǎ.,That thought crossed my mind.,这是不证自明的。,Zhè shì bú zhèng zì míng de.,It's self-evident.
1932,正常,zhèngcháng,regular; normal,形,形 adj.,adjective,4,4,我从来不做梦，这正常吗？,Wǒ cóngláibú zuòmèng; zhè zhèngcháng ma?,I never dream. Is that normal?,今年的天气不太正常。,Jīnnián de tiānqì bú tài zhèngcháng.,This year's weather isn't very typical.,这个男人的体温高于正常体温。,Zhège nánrén de tǐwēn gāoyú zhèngcháng tǐwēn.,The man's body temperature is higher than normal.
1933,正好,zhènghǎo,just right; just enough,形、副,形 adj.,adjective; adverb,4,4,我的想法跟他的正好相反。,Wǒ de xiǎngfǎ gēn tā de zhènghǎo xiāngfǎn.,My idea went against his.,我正好有你需要的东西。,Wǒ zhènghǎo yǒu nǐ xūyào de dōngxī.,I have exactly what you need.,我正好上个星期日有空。,Wǒ zhènghǎo shànggèxīngqī rì yǒukòng.,I happened to be free last Sunday.
1934,证件,zhèngjiàn,document; certificate,名,名 n.,noun,4,4,办理入住时请出示证件。,Bànlǐ rùzhù shí qǐng chūshìzhèngjiàn.,Please show your ID when checking in.,我的证件放在背包里。,Wǒ de zhèngjiàn fàngzài bēibāo lǐ.,My documents are in my backpack.,重要证件最好复印一份。,Zhòngyào zhèngjiàn zuìhǎo fùyìn yífèn.,It is best to photocopy important documents.
1935,证明,zhèngmíng,proof; certificate,动、名,动 v.,verb; noun,4,4,我的预感被证明是正确的。,Wǒ de yùgǎn bèi zhèngmíng shì zhèngquè de.,My premonition turned out to be right.,谣言最后被证明是假的。,Yáoyán zuìhòu bèi zhèngmíng shì jiǎ de.,The rumor turned out to be false.,我不认为我们能证明它。,Wǒ bú rènwéi wǒmen néng zhèngmíng tā.,I don't think that we'll be able to prove it.
1936,正确,zhèngquè,right; correct,形,形 adj.,adjective,4,4,我的预感被证明是正确的。,Wǒ de yùgǎn bèi zhèngmíng shì zhèngquè de.,My premonition turned out to be right.,在我看来，她是正确的。,Zàiwǒkànlái; tā shì zhèngquè de.,In my opinion; she is correct.,这个看法可能是正确的。,Zhège kànfǎ kěnéng shì zhèngquè de.,Maybe this opinion is correct.
1937,正式,zhèngshì,formal; official,形,形 adj.,adjective,4,4,她不是这间公司正式的职员。,Tā búshì zhè jiān gōngsī zhèngshì de zhíyuán.,She's not among the regular employees of this company.,凯萨琳已成为皇室的正式成员。,Kǎi sà lín yǐ chéngwéi huángshì de zhèngshì chéngyuán.,Kate has become a full member of the royal family.,您没必要准备一个正式的演讲。,Nín méi bìyào zhǔnbèi yígè zhèngshì de yǎnjiǎng.,There's no need for you to prepare a formal speech.
1938,之,zhī,of; formal possessive marker,助,助 part.,particle,4,4,这是意料之中的结果。,Zhè shì yìliàozhīzhōng de jiéguǒ.,This is the result we expected.,他们之间有很多共同点。,Tāmen zhījiān yǒu hěnduō gòngtóngdiǎn.,They have many things in common.,这是一年之中最忙的时候。,Zhè shì yìnián zhīzhōng zuì máng de shíhòu.,This is the busiest time of the year.
1939,支持,zhīchí,to support; to back,动,动 v.,verb,4,4,我们提出了请求支持的呼吁。,Wǒmen tíchū le qǐngqiú zhīchí de hūyù.,We made an appeal for support.,我至始至终都在支持你。,Wǒ zhì shǐ zhì zhōng dōu zài zhīchí nǐ.,I have supported you throughout.,他在那个事件期间支持我们。,Tā zài nàge shìjiàn qījiān zhīchí wǒmen.,He backed us up during that incident.
1940,支付,zhīfù,to pay (money),动,动 v.,verb,4,4,我可以用旅行支票支付吗？,Wǒ kěyǐ yòng lǚxíngzhīpiào zhīfù ma?,May I pay with a travelers' check?,我能用信用卡支付吗？,Wǒ néng yòng xìnyòngkǎ zhīfù ma?,May I pay with a credit card?,那些钱足够支付费用。,Nàxiē qián zúgòu zhīfù fèiyòng.,That's enough money to cover the expenses.
1941,之后,zhīhòu,afterwards; behind,名,名 n.,noun,4,4,晚餐之后你才可以看电视。,Wǎncān zhīhòu nǐ cái kěyǐ kàndiànshì.,You can watch TV after supper.,我在三天之后收到了回复。,Wǒ zài sāntiān zhīhòu shōudào le huífù.,The reply came after three days.,之后我再也没跟他说过话。,Zhīhòu wǒ zàiyě méi gēn tā shuō guò huà.,I never spoke to him after that.
1942,之间,zhījiān,among; amid,名,名 n.,noun,4,4,行与行之间要留一个空间。,Xíng yǔ xíng zhījiān yào liú yígè kōngjiān.,Leave a space between the lines.,名古屋在东京和大阪之间。,Mínggǔwū zài dōngjīng hé dàbǎn zhījiān.,Nagoya is between Tokyo and Osaka.,我们的办公室之间有扇门。,Wǒmen de bàngōngshì zhījiān yǒu shànmén.,We have a door between our offices.
1943,之前,zhīqián,beforehand; prior to,名,名 n.,noun,4,4,蕾拉之前在和癌症作鬪争。,Lěi lā zhīqián zài hé áizhèng zuò dòu zhēng.,Layla was battling cancer.,在你忘记之前把它写下来。,Zài nǐ wàngjì zhīqián bǎ tā xiě xiàlái.,Write it down before you forget it.,飞机十分钟之前就起飞了。,Fēijī shífēnzhōng zhīqián jiù qǐfēi le.,The airplane took off ten minutes ago.
1944,知识,zhīshi,knowledge; intellectual,名,名 n.,noun,4,4,我知道很多关于船的知识。,Wǒ zhīdào hěnduō guānyú chuán de zhīshí.,I know a lot about ships.,我相信，知识就是力量。,Wǒ xiāngxìn; zhīshí jiùshì lìliàng.,It's my belief that knowledge is power.,只有学习才能获得知识。,Zhǐyǒu xuéxí cáinéng huòdé zhīshí.,Knowledge can only be obtained by study.
1945,之中,zhīzhōng,inside; among,名,名 n.,noun,4,4,这款游戏之中，人人平等。,Zhè kuǎn yóuxì zhīzhōng; rénrénpíngděng.,In this game; everyone is equal.,万事皆在上帝的掌控之中。,Wànshì jiē zài shàngdì de zhǎngkòng zhīzhōng.,Everything is in the hands of God.,太郎是三人之中最有名的。,Tàiláng shì sān rén zhīzhōng zuì yǒumíng de.,Taro is the most famous of the three.
1946,值,zhí,value; to happen to,动、形,动 v.,verb; adjective,4,4,这本旧书值5万日元。,Zhèběn jiùshū zhí 5 wànrìyuán.,This old book is worth 50;000 yen.,这值100万日元。,Zhè zhí 100 wànrìyuán.,This is worth one million yen.,这幅画值10镑。,Zhè fú huà zhí 10 bàng.,The price of the picture is 10 pounds.
1947,值得,zhídé,to be worth; to deserve,动,动 v.,verb,4,4,这座城堡很值得去看一看。,Zhè zuò chéngbǎo hěn zhíde qù kànyíkàn.,The castle is worth visiting.,他虽然年轻却很值得信赖。,Tā suīrán niánqīng què hěn zhíde xìnlài.,He might be young but he's trustworthy.,罗马这个城市值得一游。,Luómǎ zhège chéngshì zhíde yì yóu.,Rome is a city worth visiting.
1948,直接,zhíjiē,immediate; straightforward,形,形 adj.,adjective,4,4,我直接从他那里得到讯息。,Wǒ zhíjiē cóng tā nàlǐ dédào xùnxī.,I got the information from him directly.,你应该直接拒绝他的要求。,Nǐ yīnggāi zhíjiē jùjué tā de yāoqiú.,You should have refused his request flatly.,直接和我说我要做什么。,Zhíjiē hé wǒ shuō wǒ yào zuò shénme.,Just tell me what I have to do.
1949,植物,zhíwù,plant; vegetation,名,名 n.,noun,4,4,所有的植物都需要阳光和水。,Suǒyǒu de zhíwù dōu xūyào yángguāng hé shuǐ.,All plants need water and light.,这种植物原产于加拿大。,Zhèzhòng zhíwù yuánchǎn yú jiānádà.,This plant is indigenous to Canada.,您吃早餐前给植物浇水。,Nín chī zǎocān qián gěi zhíwù jiāoshuǐ.,Water the plants before eating breakfast.
1950,职业,zhíyè,occupation; professional,名,名 n.,noun,4,4,教书是我自己选择的职业。,Jiāoshū shì wǒ zìjǐ xuǎnzé de zhíyè.,Teaching is a profession of my own choosing.,我的职业正是我的爱好。,Wǒ de zhíyè zhèngshì wǒ de àihào.,My profession is my hobby.,她从事律师职业多年。,Tā cóngshì lǜshī zhíyè duōnián.,She practised as a barrister for many years.
1951,指,zhǐ,finger; to depend on,动,动 v.,verb,4,4,她把她的房间指给我看了。,Tā bǎ tā de fángjiān zhǐ gěi wǒ kàn le.,She showed me her room.,请您给我指一指路好吗？,Qǐng nín gěi wǒ zhǐ yì zhǐlù hǎo ma?,Will you please show me the way?,我不知道你指的是什么。,Wǒ bù zhīdào nǐ zhǐ de shì shénme.,I don't know what you're referring to.
1952,指出,zhǐchū,to indicate; to point out,动,动 v.,verb,4,4,他指出了遵守法律的重要性。,Tā zhǐchū le zūnshǒu fǎlǜ de zhòngyàoxìng.,He pointed out how important it is to observe the law.,老师指出了你的错误。,Lǎoshī zhǐchū le nǐ de cuòwù.,The teacher pointed out your mistakes.,抱歉，请允许我指出上文中的三个错误。,Bàoqiàn; qǐng yǔnxǔ wǒ zhǐchū shàng wénzhōng de sāngè cuòwù.,Excuse me; allow me to point out three errors in the above article.
1953,只好,zhǐhǎo,to have to; to be forced to,副,副 adv.,adverb,4,4,博物馆资金不足，只好关门。,Bówùguǎn zījīnbùzú; zhǐhǎo guānmén.,The museum had to close due to lack of finances.,他没法生火，只好把鱼生吃。,Tā méifǎ shēnghuǒ; zhǐhǎo bǎ yú shēng chī.,As he had no way of making fire; he ate the fish raw.,你只好隐伏几个星期。,Nǐ zhǐhǎo yǐnfú jǐgè xīngqī.,You'd better lie low for a few weeks.
1954,纸巾,zhǐjīn,tissue; paper towel,名,名 n.,noun,4,4,桌上有一盒纸巾。,Zhuōshàng yǒu yìhé zhǐjīn.,There is a box of tissues on the table.,请用纸巾把水擦干。,Qǐng yòng zhǐjīn bǎ shuǐ cāgàn.,Please use a tissue to wipe up the water.,她从包里拿出一张纸巾。,Tā cóng bāo lǐ náchū yìzhāng zhǐjīn.,She took a tissue out of her bag.
1955,质量,zhìliàng,quality; (physics) mass,名,名 n.,noun,4,4,对我来说，质量不如数量。,Duì wǒ láishuō; zhìliàng bùrú shùliàng.,I put quantity after quality.,这地毯在质量上比那个好得多。,Zhè dìtǎn zài zhìliàng shàng bǐ nàge hǎodéduō.,This carpet is superior to that one in quality.,请附上质量证明书。,Qǐng fùshàng zhìliàng zhèngmíngshū.,Please attach a certificate of quality.
1956,至少,zhìshǎo,at least; (to say the) least,副,副 adv.,adverb,4,4,至少告诉我们你要去哪里。,Zhìshǎo gàosù wǒmen nǐ yào qù nǎlǐ.,At least tell me where you're going.,我们每天至少该睡八小时。,Wǒmen měitiān zhìshǎo gāi shuì bāxiǎoshí.,We must sleep at least eight hours a day.,我每周至少去图书馆一次。,Wǒ měizhōu zhìshǎo qù túshūguǎn yícì.,I go to the library at least once a week.
1957,中餐,zhōngcān,lunch; Chinese meal,名,名 n.,noun,4,4,我以前从来没有尝过中餐。,Wǒ yǐqián cónglái méiyǒu cháng guò zhōngcān.,I've never eaten Chinese food before.,中餐常有米饭或面条。,Zhōngcān chángyǒu mǐfàn huò miàntiáo.,There's often rice or pasta for lunch.,法国有正宗的中餐吗？,Fǎguó yǒu zhèngzōng de zhōngcān ma?,Are there authentic Chinese restaurants in France?
1958,中年,zhōngnián,middle age,名,名 n.,noun,4,4,他是一位中年教师。,Tā shì yíwèi zhōngnián jiàoshī.,He is a middle-aged teacher.,进入中年后，她更重视健康。,Jìnrù zhōngnián hòu; tā gèng zhòngshì jiànkāng.,After entering middle age; she paid more attention to her health.,这部电影讲述了一个中年人的故事。,Zhèbù diànyǐng jiǎngshù le yígè zhōngniánrén de gùshì.,This film tells the story of a middle-aged person.
1959,种,zhòng,seed; species,动,动 v.,verb,4,4,爷爷在院子里种了几棵树。,Yéye zài yuànzi lǐ zhòng le jǐ kē shù.,Grandpa planted several trees in the yard.,春天适合种花。,Chūntiān shìhé zhòng huā.,Spring is a good time to plant flowers.,他们在这里种水稻。,Tāmen zài zhèlǐ zhòng shuǐdào.,They grow rice here.
1960,重,zhòng,to repeat; repetition,名、形,名 n.,noun; adjective,4,4,哪个比较重，铅还是黄金？,Nǎge bǐjiào zhòng; qiān háishì huángjīn?,Which is heavier; lead or gold?,一碗饭大约重一百八十克。,Yìwǎn fàn dàyuē zhòng yìbǎibāshí kè.,A bowl of rice is about 180 grams.,大象比河马重，不是吗 ?,Dàxiàng bǐ hémǎ zhòng; búshì ma?,Elephants are heavier than hippos; aren't they?
1961,重点,zhòngdiǎn,to recount; to re-evaluate,名、副,名 n.,noun; adverb,4,4,我没有抓到他演讲的重点。,Wǒ méiyǒu zhuā dào tā yǎnjiǎng de zhòngdiǎn.,I didn't get the point of his speech.,我不能抓到他演讲的重点。,Wǒ bùnéng zhuā dào tā yǎnjiǎng de zhòngdiǎn.,I couldn't get the point of his speech.,喔！你提到一个重点了。,Ō! nǐ tídào yígè zhòngdiǎn le.,You have a point there.
1962,重视,zhòngshì,to value; to attach importance to something,动,动 v.,verb,4,4,你对这件事太过重视了。,Nǐ duì zhèjiàn shì tài guò zhòngshì le.,You make too much of the event.,父母很重视孩子的教育。,Fùmǔ hěn zhòngshì háizi de jiàoyù.,The parents value their children's education.,他很重视老师的建议。,Tā hěn zhòngshì lǎoshī de jiànyì.,He valued the professor's advice.
1963,周围,zhōuwéi,environs; surroundings,名,名 n.,noun,4,4,他可能在公园周围慢跑。,Tā kěnéng zài gōngyuán zhōuwéi mànpǎo.,He may be jogging around the park.,这栋房子的周围有篱笆。,Zhèdòng fángzi de zhōuwéi yǒu líbā.,There is a fence around the house.,他住在公园周围的某个地方。,Tā zhù zài gōngyuán zhōuwéi de mǒugè dìfāng.,He lives somewhere around the park.
1964,主意,zhǔyi,plan; idea,名,名 n.,noun,4,4,我说服他放弃了这个主意。,Wǒ shuōfú tā fàngqì le zhège zhǔyì.,I talked him out of the idea.,她告诉我她喜欢我的主意。,Tā gàosù wǒ tā xǐhuān wǒ de zhǔyì.,She told me she liked my idea.,这样的话，我会改变主意。,Zhèyàngdehuà; wǒhuì gǎibiàn zhǔyì.,In that case; I'll change my mind.
1965,祝,zhù,to pray for; to wish,动,动 v.,verb,4,4,祝今晚首演顺利，成功！,Zhù jīnwǎn shǒuyǎn shùnlì; chénggōng!,Good luck with tonight's performance!,祝大家七月四日快乐！,Zhù dàjiā qīyuè sìrì kuàilè!,Happy 4th of July!,祝你一路上玩得愉快。,Zhù nǐ yílùshàng wán dé yúkuài.,Have a pleasant trip.
1966,祝贺,zhùhè,to congratulate; congratulations,动,动 v.,verb,4,4,衷心祝贺你的生日，穆里尔！,Zhōngxīn zhùhè nǐ de shēngrì; mù lǐěr!,Congratulations for your birthday; Muriel!,他们祝贺我们的胜利。,Tāmen zhùhè wǒmen de shènglì.,They congratulated us on our victory.,我为你的订婚祝贺。,Wǒ wèi nǐ de dìnghūn zhùhè.,I congratulate you on your engagement.
1967,著名,zhùmíng,famous; noted,形,形 adj.,adjective,4,4,著名的钢琴家露出了微笑。,Zhùmíng de gāngqínjiā lùchū le wēixiào.,The famous pianist smiled.,他是一位著名的棒球选手。,Tā shì yíwèi zhùmíng de bàngqiú xuǎnshǒu.,He is a famous baseball player.,轻井泽是著名的避暑胜地。,Qīng jǐng zé shì zhùmíng de bìshǔshèngdì.,Karuizawa is famous as a summer resort.
1968,专门,zhuānmén,specialist; specialized,副、形,副 adv.,adverb; adjective,4,4,这张书桌是专门为儿童设计的。,Zhè zhāng shūzhuō shì zhuānmén wèi értóng shèjì de.,This desk is designed for children.,这家出版社专门出版儿童文学。,Zhèjiā chūbǎnshè zhuānmén chūbǎn értóngwénxué.,This publisher specializes in children's literature.,这是一家专门为学生提供服务的商店。,Zhè shì yìjiā zhuānmén wèi xuéshēng tígōng fúwù de shāngdiàn.,This is a store that caters specially to students.
1969,专业,zhuānyè,specialty; specialized field,名、形,名 n.,noun; adjective,4,4,他的专业是经济学。,Tā de zhuānyè shì jīngjìxué.,He is majoring in economics.,我的专业是宗教学。,Wǒ de zhuānyè shì zōngjiàoxué.,My major is comparative religion.,你的专业是什么？,Nǐ de zhuānyè shì shénme?,What's your major?
1970,转,zhuǎn,to turn; to change direction,动,动 v.,verb,4,4,就算这样地球也照样转！,Jiùsuàn zhèyàng dìqiú yě zhàoyàng zhuǎn!,Even so; the Earth moves!,行星围着固定不动的恒星转。,Xíngxīng wéizhe gùdìngbúdòng de héngxīng zhuǎn.,Planets move around a fixed star.,你可以转小声一点吗?,Nǐ kěyǐ zhuǎn xiǎoshēng yìdiǎn ma?,Could you turn it down?
1971,转发,zhuǎnfā,to forward; repost,动,动 v.,verb,4,4,请把这条消息转发给同事。,Qǐng bǎ zhè tiáo xiāoxī zhuǎnfāgěi tóngshì.,Please forward this message to your colleagues.,他把照片转发到了群里。,Tā bǎ zhàopiān zhuǎnfā dào le qún lǐ.,He forwarded the photo to the group chat.,未经同意不要随便转发文章。,Wèijīng tóngyì búyào suíbiàn zhuǎnfā wénzhāng.,Do not forward articles without permission.
1972,转机,zhuǎnjī,to transfer; change planes,动,动 v.,verb,4,4,我们需要在上海转机。,Wǒmen xūyào zài shànghǎi zhuǎnjī.,We need to transfer flights in Shanghai.,转机时间只有两个小时。,Zhuǎnjī shíjiān zhǐyǒu liǎnggè xiǎoshí.,The layover is only two hours.,到北京以后再转机去哈尔滨。,Dào běijīng yǐhòu zài zhuǎnjī qù hāěrbīn.,After reaching Beijing; transfer to a flight to Harbin.
1973,赚,zhuàn,to earn; to cheat,动,动 v.,verb,4,4,他把赚到的钱都存了起来。,Tā bǎ zhuàn dào de qián dōu cún le qǐlái.,He saves what he earns.,蕾拉脱了衣服，赚到了钱。,Lěi lā tuō le yīfú; zhuàn dào le qián.,Layla stripped and made money.,他赚的薪水是我的两倍。,Tā zhuàn de xīnshuǐ shì wǒ de liǎngbèi.,He earns twice as much as me.
1974,装,zhuāng,adornment; to adorn,动,动 v.,verb,4,4,这个玩具汽车是装电池的。,Zhège wánjù qìchē shì zhuāng diànchí de.,This toy car runs on batteries.,我们往车里装了很多行李。,Wǒmen wǎng chēlǐ zhuāng le hěnduō xínglǐ.,We loaded a lot of luggage into the car.,这个瓶子可以装两升热水。,Zhège píngzi kěyǐ zhuāng liǎng shēng rèshuǐ.,This bottle is able to contain two liters of hot water.
1975,准,zhǔn,to allow; to grant,形、（副）,形 adj.,adjective; adverb,4,4（5）,没有人能猜得准她的年龄。,Méiyǒu rén néng cāi dé zhǔn tā de niánlíng.,Nobody can guess her age.,你的手表准不准？,Nǐ de shǒubiǎo zhǔn bùzhǔn?,Is your watch correct?,无人准翻译此句。,Wúrén zhǔn fānyì cǐ jù.,No one is allowed to translate this sentence.
1976,准确,zhǔnquè,accurate; exact,形,形 adj.,adjective,4,4,一个时钟最重要的是准确。,Yígè shízhōng zuì zhòngyào de shì zhǔnquè.,A clock must be above all correct.,这个数据一点也不准确。,Zhège shùjù yìdiǎn yě bù zhǔnquè.,This data isn't accurate at all.,不要把精确和准确搞错。,Búyào bǎ jīngquè hé zhǔnquè gǎocuò.,Let's not mistake precision for accuracy.
1977,准时,zhǔnshí,on time; punctual,形,形 adj.,adjective,4,4,我想准时到，就会准时到。,Wǒ xiǎng zhǔnshí dào; jiù huì zhǔnshí dào.,I arrive precisely when I mean to.,你可以放心，他会准时的。,Nǐ kěyǐ fàngxīn; tā huì zhǔnshí de.,You can rely upon his being punctual.,这班火车会准时出发吗？,Zhè bān huǒchē huì zhǔnshí chūfā ma?,Will the train leave on time?
1978,资料,zīliào,material; resources,名,名 n.,noun,4,4,不要把这些资料泄露出去。,Búyào bǎ zhèxiē zīliào xièlòu chūqù.,Keep this information under your hat.,我保证这些资料是无误的。,Wǒ bǎozhèng zhèxiē zīliào shì wúwù de.,I guarantee that this information is correct.,关于这种方言的资料很少。,Guānyú zhèzhǒng fāngyán de zīliào hěnshǎo.,There is little information about this dialect.
1979,仔细,zǐxì,to be careful; attentive,形,形 adj.,adjective,4,4,我仔细地考虑了这个问题。,Wǒ zǐxì dì kǎolǜ le zhège wèntí.,I gave careful consideration to the problem.,我试著仔细地听他说话。,Wǒ shì zhù zǐxì dì tīng tā shuōhuà.,I tried to listen to him carefully.,她仔细考虑了他的提议。,Tā zǐxì kǎolǜ le tā de tíyì.,She considered his offer carefully.
1980,自,zì,self; oneself,介,介 prep.,preposition,4,4,有他在身边我感觉很自在。,Yǒu tā zài shēnbiān wǒ gǎnjué hěn zì zài.,I feel at ease around him.,他自以为自己是个艺术家。,Tā zì yǐwéi zìjǐ shì gè yìshùjiā.,He fancies himself as an artist.,这个词源自于希腊语。,Zhège cíyuán zì yú xīlàyǔ.,The word comes from Greek.
1981,自然,zìrán,nature; naturally,名、形、副,名 n.,noun; adjective; adverb,4,4,自然中没有什么是无用的。,Zìrán zhōng méiyǒu shénme shì wúyòng de.,Nothing in nature is useless.,酸雨不是自然的天气现象。,Suānyǔ búshì zìrán de tiānqìxiànxiàng.,Acid rain is not a natural phenomenon.,这场森林大火是自然引起的。,Zhèchǎng sēnlín dàhuǒ shì zìrán yǐnqǐ de.,This forest fire was naturally caused.
1982,自习,zìxí,to study by oneself; self-study,动,动 v.,verb,4,4,晚饭后我去教室自习。,Wǎnfàn hòu wǒ qù jiàoshì zìxí.,After dinner; I go to the classroom for self-study.,图书馆是自习的好地方。,Túshūguǎn shì zìxí de hǎo dìfāng.,The library is a good place for self-study.,学生们正在安静地自习。,Xuéshēng men zhèngzài ānjìng dì zìxí.,The students are studying quietly on their own.
1983,自信,zìxìn,self-confidence; to have confidence in oneself,动、名、形,动 v.,verb; noun; adjective,4,4,自信是伟大事业的第一要素。,Zìxìn shì wěidàshìyè de dìyī yàosù.,Self-confidence is the principal element of any great endeavor.,要想成功只需要无知和自信。,Yào xiǎng chénggōng zhǐ xūyào wúzhī hé zìxìn.,All you need is ignorance and confidence and the success is sure.,我相当有自信我能做到这一点。,Wǒ xiāngdāng yǒu zìxìn wǒ néng zuòdào zhè yìdiǎn.,I'm fairly confident I can do that.
1984,自学,zìxué,self-study; to study on own,动,动 v.,verb,4,4,我自学了半个学期的德文。,Wǒ zìxué le bàngè xuéqī de déwén.,I have self-studied half a semester's worth of German.,语言一定要自学才会学得好。,Yǔyán yídìng yào zìxué cái huì xué dé hǎo.,If you want to learn a language well; learn it yourself.,我是自学这门语言的。,Wǒ shì zìxué zhè mén yǔyán de.,I learn the language by myself.
1985,总结,zǒngjié,to sum up; to conclude,动、名,动 v.,verb; noun,4,4,请用两句话总结这篇文章。,Qǐng yòng liǎngjùhuà zǒngjié zhè piānwénzhāng.,Please summarize this article in two sentences.,会议结束前，负责人做了总结。,Huìyì jiéshù qián; fùzérén zuò le zǒngjié.,Before the meeting ended; the person in charge gave a summary.,我们每周都总结学习情况。,Wǒmen měizhōu dōu zǒngjié xuéxí qíngkuàng.,We review our learning progress every week.
1986,租,zū,to hire; to rent out,动,动 v.,verb,4,4,我租了一间有车库的房子。,Wǒ zū le yìjiān yǒu chēkù de fángzi.,I rented a house with a garage.,去度假的时候我要租辆车。,Qù dùjià de shíhòu wǒ yào zū liàngchē.,When I go on vacation; I'll rent a car.,我在东京租不起这样的房子。,Wǒ zài dōngjīng zū bù qǐ zhèyàng de fángzi.,I can't afford to rent a house like this in Tokyo.
1987,组,zǔ,to form; to organize,名、（动、量）,名 n.,noun; verb; measure word,4,4（5）,老师把全班分成四组。,Lǎoshī bǎ quánbān fēnchéng sìzǔ.,The teacher divided the class into four groups.,我们组负责准备报告。,Wǒmen zǔ fùzé zhǔnbèi bàogào.,Our group is responsible for preparing the report.,他们组建了一支新的服务队。,Tāmen zǔjiàn le yìzhī xīn de fúwùduì.,They organized a new service team.
1988,最终,zuìzhōng,final; ultimate,名,名 n.,noun,4,4,他最终同意了我们的计划。,Tā zuìzhōng tóngyì le wǒmen de jìhuà.,He finally agreed to our plan.,我们最终都会获得幸福的。,Wǒmen zuìzhōng dū huì huòdé xìngfú de.,We will become happy in the long run.,他最终发现他弟弟不见了。,Tā zuìzhōng fāxiàn tā dìdi bújiàn le.,He finally realised his brother is missing.
1989,尊重,zūnzhòng,to esteem; to respect,动、形,动 v.,verb; adjective,4,4,我们必须尊重别人的私隐。,Wǒmen bìxū zūnzhòng biérén de sīyǐn.,We must respect other people's privacy.,英国人很尊重法序和秩序。,Yīngguórén hěn zūnzhòng fǎ xù hé zhìxù.,The British have a lot of respect for law and order.,他总是很尊重妻子的意见。,Tā zǒngshì hěn zūnzhòng qīzǐ de yìjiàn.,He is always very respectful of his wife's opinions.
1990,左右,zuǒyòu,left and right; nearby,名、（动）,名 n.,noun; verb,4,4（7-9）,他六点左右要给我打电话。,Tā liùdiǎn zuǒyòu yào gěi wǒ dǎdiànhuà.,He will call for me about six.,一个人只能活七十岁左右。,Yígè rén zhǐnéng huó qīshísuì zuǒyòu.,Humans only live about 70 years.,我七点左右来就可以了吧？,Wǒ qīdiǎn zuǒyòu lái jiù kěyǐ le ba?,Would it suffice if I came around 7?
1991,座,zuò,seat; base,名、量,名 n.,noun; measure word,4,4,这座城市成为了一片废墟。,Zhè zuò chéngshì chéngwéi le yípiàn fèixū.,The city fell into ruins.,我在这座小镇感到很孤独。,Wǒ zài zhè zuò xiǎozhèn gǎndào hěn gūdú.,I feel lonely in this town.,这座城堡很值得去看一看。,Zhè zuò chéngbǎo hěn zhíde qù kànyíkàn.,The castle is worth visiting.
1992,做法,zuòfǎ,method for making; work method,名,名 n.,noun,4,4,我的做法是要行动不要空话。,Wǒ de zuòfǎ shì yào xíngdòng búyào kōnghuà.,My way is action not words.,请问鸡蛋要什么做法？,Qǐngwèn jīdàn yào shénme zuòfǎ?,How would you like your eggs?,你见过灌肠的做法吗？,Nǐ jiàn guò guàncháng de zuòfǎ ma?,Have you ever seen sausage being made?
1993,作家,zuòjiā,author,名,名 n.,noun,4,4,我认为他是位伟大的作家。,Wǒ rènwéi tā shì wèi wěidà de zuòjiā.,I think he's a great writer.,他是一个医生和一个作家。,Tā shì yígè yīshēng hé yígè zuòjiā.,He is a doctor and an author.,他是非常有想像力的作家。,Tā shì fēicháng yǒu xiǎngxiànglì de zuòjiā.,He is a very imaginative writer.
1994,做梦,zuòmèng,to dream; fig. illusion,动,动 v.,verb,4,4,我从来不做梦，这正常吗？,Wǒ cóngláibú zuòmèng; zhè zhèngcháng ma?,I never dream. Is that normal?,我们为什么会做梦呀？,Wǒmen wèishénme huì zuòmèng ya?,Why do we dream?,死亡就如同做梦一样。,Sǐwáng jiù rútóng zuòmèng yíyàng.,Death is like dreaming.
1995,作品,zuòpǐn,work; opus,名,名 n.,noun,4,4,莎士比亚的作品太难读了。,Shāshìbǐyà de zuòpǐn tài nándú le.,Shakespeare is too hard to read.,我有莎士比亚的作品全集。,Wǒ yǒu shāshìbǐyà de zuòpǐn quánjí.,I have the complete works of Shakespeare.,我读过许多现代作家的作品。,Wǒ dú guò xǔduō xiàndài zuòjiā de zuòpǐn.,I have read many modern authors.
1996,作为,zuòwéi,as; to act as,动、介,动 v.,verb; preposition,4,4,作为老师，他很关心学生。,Zuòwéi lǎoshī; tā hěn guānxīn xuéshēng.,As a teacher; he cares deeply about his students.,她把这本书作为生日礼物送给我。,Tā bǎ zhè běnshū zuòwéi shēngrìlǐwù sònggěi wǒ.,She gave me this book as a birthday present.,这个房间可以作为教室使用。,Zhège fángjiān kěyǐ zuòwéi jiàoshì shǐyòng.,This room can be used as a classroom.
1997,座位,zuòwèi,seat,名,名 n.,noun,4,4,对不起，我找不到座位了。,Duìbùqǐ; wǒ zhǎo búdào zuòwèi le.,Sorry; I couldn't find my seat.,请回到你们各自的座位。,Qǐnghuídào nǐmen gèzì de zuòwèi.,Go to your respective seats.,你可以帮我保留这个座位吗?,Nǐ kěyǐ bāng wǒ bǎoliú zhège zuòwèi ma?,Can you save this seat for me?
1998,作文,zuòwén,to write an essay; composition (student essay),动、名,动 v.,verb; noun,4,4,我们什么时候需要交作文？,Wǒmen shénme shíhòu xūyào jiāo zuòwén?,When have we got to hand in our essays?,他的作文有很多文法错误。,Tā de zuòwén yǒu hěnduō wénfǎ cuòwù.,He made many grammatical mistakes in his composition.,你什么时候需要交作文？,Nǐ shénme shíhòu xūyào jiāo zuòwén?,When have you got to hand in your essay?
1999,作用,zuòyòng,to act on; to affect,名、（动）,名 n.,noun; verb,4,4（6）,他的忠告没起到太大的作用。,Tā de zhōnggào méi qǐdào tài dà de zuòyòng.,His advice didn't help much.,我好奇耳垂有什么作用。,Wǒ hàoqí ěrchuí yǒu shénme zuòyòng.,I wonder what ear lobes are for.,这是个作用强烈的药。,Zhè shì gè zuòyòng qiángliè de yào.,This medicine has a strong effect.
2000,作者,zuòzhě,author; writer,名,名 n.,noun,4,4,那本小说的作者是谁呢？,Nà běn xiǎoshuō de zuòzhě shì shuí ne?,Who is the author of the novel?,我对这位作者的名字很熟悉。,Wǒ duì zhèwèi zuòzhě de míngzì hěn shúxī.,I am familiar with the author's name.,这本小说的作者是谁？,Zhèběn xiǎoshuō de zuòzhě shì shuí?,Who is the author of this story?
